v -0.996604 -1.418120 0.890124
v -0.996440 -1.420475 1.203481
v -1.455449 -1.421965 1.203723
v -1.455614 -1.419609 0.890366
v -0.995755 -1.394805 0.888339
v -0.995595 -1.394805 1.201705
v -1.454609 -1.394805 1.201955
v -1.454768 -1.394805 0.888588
v -1.020582 -1.409419 0.913841
v -1.430031 -1.410748 0.914058
v -1.429894 -1.412711 1.175297
v -1.020445 -1.411382 1.175081
v -1.430681 -1.430279 1.176950
v -1.430818 -1.428316 0.915711
v -1.021370 -1.426987 0.915495
v -1.021232 -1.428950 1.176733
v 1.431794 -1.418120 0.890124
v 1.431958 -1.420475 1.203481
v 0.972948 -1.421965 1.203723
v 0.972784 -1.419609 0.890366
v 1.432643 -1.394805 0.888339
v 1.432803 -1.394805 1.201705
v 0.973789 -1.394805 1.201955
v 0.973630 -1.394805 0.888588
v 1.407815 -1.409419 0.913841
v 0.998367 -1.410748 0.914058
v 0.998504 -1.412711 1.175297
v 1.407952 -1.411382 1.175081
v 0.997717 -1.430279 1.176950
v 0.997580 -1.428316 0.915711
v 1.407028 -1.426987 0.915495
v 1.407165 -1.428950 1.176733
v 0.666440 -2.069324 3.560203
v 0.666459 -2.069323 3.769008
v 0.368430 -2.069325 3.769008
v 0.368411 -2.069326 3.560202
v 0.666959 -2.059225 3.559088
v 0.666971 -2.058203 3.767909
v 0.368938 -2.057559 3.767918
v 0.368925 -2.058581 3.559098
v 0.650852 -2.065441 3.576027
v 0.385002 -2.065443 3.576027
v 0.385018 -2.065443 3.750104
v 0.650867 -2.065441 3.750104
v 0.384531 -2.073051 3.751148
v 0.384516 -2.073052 3.577072
v 0.650365 -2.073050 3.577071
v 0.650381 -2.073050 3.751148
v -0.341274 -2.069324 3.560131
v -0.341155 -2.069325 3.768937
v -0.639184 -2.069325 3.769080
v -0.639304 -2.069324 3.560274
v -0.340756 -2.059225 3.559017
v -0.340643 -2.058204 3.767837
v -0.638677 -2.057559 3.767989
v -0.638789 -2.058579 3.559170
v -0.356855 -2.065442 3.575963
v -0.622704 -2.065442 3.576092
v -0.622605 -2.065442 3.750168
v -0.356756 -2.065442 3.750041
v -0.623091 -2.073051 3.751213
v -0.623190 -2.073051 3.577136
v -0.357341 -2.073051 3.577008
v -0.357242 -2.073051 3.751085
v -0.933893 -1.916661 3.041152
v -0.933893 -1.916252 2.324965
v -0.933893 -1.608980 2.325113
v -0.933893 -1.609389 3.041299
v -0.910682 -1.917019 3.039944
v -0.910682 -1.609746 3.040092
v -0.910682 -1.609746 2.323906
v -0.910682 -1.917019 2.323759
v -0.892365 -1.590949 2.304119
v -0.892365 -1.591381 3.059830
v -0.892365 -1.935847 3.059665
v -0.892364 -1.935415 2.303954
v -0.933893 -1.590356 2.305393
v -0.933893 -1.590788 3.061103
v -0.933893 -1.935254 3.060938
v -0.933893 -1.934822 2.305227
v 0.911248 -1.610134 3.041152
v 0.911248 -1.610544 2.324965
v 0.911248 -1.917816 2.325113
v 0.911248 -1.917407 3.041299
v 0.888036 -1.609777 3.039944
v 0.888036 -1.917050 3.040092
v 0.888036 -1.917049 2.323906
v 0.888036 -1.609777 2.323759
v 0.869719 -1.935847 2.304120
v 0.869719 -1.935415 3.059830
v 0.869719 -1.590949 3.059665
v 0.869719 -1.591381 2.303954
v 0.911248 -1.936440 2.305393
v 0.911248 -1.936008 3.061103
v 0.911248 -1.591542 3.060939
v 0.911248 -1.591974 2.305228
v 1.721523 -0.805748 3.041152
v 1.721523 -0.806158 2.324965
v 1.721523 -1.113430 2.325113
v 1.721523 -1.113021 3.041299
v 1.698312 -0.805391 3.039944
v 1.698312 -1.112663 3.040092
v 1.698312 -1.112663 2.323906
v 1.698312 -0.805391 2.323759
v 1.679995 -1.131461 2.304120
v 1.679995 -1.131029 3.059830
v 1.679995 -0.786563 3.059665
v 1.679995 -0.786995 2.303954
v 1.721523 -1.132054 2.305393
v 1.721523 -1.131622 3.061103
v 1.721523 -0.787156 3.060938
v 1.721523 -0.787588 2.305227
v 1.721523 -0.239617 3.041152
v 1.721523 -0.240027 2.324965
v 1.721523 -0.547299 2.325113
v 1.721523 -0.546889 3.041299
v 1.698312 -0.239260 3.039944
v 1.698312 -0.546532 3.040092
v 1.698312 -0.546532 2.323906
v 1.698312 -0.239260 2.323759
v 1.679995 -0.565330 2.304120
v 1.679995 -0.564898 3.059830
v 1.679995 -0.220432 3.059665
v 1.679995 -0.220863 2.303954
v 1.721523 -0.565922 2.305393
v 1.721523 -0.565491 3.061103
v 1.721523 -0.221024 3.060938
v 1.721523 -0.221456 2.305227
v -1.715862 -1.112275 3.041152
v -1.715862 -1.111866 2.324965
v -1.715862 -0.804594 2.325113
v -1.715862 -0.805003 3.041299
v -1.692650 -1.112632 3.039944
v -1.692650 -0.805360 3.040092
v -1.692650 -0.805360 2.323906
v -1.692650 -1.112632 2.323759
v -1.674333 -0.786563 2.304119
v -1.674333 -0.786995 3.059830
v -1.674333 -1.131461 3.059665
v -1.674333 -1.131029 2.303954
v -1.715862 -0.785970 2.305393
v -1.715862 -0.786402 3.061103
v -1.715862 -1.130868 3.060938
v -1.715862 -1.130436 2.305227
v -1.715862 -0.546144 3.041152
v -1.715862 -0.545735 2.324965
v -1.715862 -0.238462 2.325113
v -1.715862 -0.238872 3.041299
v -1.692650 -0.546501 3.039944
v -1.692650 -0.239229 3.040092
v -1.692650 -0.239229 2.323906
v -1.692650 -0.546501 2.323759
v -1.674333 -0.220431 2.304119
v -1.674333 -0.220863 3.059830
v -1.674333 -0.565330 3.059665
v -1.674333 -0.564898 2.303954
v -1.715862 -0.219839 2.305393
v -1.715862 -0.220271 3.061103
v -1.715862 -0.564737 3.060938
v -1.715862 -0.564305 2.305227
v 1.448550 -1.388921 3.041152
v 1.448141 -1.388921 2.324965
v 1.140869 -1.388921 2.325113
v 1.141278 -1.388921 3.041299
v 1.448907 -1.365709 3.039944
v 1.141635 -1.365709 3.040092
v 1.141635 -1.365709 2.323906
v 1.448907 -1.365709 2.323759
v 1.122838 -1.347392 2.304119
v 1.123270 -1.347392 3.059830
v 1.467736 -1.347392 3.059665
v 1.467304 -1.347392 2.303954
v 1.122245 -1.388921 2.305393
v 1.122677 -1.388921 3.061103
v 1.467143 -1.388921 3.060938
v 1.466711 -1.388921 2.305227
v -1.169807 -1.388921 3.041152
v -1.170216 -1.388921 2.324965
v -1.477488 -1.388921 2.325113
v -1.477079 -1.388921 3.041299
v -1.169450 -1.365710 3.039945
v -1.476722 -1.365709 3.040092
v -1.476722 -1.365709 2.323906
v -1.169450 -1.365709 2.323759
v -1.495519 -1.347392 2.304120
v -1.495087 -1.347392 3.059830
v -1.150621 -1.347392 3.059665
v -1.151053 -1.347392 2.303954
v -1.496112 -1.388921 2.305393
v -1.495680 -1.388921 3.061103
v -1.151214 -1.388921 3.060938
v -1.151646 -1.388921 2.305227
v -0.320610 -2.099921 3.041152
v -0.321019 -2.099921 2.324965
v -0.628291 -2.099921 2.325113
v -0.627882 -2.099921 3.041299
v -0.320253 -2.076709 3.039944
v -0.627525 -2.076709 3.040092
v -0.627525 -2.076709 2.323906
v -0.320253 -2.076709 2.323759
v -0.646322 -2.058392 2.304120
v -0.645890 -2.058392 3.059830
v -0.301424 -2.058392 3.059665
v -0.301856 -2.058392 2.303954
v -0.646915 -2.099921 2.305393
v -0.646483 -2.099921 3.061103
v -0.302017 -2.099921 3.060938
v -0.302449 -2.099921 2.305227
v 0.670120 -2.099921 3.041152
v 0.669710 -2.099921 2.324965
v 0.362438 -2.099921 2.325113
v 0.362848 -2.099921 3.041299
v 0.670477 -2.076709 3.039944
v 0.363205 -2.076709 3.040092
v 0.363205 -2.076709 2.323906
v 0.670477 -2.076709 2.323759
v 0.344407 -2.058392 2.304119
v 0.344839 -2.058392 3.059830
v 0.689305 -2.058392 3.059665
v 0.688874 -2.058392 2.303954
v 0.343814 -2.099921 2.305393
v 0.344246 -2.099921 3.061103
v 0.688713 -2.099921 3.060938
v 0.688281 -2.099921 2.305227
v 0.174755 -2.099921 3.041152
v 0.174346 -2.099921 2.324965
v -0.132927 -2.099921 2.325113
v -0.132517 -2.099921 3.041299
v 0.175112 -2.076709 3.039945
v -0.132160 -2.076709 3.040092
v -0.132160 -2.076709 2.323906
v 0.175112 -2.076709 2.323759
v -0.150957 -2.058392 2.304120
v -0.150526 -2.058392 3.059830
v 0.193941 -2.058392 3.059665
v 0.193509 -2.058392 2.303954
v -0.151550 -2.099921 2.305393
v -0.151118 -2.099921 3.061103
v 0.193348 -2.099921 3.060938
v 0.192916 -2.099921 2.305227
v 0.390016 0.535478 4.185448
v 0.731639 0.535478 4.185448
v 0.731639 0.193855 4.185449
v 0.390016 0.193855 4.185449
v 0.390016 0.535478 4.135449
v 0.731639 0.535478 4.135449
v 0.731639 0.193855 4.135450
v 0.390016 0.193855 4.135450
v 0.354293 0.571202 4.209376
v 0.354292 0.158131 4.209376
v 0.767362 0.158131 4.209376
v 0.767363 0.571201 4.209376
v 0.767363 0.571201 4.254289
v 0.354293 0.571202 4.254289
v 0.767362 0.158131 4.254289
v 0.354292 0.158131 4.254288
v 0.415789 0.509705 4.254289
v 0.415789 0.219628 4.254288
v 0.705866 0.219628 4.254288
v 0.705866 0.509705 4.254289
v 0.705866 0.509705 4.185448
v 0.415789 0.509705 4.185449
v 0.705866 0.219628 4.185449
v 0.415789 0.219628 4.185449
v -0.208603 -1.047292 0.662347
v -0.218987 -1.047292 0.662347
v -0.218987 -1.069092 0.660183
v -0.208603 -1.047292 0.645184
v -0.218987 -1.047292 0.645184
v -0.218987 -1.069092 0.647348
v -0.208603 -1.069092 0.660183
v -0.208603 -1.069092 0.647348
v -0.210924 -1.079513 0.660183
v -0.210924 -1.079513 0.647348
v -0.161017 -1.083163 0.660183
v -0.161017 -1.083163 0.647348
v -0.161096 -1.072142 0.647348
v -0.161096 -1.072141 0.660183
v -0.114100 -1.077332 0.660183
v -0.119634 -1.069993 0.660183
v -0.119634 -1.069993 0.647348
v -0.114100 -1.077332 0.647348
v -0.111175 -1.071365 0.653765
v -0.198553 -1.036809 0.667182
v -0.198553 -1.036809 0.640348
v -0.223479 -1.036809 0.667182
v -0.223479 -1.036809 0.640348
v 1.140763 1.443799 0.404894
v 1.150703 1.445374 0.404894
v 1.154096 1.429612 0.404894
v 1.138011 1.429612 0.404894
v 1.140763 1.443799 0.792348
v 1.150703 1.445374 0.792348
v 1.154096 1.429612 0.792348
v 1.138011 1.429612 0.792348
v 0.920359 1.443799 0.404894
v 0.930300 1.445374 0.404894
v 0.933693 1.429612 0.404894
v 0.917608 1.429612 0.404894
v 0.920359 1.443799 0.792348
v 0.930300 1.445374 0.792348
v 0.933692 1.429612 0.792348
v 0.917608 1.429612 0.792348
v 1.028912 1.443799 0.404894
v 1.038853 1.445374 0.404894
v 1.042245 1.429612 0.404894
v 1.026161 1.429612 0.404894
v 1.028913 1.443799 0.792348
v 1.038853 1.445374 0.792348
v 1.042245 1.429612 0.792348
v 1.026161 1.429612 0.792348
v 0.807167 1.443799 0.404894
v 0.817108 1.445374 0.404894
v 0.820500 1.429612 0.404894
v 0.804416 1.429612 0.404894
v 0.807167 1.443799 0.792348
v 0.817108 1.445374 0.792348
v 0.820500 1.429612 0.792348
v 0.804416 1.429612 0.792348
v 0.699321 1.443800 0.404894
v 0.709261 1.445374 0.404894
v 0.711947 1.429612 0.404894
v 0.695863 1.429612 0.404894
v 0.699321 1.443799 0.792348
v 0.709261 1.445374 0.792348
v 0.711947 1.429612 0.792348
v 0.695863 1.429612 0.792348
v 0.592215 1.443800 0.404894
v 0.602156 1.445374 0.404894
v 0.605548 1.429612 0.404894
v 0.589463 1.429612 0.404894
v 0.592215 1.443800 0.792348
v 0.602156 1.445374 0.792348
v 0.605548 1.429612 0.792348
v 0.589464 1.429612 0.792348
v -1.745603 -1.417648 0.020052
v -1.720805 -1.408970 0.020052
v -1.698559 -1.422950 0.020052
v -1.695618 -1.449061 0.020052
v -1.714195 -1.467641 0.020052
v -1.740303 -1.464699 0.020052
v -1.754281 -1.442450 0.020052
v -1.795935 -1.415624 3.799669
v -1.770389 -1.409483 3.845254
v -1.749662 -1.425629 3.845617
v -1.749361 -1.451903 3.845666
v -1.769713 -1.468521 3.796391
v -1.795392 -1.462969 3.804824
v -1.807062 -1.439427 3.806853
v -1.791816 -1.420669 3.844924
v -1.800550 -1.439353 3.844813
v -1.791391 -1.457831 3.844992
v -1.771235 -1.462189 3.839692
v -1.755260 -1.449145 3.839930
v -1.755496 -1.428522 3.839893
v -1.771765 -1.415849 3.839607
v -1.772374 -1.416130 3.825940
v -1.792425 -1.420950 3.825622
v -1.756105 -1.428803 3.826225
v -1.755869 -1.449426 3.826263
v -1.771843 -1.462470 3.826025
v -1.791999 -1.458111 3.825690
v -1.801159 -1.439633 3.825510
v -1.754678 -1.412575 3.839337
v -1.056014 -1.487794 3.947288
v -1.056014 -1.506093 3.947288
v -1.754678 -1.464978 3.839337
v -1.754678 -1.412575 3.812171
v -1.129493 -1.468716 3.984163
v -1.129493 -1.521119 3.984162
v -1.754678 -1.464978 3.812172
v 0.496602 -1.395485 0.644039
v 0.346711 -1.395485 0.644039
v 0.347349 -1.395186 1.032647
v 0.497240 -1.395186 1.032647
v 0.496402 -1.519343 1.045304
v 0.346510 -1.518366 1.045376
v 0.346223 -1.570627 1.426253
v 0.345459 -1.687914 1.427894
v 0.495350 -1.688891 1.427822
v 0.496114 -1.571604 1.426181
v 0.345030 -1.769775 1.785975
v 0.494922 -1.770753 1.785975
v 0.494021 -1.909091 1.785975
v 0.344129 -1.908114 1.785975
v -0.514466 -1.902516 1.785975
v -0.364575 -1.903493 1.785975
v -0.363674 -1.765155 1.785975
v -0.513565 -1.764178 1.785975
v -0.362481 -1.566007 1.426594
v -0.363245 -1.683294 1.428235
v -0.513137 -1.682316 1.428307
v -0.512373 -1.565030 1.426666
v -0.512085 -1.512768 1.045789
v -0.362194 -1.513746 1.045717
v -0.511884 -1.395485 0.644039
v -0.361993 -1.395485 0.644039
v -0.361355 -1.395186 1.032647
v -0.511247 -1.395186 1.032647
v 1.721993 -1.394945 0.018736
v 1.721993 -1.394945 1.683108
v -1.721032 -1.394945 1.683108
v -1.721032 -1.394945 0.020052
v 1.721993 1.421403 -0.020390
v 1.721993 1.421403 1.683109
v -1.721032 1.421403 1.683109
v -1.721032 1.421403 -0.018736
v 1.748028 1.448024 1.683109
v -1.746060 1.448024 1.683109
v -1.746060 -1.421551 1.683109
v 1.748028 -1.421551 1.683109
v 1.748028 -1.421551 1.781550
v -1.746061 -1.421551 1.781550
v 1.748028 1.448024 1.781550
v -1.746060 1.448024 1.781550
v 1.737929 1.429809 1.781550
v -1.717254 1.429810 1.781550
v -1.717253 -1.388118 1.781550
v 1.719633 -1.388118 1.781550
v -1.717253 -1.388118 3.804908
v 1.720824 -1.388118 3.804908
v 1.739121 1.429809 3.804908
v -1.717254 1.429809 3.804908
v -0.944842 -1.388118 1.781550
v -0.944842 -1.388118 3.804908
v 0.913036 -1.388118 3.804908
v 0.913036 -1.388118 1.781550
v -0.944842 -2.113240 1.785975
v 0.913036 -2.113240 1.785975
v 0.913036 -2.113240 3.804908
v -0.944842 -2.113240 3.804908
v -0.884538 -2.113240 3.802568
v -0.885650 -2.113240 1.858103
v 0.850171 -2.113240 3.802568
v 0.849058 -2.113240 1.858103
v -0.885297 -2.058392 1.858103
v 0.849411 -2.058392 1.858103
v 0.850523 -2.058392 3.802568
v -0.884185 -2.058392 3.802567
v -0.944842 -2.058445 3.802567
v -0.944842 -2.058445 1.858103
v -0.944842 -1.438437 3.802567
v -0.944842 -1.438437 1.858103
v -0.889494 -1.438437 3.802568
v -0.890604 -1.438437 1.858103
v -0.895104 -2.058445 1.858103
v -0.893995 -2.058445 3.802568
v 0.913036 -2.058445 1.858103
v 0.913036 -2.058445 3.802568
v 0.913036 -1.438437 3.802568
v 0.913036 -1.438437 1.858103
v 0.869616 -1.438437 3.802567
v 0.869616 -1.438437 1.858103
v 0.869617 -2.058445 1.858103
v 0.869617 -2.058445 3.802568
v -0.985677 -1.388118 3.802568
v -1.679092 -1.388118 3.802568
v -0.986788 -1.388118 1.858103
v -1.680203 -1.388118 1.858103
v -1.678391 -1.347635 3.802568
v -1.679502 -1.347635 1.858103
v -0.986086 -1.347635 1.858103
v -0.984976 -1.347635 3.802568
v 1.662002 -1.388118 1.858103
v 0.952345 -1.388118 1.858103
v 0.952345 -1.388118 3.802568
v 1.663112 -1.388118 3.802568
v 1.662465 -1.347635 1.858103
v 1.663576 -1.347635 3.802568
v 0.952345 -1.347635 3.802568
v 0.952345 -1.347635 1.858103
v 1.721180 -1.315762 3.802568
v 1.738685 1.372067 3.802568
v 1.737574 1.372066 1.858103
v 1.720069 -1.315762 1.858103
v 1.679770 -1.315762 1.858103
v 1.679770 1.372066 1.858103
v 1.679770 -1.315762 3.802567
v 1.679770 1.372067 3.802567
v 1.647945 1.429810 3.802568
v -1.625336 1.429810 3.802568
v -1.626446 1.429809 1.858103
v 1.646836 1.429809 1.858103
v 1.646533 1.397446 1.858103
v -1.626748 1.397445 1.858103
v 1.647643 1.397446 3.802568
v -1.625638 1.397446 3.802568
v -1.717254 1.372066 1.858103
v -1.717253 1.372067 3.802568
v -1.717253 -1.315762 3.802567
v -1.717254 -1.315762 1.858103
v -1.674594 -1.315762 1.858103
v -1.674594 1.372066 1.858103
v -1.674594 -1.315762 3.802567
v -1.674594 1.372067 3.802567
v 1.024623 -2.252376 3.947288
v -1.061440 -2.238776 3.947288
v 1.943287 1.618132 3.947288
v -1.936666 1.618133 3.947288
v -1.936666 -1.399914 3.947288
v 1.943287 -1.425210 3.947288
v -1.627584 -1.193608 4.185449
v 1.631535 -1.193608 4.185449
v 1.631534 1.369526 4.185448
v -1.627584 1.369526 4.185448
v -0.323166 -1.394945 1.227045
v -0.323166 -1.394945 0.020052
v 0.305256 -1.394945 1.227045
v 0.305256 -1.394945 0.019413
v 0.305256 -1.446987 0.020237
v 0.305256 -1.446987 1.227045
v -0.323166 -1.446987 0.020539
v -0.323166 -1.446987 1.227045
v -0.289393 -1.446987 0.047230
v -0.289393 -1.446987 1.184271
v 0.272935 -1.446987 1.184271
v 0.272280 -1.446987 0.047230
v 0.275953 -0.985577 1.184271
v 0.275297 -0.985577 0.047230
v -0.289393 -0.985577 0.047230
v -0.289393 -0.985577 1.184271
v -0.734822 -1.395485 0.644039
v -0.884714 -1.395485 0.644039
v -0.884076 -1.395186 1.032647
v -0.734184 -1.395186 1.032647
v -0.735023 -1.511315 1.045896
v -0.884914 -1.510338 1.045968
v -0.885202 -1.562599 1.426845
v -0.885966 -1.679885 1.428486
v -0.736074 -1.680863 1.428414
v -0.735310 -1.563576 1.426773
v -0.886394 -1.761747 1.785975
v -0.736503 -1.762724 1.785975
v -0.737404 -1.901062 1.785975
v -0.887295 -1.900085 1.785975
v 0.701585 -1.910444 1.785975
v 0.851476 -1.911421 1.785975
v 0.852377 -1.773083 1.785975
v 0.702485 -1.772106 1.785975
v 0.853569 -1.573935 1.426010
v 0.852805 -1.691222 1.427650
v 0.702914 -1.690245 1.427722
v 0.703678 -1.572958 1.426082
v 0.703966 -1.520696 1.045204
v 0.853857 -1.521674 1.045132
v 0.704166 -1.395485 0.644039
v 0.854058 -1.395485 0.644039
v 0.854695 -1.395186 1.032647
v 0.704804 -1.395186 1.032647
v 0.477364 1.461888 0.366412
v 0.477047 1.465950 0.831164
v 1.266921 1.463397 0.831556
v 1.267238 1.459334 0.366804
v 0.476004 1.421403 0.366927
v 0.475688 1.421403 0.831678
v 1.265562 1.421403 0.832070
v 1.265878 1.421403 0.367318
v 0.518658 1.429612 0.404544
v 1.223244 1.429612 0.404894
v 1.222981 1.429612 0.792348
v 0.518394 1.429612 0.791999
v 1.224269 1.460476 0.791861
v 1.224532 1.457089 0.404894
v 0.519946 1.459366 0.404058
v 0.519682 1.462752 0.791511
v -1.056014 -1.405723 3.947288
v 1.030049 -1.419323 3.947288
v -0.261578 -0.985577 1.158417
v -0.261578 -0.985577 0.073084
v 0.247514 -0.985577 0.073084
v 0.248106 -0.985577 1.158417
v 0.248106 -1.036809 1.158417
v 0.247514 -1.036809 0.073084
v -0.261578 -1.036809 0.073084
v -0.261578 -1.036809 1.158417
v -1.754678 -1.457268 3.846391
v -1.754678 -1.457267 3.812171
v -1.129493 -1.513409 3.947288
v -1.129493 -1.513409 3.984162
v -1.754678 -1.420285 3.846391
v -1.754678 -1.420285 3.812171
v -1.129493 -1.476427 3.947288
v -1.129493 -1.476427 3.984162
v -0.541211 -1.986166 4.185448
v 0.545162 -1.998008 4.185448
v -0.541211 -1.193608 4.185448
v 0.545162 -1.193608 4.185448
v -1.129493 -1.468716 3.947288
v -1.129493 -1.521120 3.947288
v -1.715862 0.567958 2.305227
v -1.715862 0.567526 3.060938
v -1.715862 0.911992 3.061103
v -1.715862 0.912424 2.305393
v -1.674333 0.567365 2.303954
v -1.674333 0.566933 3.059665
v -1.674333 0.911399 3.059830
v -1.674333 0.911831 2.304119
v -1.692650 0.585761 2.323759
v -1.692650 0.893033 2.323906
v -1.692650 0.893033 3.040092
v -1.692650 0.585761 3.039944
v -1.715862 0.893391 3.041299
v -1.715862 0.893800 2.325113
v -1.715862 0.586528 2.324965
v -1.715862 0.586118 3.041152
v -1.715862 0.001826 2.305227
v -1.715862 0.001394 3.060938
v -1.715862 0.345861 3.061103
v -1.715862 0.346293 2.305393
v -1.674333 0.001233 2.303954
v -1.674333 0.000802 3.059664
v -1.674333 0.345268 3.059830
v -1.674333 0.345700 2.304120
v -1.692650 0.019630 2.323759
v -1.692650 0.326902 2.323906
v -1.692650 0.326902 3.040092
v -1.692650 0.019630 3.039944
v -1.715862 0.327259 3.041299
v -1.715862 0.327669 2.325113
v -1.715862 0.020397 2.324965
v -1.715862 0.019987 3.041152
v 1.721523 0.344675 2.305227
v 1.721523 0.345107 3.060938
v 1.721523 0.000641 3.061103
v 1.721523 0.000209 2.305393
v 1.679995 0.345268 2.303954
v 1.679995 0.345700 3.059665
v 1.679995 0.001234 3.059830
v 1.679995 0.000802 2.304120
v 1.698312 0.326871 2.323759
v 1.698312 0.019599 2.323906
v 1.698312 0.019599 3.040092
v 1.698312 0.326871 3.039944
v 1.721523 0.019242 3.041299
v 1.721523 0.018833 2.325113
v 1.721523 0.326105 2.324965
v 1.721523 0.326514 3.041151
v -1.107359 -1.476427 3.984163
v -1.109168 -1.513409 3.984162
v -1.129493 -1.476427 3.984162
v -1.129493 -1.513409 3.984162
v -1.129493 -1.513409 3.947288
v -1.129493 -1.476427 3.947288
v -1.986202 1.667650 3.984162
v 1.992803 1.667650 3.984162
v 1.992803 -1.474767 3.984162
v 1.079565 -1.468881 3.984162
v 1.074140 -2.301933 3.984162
v -1.105551 -1.432169 3.984162
v -1.986202 -1.432169 3.984162
v -1.110976 -2.288333 3.984162
v -1.129493 -1.453379 3.984162
v -2.007432 -1.453378 3.984162
v -1.129493 -2.309542 3.984162
v 2.014053 -1.495977 3.984162
v -2.007432 1.688899 3.984162
v 2.014053 1.688899 3.984162
v 1.100815 -1.490090 3.984162
v 1.095390 -2.323143 3.984162
v -2.007432 1.688899 3.947288
v 2.014053 1.688899 3.947288
v 2.014053 -1.495977 3.947288
v 1.100815 -1.490090 3.947288
v 1.095390 -2.323143 3.947288
v -1.129493 -2.309542 3.947288
v -1.129493 -1.453379 3.947288
v -2.007432 -1.453378 3.947288
v 1.030049 -1.419323 3.947288
v -1.056014 -1.405723 3.947288
v 1.943287 -1.425210 3.947288
v -1.936666 -1.399914 3.947288
v -1.936666 1.618133 3.947288
v 1.943287 1.618132 3.947288
v -1.061440 -2.238776 3.947288
v 1.024623 -2.252376 3.947288
v -0.996440 -1.420475 1.203481
v -0.996440 -1.420475 1.203481
v -1.455449 -1.421965 1.203723
v -1.455449 -1.421965 1.203723
v -0.996604 -1.418120 0.890124
v -0.996604 -1.418120 0.890124
v -1.455614 -1.419609 0.890366
v -1.455614 -1.419609 0.890366
v -0.995595 -1.394805 1.201705
v -0.995755 -1.394805 0.888339
v -1.454609 -1.394805 1.201955
v -1.454768 -1.394805 0.888588
v -1.020582 -1.409419 0.913841
v -1.020582 -1.409419 0.913841
v -1.430031 -1.410748 0.914058
v -1.430031 -1.410748 0.914058
v -1.429894 -1.412711 1.175297
v -1.429894 -1.412711 1.175297
v -1.020445 -1.411382 1.175081
v -1.020445 -1.411382 1.175081
v -1.430681 -1.430279 1.176950
v -1.430681 -1.430279 1.176950
v -1.430818 -1.428316 0.915711
v -1.430818 -1.428316 0.915711
v -1.021370 -1.426987 0.915495
v -1.021370 -1.426987 0.915495
v -1.021232 -1.428950 1.176733
v -1.021232 -1.428950 1.176733
v 1.431958 -1.420475 1.203481
v 1.431958 -1.420475 1.203481
v 0.972948 -1.421965 1.203723
v 0.972948 -1.421965 1.203723
v 1.431794 -1.418120 0.890124
v 1.431794 -1.418120 0.890124
v 0.972784 -1.419609 0.890366
v 0.972784 -1.419609 0.890366
v 1.432803 -1.394805 1.201705
v 1.432643 -1.394805 0.888339
v 0.973789 -1.394805 1.201955
v 0.973630 -1.394805 0.888588
v 1.407815 -1.409419 0.913841
v 1.407815 -1.409419 0.913841
v 0.998367 -1.410748 0.914058
v 0.998367 -1.410748 0.914058
v 0.998504 -1.412711 1.175297
v 0.998504 -1.412711 1.175297
v 1.407952 -1.411382 1.175081
v 1.407952 -1.411382 1.175081
v 0.997717 -1.430279 1.176950
v 0.997717 -1.430279 1.176950
v 0.997580 -1.428316 0.915711
v 0.997580 -1.428316 0.915711
v 1.407028 -1.426987 0.915495
v 1.407028 -1.426987 0.915495
v 1.407165 -1.428950 1.176733
v 1.407165 -1.428950 1.176733
v 0.666459 -2.069323 3.769008
v 0.666459 -2.069323 3.769008
v 0.368430 -2.069325 3.769008
v 0.368430 -2.069325 3.769008
v 0.666440 -2.069324 3.560203
v 0.666440 -2.069324 3.560203
v 0.368411 -2.069326 3.560202
v 0.368411 -2.069326 3.560202
v 0.666971 -2.058203 3.767909
v 0.666959 -2.059225 3.559088
v 0.368938 -2.057559 3.767918
v 0.368925 -2.058581 3.559098
v 0.650852 -2.065441 3.576027
v 0.650852 -2.065441 3.576027
v 0.385002 -2.065443 3.576027
v 0.385002 -2.065443 3.576027
v 0.385018 -2.065443 3.750104
v 0.385018 -2.065443 3.750104
v 0.650867 -2.065441 3.750104
v 0.650867 -2.065441 3.750104
v 0.384531 -2.073051 3.751148
v 0.384531 -2.073051 3.751148
v 0.384516 -2.073052 3.577072
v 0.384516 -2.073052 3.577072
v 0.650365 -2.073050 3.577071
v 0.650365 -2.073050 3.577071
v 0.650381 -2.073050 3.751148
v 0.650381 -2.073050 3.751148
v -0.341155 -2.069325 3.768937
v -0.341155 -2.069325 3.768937
v -0.639184 -2.069325 3.769080
v -0.639184 -2.069325 3.769080
v -0.341274 -2.069324 3.560131
v -0.341274 -2.069324 3.560131
v -0.639304 -2.069324 3.560274
v -0.639304 -2.069324 3.560274
v -0.340643 -2.058204 3.767837
v -0.340756 -2.059225 3.559017
v -0.638677 -2.057559 3.767989
v -0.638789 -2.058579 3.559170
v -0.356855 -2.065442 3.575963
v -0.356855 -2.065442 3.575963
v -0.622704 -2.065442 3.576092
v -0.622704 -2.065442 3.576092
v -0.622605 -2.065442 3.750168
v -0.622605 -2.065442 3.750168
v -0.356756 -2.065442 3.750041
v -0.356756 -2.065442 3.750041
v -0.623091 -2.073051 3.751213
v -0.623091 -2.073051 3.751213
v -0.623190 -2.073051 3.577136
v -0.623190 -2.073051 3.577136
v -0.357341 -2.073051 3.577008
v -0.357341 -2.073051 3.577008
v -0.357242 -2.073051 3.751085
v -0.357242 -2.073051 3.751085
v -0.933893 -1.608980 2.325113
v -0.933893 -1.608980 2.325113
v -0.910682 -1.609746 2.323906
v -0.910682 -1.609746 2.323906
v -0.933893 -1.609389 3.041299
v -0.933893 -1.609389 3.041299
v -0.910682 -1.609746 3.040092
v -0.910682 -1.609746 3.040092
v -0.933893 -1.916661 3.041152
v -0.933893 -1.916661 3.041152
v -0.910682 -1.917019 3.039944
v -0.910682 -1.917019 3.039944
v -0.933893 -1.916252 2.324965
v -0.933893 -1.916252 2.324965
v -0.910682 -1.917019 2.323759
v -0.910682 -1.917019 2.323759
v -0.892365 -1.590949 2.304119
v -0.933893 -1.590356 2.305393
v -0.933893 -1.590356 2.305393
v -0.892365 -1.591381 3.059830
v -0.933893 -1.590788 3.061103
v -0.933893 -1.590788 3.061103
v -0.892364 -1.935415 2.303954
v -0.933893 -1.934822 2.305227
v -0.933893 -1.934822 2.305227
v -0.892365 -1.935847 3.059665
v -0.933893 -1.935254 3.060938
v -0.933893 -1.935254 3.060938
v 0.911248 -1.917816 2.325113
v 0.911248 -1.917816 2.325113
v 0.888036 -1.917049 2.323906
v 0.888036 -1.917049 2.323906
v 0.911248 -1.917407 3.041299
v 0.911248 -1.917407 3.041299
v 0.888036 -1.917050 3.040092
v 0.888036 -1.917050 3.040092
v 0.911248 -1.610134 3.041152
v 0.911248 -1.610134 3.041152
v 0.888036 -1.609777 3.039944
v 0.888036 -1.609777 3.039944
v 0.911248 -1.610544 2.324965
v 0.911248 -1.610544 2.324965
v 0.888036 -1.609777 2.323759
v 0.888036 -1.609777 2.323759
v 0.869719 -1.935847 2.304120
v 0.911248 -1.936440 2.305393
v 0.911248 -1.936440 2.305393
v 0.869719 -1.935415 3.059830
v 0.911248 -1.936008 3.061103
v 0.911248 -1.936008 3.061103
v 0.869719 -1.591381 2.303954
v 0.911248 -1.591974 2.305228
v 0.911248 -1.591974 2.305228
v 0.869719 -1.590949 3.059665
v 0.911248 -1.591542 3.060939
v 0.911248 -1.591542 3.060939
v 1.721523 -1.113430 2.325113
v 1.721523 -1.113430 2.325113
v 1.698312 -1.112663 2.323906
v 1.698312 -1.112663 2.323906
v 1.721523 -1.113021 3.041299
v 1.721523 -1.113021 3.041299
v 1.698312 -1.112663 3.040092
v 1.698312 -1.112663 3.040092
v 1.721523 -0.805748 3.041152
v 1.721523 -0.805748 3.041152
v 1.698312 -0.805391 3.039944
v 1.698312 -0.805391 3.039944
v 1.721523 -0.806158 2.324965
v 1.721523 -0.806158 2.324965
v 1.698312 -0.805391 2.323759
v 1.698312 -0.805391 2.323759
v 1.679995 -1.131461 2.304120
v 1.721523 -1.132054 2.305393
v 1.721523 -1.132054 2.305393
v 1.679995 -1.131029 3.059830
v 1.721523 -1.131622 3.061103
v 1.721523 -1.131622 3.061103
v 1.679995 -0.786995 2.303954
v 1.721523 -0.787588 2.305227
v 1.721523 -0.787588 2.305227
v 1.679995 -0.786563 3.059665
v 1.721523 -0.787156 3.060938
v 1.721523 -0.787156 3.060938
v 1.721523 -0.547299 2.325113
v 1.721523 -0.547299 2.325113
v 1.698312 -0.546532 2.323906
v 1.698312 -0.546532 2.323906
v 1.721523 -0.546889 3.041299
v 1.721523 -0.546889 3.041299
v 1.698312 -0.546532 3.040092
v 1.698312 -0.546532 3.040092
v 1.721523 -0.239617 3.041152
v 1.721523 -0.239617 3.041152
v 1.698312 -0.239260 3.039944
v 1.698312 -0.239260 3.039944
v 1.721523 -0.240027 2.324965
v 1.721523 -0.240027 2.324965
v 1.698312 -0.239260 2.323759
v 1.698312 -0.239260 2.323759
v 1.679995 -0.565330 2.304120
v 1.721523 -0.565922 2.305393
v 1.721523 -0.565922 2.305393
v 1.679995 -0.564898 3.059830
v 1.721523 -0.565491 3.061103
v 1.721523 -0.565491 3.061103
v 1.679995 -0.220863 2.303954
v 1.721523 -0.221456 2.305227
v 1.721523 -0.221456 2.305227
v 1.679995 -0.220432 3.059665
v 1.721523 -0.221024 3.060938
v 1.721523 -0.221024 3.060938
v -1.715862 -0.804594 2.325113
v -1.715862 -0.804594 2.325113
v -1.692650 -0.805360 2.323906
v -1.692650 -0.805360 2.323906
v -1.715862 -0.805003 3.041299
v -1.715862 -0.805003 3.041299
v -1.692650 -0.805360 3.040092
v -1.692650 -0.805360 3.040092
v -1.715862 -1.112275 3.041152
v -1.715862 -1.112275 3.041152
v -1.692650 -1.112632 3.039944
v -1.692650 -1.112632 3.039944
v -1.715862 -1.111866 2.324965
v -1.715862 -1.111866 2.324965
v -1.692650 -1.112632 2.323759
v -1.692650 -1.112632 2.323759
v -1.674333 -0.786563 2.304119
v -1.715862 -0.785970 2.305393
v -1.715862 -0.785970 2.305393
v -1.674333 -0.786995 3.059830
v -1.715862 -0.786402 3.061103
v -1.715862 -0.786402 3.061103
v -1.674333 -1.131029 2.303954
v -1.715862 -1.130436 2.305227
v -1.715862 -1.130436 2.305227
v -1.674333 -1.131461 3.059665
v -1.715862 -1.130868 3.060938
v -1.715862 -1.130868 3.060938
v -1.715862 -0.238462 2.325113
v -1.715862 -0.238462 2.325113
v -1.692650 -0.239229 2.323906
v -1.692650 -0.239229 2.323906
v -1.715862 -0.238872 3.041299
v -1.715862 -0.238872 3.041299
v -1.692650 -0.239229 3.040092
v -1.692650 -0.239229 3.040092
v -1.715862 -0.546144 3.041152
v -1.715862 -0.546144 3.041152
v -1.692650 -0.546501 3.039944
v -1.692650 -0.546501 3.039944
v -1.715862 -0.545735 2.324965
v -1.715862 -0.545735 2.324965
v -1.692650 -0.546501 2.323759
v -1.692650 -0.546501 2.323759
v -1.674333 -0.220431 2.304119
v -1.715862 -0.219839 2.305393
v -1.715862 -0.219839 2.305393
v -1.674333 -0.220863 3.059830
v -1.715862 -0.220271 3.061103
v -1.715862 -0.220271 3.061103
v -1.674333 -0.564898 2.303954
v -1.715862 -0.564305 2.305227
v -1.715862 -0.564305 2.305227
v -1.674333 -0.565330 3.059665
v -1.715862 -0.564737 3.060938
v -1.715862 -0.564737 3.060938
v 1.140869 -1.388921 2.325113
v 1.140869 -1.388921 2.325113
v 1.141635 -1.365709 2.323906
v 1.141635 -1.365709 2.323906
v 1.141278 -1.388921 3.041299
v 1.141278 -1.388921 3.041299
v 1.141635 -1.365709 3.040092
v 1.141635 -1.365709 3.040092
v 1.448550 -1.388921 3.041152
v 1.448550 -1.388921 3.041152
v 1.448907 -1.365709 3.039944
v 1.448907 -1.365709 3.039944
v 1.448141 -1.388921 2.324965
v 1.448141 -1.388921 2.324965
v 1.448907 -1.365709 2.323759
v 1.448907 -1.365709 2.323759
v 1.122838 -1.347392 2.304119
v 1.122245 -1.388921 2.305393
v 1.122245 -1.388921 2.305393
v 1.123270 -1.347392 3.059830
v 1.122677 -1.388921 3.061103
v 1.122677 -1.388921 3.061103
v 1.467304 -1.347392 2.303954
v 1.466711 -1.388921 2.305227
v 1.466711 -1.388921 2.305227
v 1.467736 -1.347392 3.059665
v 1.467143 -1.388921 3.060938
v 1.467143 -1.388921 3.060938
v -1.477488 -1.388921 2.325113
v -1.477488 -1.388921 2.325113
v -1.476722 -1.365709 2.323906
v -1.476722 -1.365709 2.323906
v -1.477079 -1.388921 3.041299
v -1.477079 -1.388921 3.041299
v -1.476722 -1.365709 3.040092
v -1.476722 -1.365709 3.040092
v -1.169807 -1.388921 3.041152
v -1.169807 -1.388921 3.041152
v -1.169450 -1.365710 3.039945
v -1.169450 -1.365710 3.039945
v -1.170216 -1.388921 2.324965
v -1.170216 -1.388921 2.324965
v -1.169450 -1.365709 2.323759
v -1.169450 -1.365709 2.323759
v -1.495519 -1.347392 2.304120
v -1.496112 -1.388921 2.305393
v -1.496112 -1.388921 2.305393
v -1.495087 -1.347392 3.059830
v -1.495680 -1.388921 3.061103
v -1.495680 -1.388921 3.061103
v -1.151053 -1.347392 2.303954
v -1.151646 -1.388921 2.305227
v -1.151646 -1.388921 2.305227
v -1.150621 -1.347392 3.059665
v -1.151214 -1.388921 3.060938
v -1.151214 -1.388921 3.060938
v -0.628291 -2.099921 2.325113
v -0.628291 -2.099921 2.325113
v -0.627525 -2.076709 2.323906
v -0.627525 -2.076709 2.323906
v -0.627882 -2.099921 3.041299
v -0.627882 -2.099921 3.041299
v -0.627525 -2.076709 3.040092
v -0.627525 -2.076709 3.040092
v -0.320610 -2.099921 3.041152
v -0.320610 -2.099921 3.041152
v -0.320253 -2.076709 3.039944
v -0.320253 -2.076709 3.039944
v -0.321019 -2.099921 2.324965
v -0.321019 -2.099921 2.324965
v -0.320253 -2.076709 2.323759
v -0.320253 -2.076709 2.323759
v -0.646322 -2.058392 2.304120
v -0.646915 -2.099921 2.305393
v -0.646915 -2.099921 2.305393
v -0.645890 -2.058392 3.059830
v -0.646483 -2.099921 3.061103
v -0.646483 -2.099921 3.061103
v -0.301856 -2.058392 2.303954
v -0.302449 -2.099921 2.305227
v -0.302449 -2.099921 2.305227
v -0.301424 -2.058392 3.059665
v -0.302017 -2.099921 3.060938
v -0.302017 -2.099921 3.060938
v 0.362438 -2.099921 2.325113
v 0.362438 -2.099921 2.325113
v 0.363205 -2.076709 2.323906
v 0.363205 -2.076709 2.323906
v 0.362848 -2.099921 3.041299
v 0.362848 -2.099921 3.041299
v 0.363205 -2.076709 3.040092
v 0.363205 -2.076709 3.040092
v 0.670120 -2.099921 3.041152
v 0.670120 -2.099921 3.041152
v 0.670477 -2.076709 3.039944
v 0.670477 -2.076709 3.039944
v 0.669710 -2.099921 2.324965
v 0.669710 -2.099921 2.324965
v 0.670477 -2.076709 2.323759
v 0.670477 -2.076709 2.323759
v 0.344407 -2.058392 2.304119
v 0.343814 -2.099921 2.305393
v 0.343814 -2.099921 2.305393
v 0.344839 -2.058392 3.059830
v 0.344246 -2.099921 3.061103
v 0.344246 -2.099921 3.061103
v 0.688874 -2.058392 2.303954
v 0.688281 -2.099921 2.305227
v 0.688281 -2.099921 2.305227
v 0.689305 -2.058392 3.059665
v 0.688713 -2.099921 3.060938
v 0.688713 -2.099921 3.060938
v -0.132927 -2.099921 2.325113
v -0.132927 -2.099921 2.325113
v -0.132160 -2.076709 2.323906
v -0.132160 -2.076709 2.323906
v -0.132517 -2.099921 3.041299
v -0.132517 -2.099921 3.041299
v -0.132160 -2.076709 3.040092
v -0.132160 -2.076709 3.040092
v 0.174755 -2.099921 3.041152
v 0.174755 -2.099921 3.041152
v 0.175112 -2.076709 3.039945
v 0.175112 -2.076709 3.039945
v 0.174346 -2.099921 2.324965
v 0.174346 -2.099921 2.324965
v 0.175112 -2.076709 2.323759
v 0.175112 -2.076709 2.323759
v -0.150957 -2.058392 2.304120
v -0.151550 -2.099921 2.305393
v -0.151550 -2.099921 2.305393
v -0.150526 -2.058392 3.059830
v -0.151118 -2.099921 3.061103
v -0.151118 -2.099921 3.061103
v 0.193509 -2.058392 2.303954
v 0.192916 -2.099921 2.305227
v 0.192916 -2.099921 2.305227
v 0.193941 -2.058392 3.059665
v 0.193348 -2.099921 3.060938
v 0.193348 -2.099921 3.060938
v 0.731639 0.535478 4.185448
v 0.731639 0.535478 4.135449
v 0.390016 0.535478 4.185448
v 0.390016 0.535478 4.135449
v 0.731639 0.193855 4.185449
v 0.731639 0.193855 4.135450
v 0.390016 0.193855 4.185449
v 0.390016 0.193855 4.135450
v 0.354292 0.158131 4.209376
v 0.354293 0.571202 4.209376
v 0.767362 0.158131 4.209376
v 0.767363 0.571201 4.209376
v 0.354293 0.571202 4.254289
v 0.354293 0.571202 4.254289
v 0.767363 0.571201 4.254289
v 0.767363 0.571201 4.254289
v 0.767362 0.158131 4.254289
v 0.767362 0.158131 4.254289
v 0.354292 0.158131 4.254288
v 0.354292 0.158131 4.254288
v 0.415789 0.509705 4.254289
v 0.415789 0.509705 4.254289
v 0.415789 0.219628 4.254288
v 0.415789 0.219628 4.254288
v 0.705866 0.219628 4.254288
v 0.705866 0.219628 4.254288
v 0.705866 0.509705 4.254289
v 0.705866 0.509705 4.254289
v 0.415789 0.509705 4.185449
v 0.705866 0.509705 4.185448
v 0.705866 0.219628 4.185449
v 0.415789 0.219628 4.185449
v -0.218987 -1.047292 0.662347
v -0.218987 -1.069092 0.660183
v -0.218987 -1.069092 0.660183
v -0.218987 -1.047292 0.645184
v -0.218987 -1.069092 0.647348
v -0.218987 -1.069092 0.647348
v -0.208603 -1.047292 0.662347
v -0.208603 -1.047292 0.662347
v -0.208603 -1.047292 0.645184
v -0.208603 -1.047292 0.645184
v -0.210924 -1.079513 0.647348
v -0.210924 -1.079513 0.647348
v -0.210924 -1.079513 0.660183
v -0.210924 -1.079513 0.660183
v -0.161017 -1.083163 0.660183
v -0.161017 -1.083163 0.647348
v -0.114100 -1.077332 0.660183
v -0.114100 -1.077332 0.660183
v -0.114100 -1.077332 0.660183
v -0.119634 -1.069993 0.660183
v -0.119634 -1.069993 0.647348
v -0.114100 -1.077332 0.647348
v -0.114100 -1.077332 0.647348
v -0.114100 -1.077332 0.647348
v -0.198553 -1.036809 0.640348
v -0.198553 -1.036809 0.667182
v -0.223479 -1.036809 0.667182
v -0.223479 -1.036809 0.640348
v 1.150703 1.445374 0.404894
v 1.150703 1.445374 0.792348
v 1.140763 1.443799 0.404894
v 1.140763 1.443799 0.792348
v 0.930300 1.445374 0.404894
v 0.930300 1.445374 0.792348
v 0.920359 1.443799 0.404894
v 0.920359 1.443799 0.792348
v 1.038853 1.445374 0.404894
v 1.038853 1.445374 0.792348
v 1.028912 1.443799 0.404894
v 1.028913 1.443799 0.792348
v 0.817108 1.445374 0.404894
v 0.817108 1.445374 0.792348
v 0.807167 1.443799 0.404894
v 0.807167 1.443799 0.792348
v 0.709261 1.445374 0.404894
v 0.709261 1.445374 0.792348
v 0.699321 1.443800 0.404894
v 0.699321 1.443799 0.792348
v 0.602156 1.445374 0.404894
v 0.602156 1.445374 0.792348
v 0.592215 1.443800 0.404894
v 0.592215 1.443800 0.792348
v -1.795935 -1.415624 3.799669
v -1.795935 -1.415624 3.799669
v -1.795935 -1.415624 3.799669
v -1.770389 -1.409483 3.845254
v -1.770389 -1.409483 3.845254
v -1.770389 -1.409483 3.845254
v -1.749662 -1.425629 3.845617
v -1.749662 -1.425629 3.845617
v -1.749662 -1.425629 3.845617
v -1.749361 -1.451903 3.845666
v -1.749361 -1.451903 3.845666
v -1.749361 -1.451903 3.845666
v -1.769713 -1.468521 3.796391
v -1.769713 -1.468521 3.796391
v -1.769713 -1.468521 3.796391
v -1.795392 -1.462969 3.804824
v -1.795392 -1.462969 3.804824
v -1.795392 -1.462969 3.804824
v -1.807062 -1.439427 3.806853
v -1.807062 -1.439427 3.806853
v -1.807062 -1.439427 3.806853
v -1.720805 -1.408970 0.020052
v -1.745603 -1.417648 0.020052
v -1.698559 -1.422950 0.020052
v -1.695618 -1.449061 0.020052
v -1.714195 -1.467641 0.020052
v -1.740303 -1.464699 0.020052
v -1.754281 -1.442450 0.020052
v -1.800550 -1.439353 3.844813
v -1.791816 -1.420669 3.844924
v -1.791816 -1.420669 3.844924
v -1.791391 -1.457831 3.844992
v -1.771235 -1.462189 3.839692
v -1.771235 -1.462189 3.839692
v -1.755260 -1.449145 3.839930
v -1.755260 -1.449145 3.839930
v -1.755260 -1.449145 3.839930
v -1.755496 -1.428522 3.839893
v -1.755496 -1.428522 3.839893
v -1.755496 -1.428522 3.839893
v -1.771765 -1.415849 3.839607
v -1.771765 -1.415849 3.839607
v -1.771765 -1.415849 3.839607
v -1.792425 -1.420950 3.825622
v -1.772374 -1.416130 3.825940
v -1.756105 -1.428803 3.826225
v -1.755869 -1.449426 3.826263
v -1.771843 -1.462470 3.826025
v -1.791999 -1.458111 3.825690
v -1.801159 -1.439633 3.825510
v -1.754678 -1.412575 3.839337
v -1.754678 -1.412575 3.839337
v -1.754678 -1.412575 3.839337
v -1.056014 -1.487794 3.947288
v -1.754678 -1.464978 3.839337
v -1.754678 -1.464978 3.839337
v -1.754678 -1.464978 3.839337
v -1.056014 -1.506093 3.947288
v -1.754678 -1.412575 3.812171
v -1.754678 -1.412575 3.812171
v -1.129493 -1.468716 3.984163
v -1.129493 -1.521119 3.984162
v -1.754678 -1.464978 3.812172
v -1.754678 -1.464978 3.812172
v 0.496602 -1.395485 0.644039
v 0.496402 -1.519343 1.045304
v 0.346711 -1.395485 0.644039
v 0.346510 -1.518366 1.045376
v 0.345459 -1.687914 1.427894
v 0.347349 -1.395186 1.032647
v 0.346223 -1.570627 1.426253
v 0.495350 -1.688891 1.427822
v 0.497240 -1.395186 1.032647
v 0.496114 -1.571604 1.426181
v 0.345030 -1.769775 1.785975
v 0.494922 -1.770753 1.785975
v 0.494021 -1.909091 1.785975
v 0.344129 -1.908114 1.785975
v -0.514466 -1.902516 1.785975
v -0.513137 -1.682316 1.428307
v -0.364575 -1.903493 1.785975
v -0.363245 -1.683294 1.428235
v -0.363674 -1.765155 1.785975
v -0.362481 -1.566007 1.426594
v -0.513565 -1.764178 1.785975
v -0.512373 -1.565030 1.426666
v -0.362194 -1.513746 1.045717
v -0.512085 -1.512768 1.045789
v -0.511884 -1.395485 0.644039
v -0.361993 -1.395485 0.644039
v 1.721993 -1.394945 0.018736
v 1.721993 -1.394945 1.683108
v 1.721993 -1.394945 1.683108
v -1.721032 -1.394945 1.683108
v -1.721032 -1.394945 1.683108
v 1.721993 1.421403 1.683109
v 1.721993 1.421403 1.683109
v -1.721032 -1.394945 0.020052
v -1.721032 1.421403 1.683109
v -1.721032 1.421403 1.683109
v 1.721993 1.421403 -0.020390
v -1.721032 1.421403 -0.018736
v 1.748028 1.448024 1.683109
v 1.748028 1.448024 1.683109
v -1.746060 1.448024 1.683109
v -1.746060 1.448024 1.683109
v -1.746060 -1.421551 1.683109
v -1.746060 -1.421551 1.683109
v 1.748028 -1.421551 1.683109
v 1.748028 -1.421551 1.683109
v 1.748028 -1.421551 1.781550
v 1.748028 -1.421551 1.781550
v -1.746061 -1.421551 1.781550
v -1.746061 -1.421551 1.781550
v 1.748028 1.448024 1.781550
v 1.748028 1.448024 1.781550
v -1.746060 1.448024 1.781550
v -1.746060 1.448024 1.781550
v 1.737929 1.429809 1.781550
v 1.737929 1.429809 1.781550
v -1.717254 1.429810 1.781550
v -1.717254 1.429810 1.781550
v -1.717253 -1.388118 1.781550
v -1.717253 -1.388118 1.781550
v 1.719633 -1.388118 1.781550
v 1.719633 -1.388118 1.781550
v 1.720824 -1.388118 3.804908
v 1.720824 -1.388118 3.804908
v -1.717253 -1.388118 3.804908
v -1.717253 -1.388118 3.804908
v 1.739121 1.429809 3.804908
v 1.739121 1.429809 3.804908
v 1.739121 1.429809 3.804908
v -1.717254 1.429809 3.804908
v -1.717254 1.429809 3.804908
v -1.717254 1.429809 3.804908
v -0.944842 -1.388118 1.781550
v -0.944842 -1.388118 1.781550
v -0.944842 -1.388118 3.804908
v -0.944842 -1.388118 3.804908
v 0.913036 -1.388118 3.804908
v 0.913036 -1.388118 3.804908
v 0.913036 -1.388118 1.781550
v 0.913036 -1.388118 1.781550
v 0.913036 -2.113240 1.785975
v 0.913036 -2.113240 1.785975
v -0.944842 -2.113240 1.785975
v -0.944842 -2.113240 1.785975
v 0.913036 -2.113240 3.804908
v 0.913036 -2.113240 3.804908
v 0.913036 -2.113240 3.804908
v -0.944842 -2.113240 3.804908
v -0.944842 -2.113240 3.804908
v -0.944842 -2.113240 3.804908
v -0.884538 -2.113240 3.802568
v -0.884538 -2.113240 3.802568
v -0.885650 -2.113240 1.858103
v -0.885650 -2.113240 1.858103
v 0.850171 -2.113240 3.802568
v 0.850171 -2.113240 3.802568
v 0.849058 -2.113240 1.858103
v 0.849058 -2.113240 1.858103
v 0.849411 -2.058392 1.858103
v 0.849411 -2.058392 1.858103
v -0.885297 -2.058392 1.858103
v -0.885297 -2.058392 1.858103
v 0.850523 -2.058392 3.802568
v 0.850523 -2.058392 3.802568
v -0.884185 -2.058392 3.802567
v -0.884185 -2.058392 3.802567
v -0.944842 -2.058445 3.802567
v -0.944842 -2.058445 3.802567
v -0.944842 -2.058445 1.858103
v -0.944842 -2.058445 1.858103
v -0.944842 -1.438437 3.802567
v -0.944842 -1.438437 3.802567
v -0.944842 -1.438437 1.858103
v -0.944842 -1.438437 1.858103
v -0.890604 -1.438437 1.858103
v -0.890604 -1.438437 1.858103
v -0.889494 -1.438437 3.802568
v -0.889494 -1.438437 3.802568
v -0.895104 -2.058445 1.858103
v -0.895104 -2.058445 1.858103
v -0.893995 -2.058445 3.802568
v -0.893995 -2.058445 3.802568
v 0.913036 -2.058445 1.858103
v 0.913036 -2.058445 1.858103
v 0.913036 -2.058445 3.802568
v 0.913036 -2.058445 3.802568
v 0.913036 -1.438437 3.802568
v 0.913036 -1.438437 3.802568
v 0.913036 -1.438437 1.858103
v 0.913036 -1.438437 1.858103
v 0.869616 -1.438437 3.802567
v 0.869616 -1.438437 3.802567
v 0.869616 -1.438437 1.858103
v 0.869616 -1.438437 1.858103
v 0.869617 -2.058445 1.858103
v 0.869617 -2.058445 1.858103
v 0.869617 -2.058445 3.802568
v 0.869617 -2.058445 3.802568
v -0.985677 -1.388118 3.802568
v -0.985677 -1.388118 3.802568
v -1.679092 -1.388118 3.802568
v -1.679092 -1.388118 3.802568
v -0.986788 -1.388118 1.858103
v -0.986788 -1.388118 1.858103
v -1.680203 -1.388118 1.858103
v -1.680203 -1.388118 1.858103
v -1.679502 -1.347635 1.858103
v -1.679502 -1.347635 1.858103
v -1.678391 -1.347635 3.802568
v -1.678391 -1.347635 3.802568
v -0.986086 -1.347635 1.858103
v -0.986086 -1.347635 1.858103
v -0.984976 -1.347635 3.802568
v -0.984976 -1.347635 3.802568
v 1.662002 -1.388118 1.858103
v 1.662002 -1.388118 1.858103
v 0.952345 -1.388118 1.858103
v 0.952345 -1.388118 1.858103
v 0.952345 -1.388118 3.802568
v 0.952345 -1.388118 3.802568
v 1.663112 -1.388118 3.802568
v 1.663112 -1.388118 3.802568
v 1.663576 -1.347635 3.802568
v 1.663576 -1.347635 3.802568
v 1.662465 -1.347635 1.858103
v 1.662465 -1.347635 1.858103
v 0.952345 -1.347635 3.802568
v 0.952345 -1.347635 3.802568
v 0.952345 -1.347635 1.858103
v 0.952345 -1.347635 1.858103
v 1.721180 -1.315762 3.802568
v 1.721180 -1.315762 3.802568
v 1.738685 1.372067 3.802568
v 1.738685 1.372067 3.802568
v 1.737574 1.372066 1.858103
v 1.737574 1.372066 1.858103
v 1.720069 -1.315762 1.858103
v 1.720069 -1.315762 1.858103
v 1.679770 1.372066 1.858103
v 1.679770 1.372066 1.858103
v 1.679770 -1.315762 1.858103
v 1.679770 -1.315762 1.858103
v 1.679770 -1.315762 3.802567
v 1.679770 -1.315762 3.802567
v 1.679770 1.372067 3.802567
v 1.679770 1.372067 3.802567
v 1.647945 1.429810 3.802568
v 1.647945 1.429810 3.802568
v -1.625336 1.429810 3.802568
v -1.625336 1.429810 3.802568
v -1.626446 1.429809 1.858103
v -1.626446 1.429809 1.858103
v 1.646836 1.429809 1.858103
v 1.646836 1.429809 1.858103
v -1.626748 1.397445 1.858103
v -1.626748 1.397445 1.858103
v 1.646533 1.397446 1.858103
v 1.646533 1.397446 1.858103
v 1.647643 1.397446 3.802568
v 1.647643 1.397446 3.802568
v -1.625638 1.397446 3.802568
v -1.625638 1.397446 3.802568
v -1.717254 1.372066 1.858103
v -1.717254 1.372066 1.858103
v -1.717253 1.372067 3.802568
v -1.717253 1.372067 3.802568
v -1.717253 -1.315762 3.802567
v -1.717253 -1.315762 3.802567
v -1.717254 -1.315762 1.858103
v -1.717254 -1.315762 1.858103
v -1.674594 -1.315762 1.858103
v -1.674594 -1.315762 1.858103
v -1.674594 1.372066 1.858103
v -1.674594 1.372066 1.858103
v -1.674594 -1.315762 3.802567
v -1.674594 -1.315762 3.802567
v -1.674594 1.372067 3.802567
v -1.674594 1.372067 3.802567
v 1.024623 -2.252376 3.947288
v 1.024623 -2.252376 3.947288
v 1.024623 -2.252376 3.947288
v -1.061440 -2.238776 3.947288
v -1.061440 -2.238776 3.947288
v -1.061440 -2.238776 3.947288
v -1.936666 1.618133 3.947288
v -1.936666 1.618133 3.947288
v -1.936666 1.618133 3.947288
v 1.943287 1.618132 3.947288
v 1.943287 1.618132 3.947288
v 1.943287 1.618132 3.947288
v -1.936666 -1.399914 3.947288
v -1.936666 -1.399914 3.947288
v -1.936666 -1.399914 3.947288
v 1.943287 -1.425210 3.947288
v 1.943287 -1.425210 3.947288
v 1.943287 -1.425210 3.947288
v 1.631535 -1.193608 4.185449
v 1.631535 -1.193608 4.185449
v -1.627584 -1.193608 4.185449
v -1.627584 -1.193608 4.185449
v 1.631534 1.369526 4.185448
v 1.631534 1.369526 4.185448
v -1.627584 1.369526 4.185448
v -1.627584 1.369526 4.185448
v -0.323166 -1.394945 1.227045
v -0.323166 -1.394945 1.227045
v -0.323166 -1.394945 0.020052
v 0.305256 -1.394945 1.227045
v 0.305256 -1.394945 1.227045
v 0.305256 -1.394945 0.019413
v 0.305256 -1.446987 1.227045
v 0.305256 -1.446987 1.227045
v 0.305256 -1.446987 0.020237
v -0.323166 -1.446987 1.227045
v -0.323166 -1.446987 1.227045
v -0.323166 -1.446987 0.020539
v -0.289393 -1.446987 0.047230
v -0.289393 -1.446987 0.047230
v -0.289393 -1.446987 1.184271
v -0.289393 -1.446987 1.184271
v 0.272935 -1.446987 1.184271
v 0.272935 -1.446987 1.184271
v 0.272280 -1.446987 0.047230
v 0.272280 -1.446987 0.047230
v 0.275953 -0.985577 1.184271
v 0.275953 -0.985577 1.184271
v 0.275297 -0.985577 0.047230
v 0.275297 -0.985577 0.047230
v -0.289393 -0.985577 0.047230
v -0.289393 -0.985577 0.047230
v -0.289393 -0.985577 1.184271
v -0.289393 -0.985577 1.184271
v -0.734822 -1.395485 0.644039
v -0.735023 -1.511315 1.045896
v -0.884714 -1.395485 0.644039
v -0.884914 -1.510338 1.045968
v -0.885966 -1.679885 1.428486
v -0.884076 -1.395186 1.032647
v -0.885202 -1.562599 1.426845
v -0.736074 -1.680863 1.428414
v -0.734184 -1.395186 1.032647
v -0.735310 -1.563576 1.426773
v -0.886394 -1.761747 1.785975
v -0.736503 -1.762724 1.785975
v -0.737404 -1.901062 1.785975
v -0.887295 -1.900085 1.785975
v 0.701585 -1.910444 1.785975
v 0.702914 -1.690245 1.427722
v 0.851476 -1.911421 1.785975
v 0.852805 -1.691222 1.427650
v 0.852377 -1.773083 1.785975
v 0.853569 -1.573935 1.426010
v 0.702485 -1.772106 1.785975
v 0.703678 -1.572958 1.426082
v 0.853857 -1.521674 1.045132
v 0.703966 -1.520696 1.045204
v 0.704166 -1.395485 0.644039
v 0.854058 -1.395485 0.644039
v 0.477047 1.465950 0.831164
v 0.477047 1.465950 0.831164
v 1.266921 1.463397 0.831556
v 1.266921 1.463397 0.831556
v 0.477364 1.461888 0.366412
v 0.477364 1.461888 0.366412
v 1.267238 1.459334 0.366804
v 1.267238 1.459334 0.366804
v 0.475688 1.421403 0.831678
v 0.476004 1.421403 0.366927
v 1.265562 1.421403 0.832070
v 1.265878 1.421403 0.367318
v 1.224269 1.460476 0.791861
v 1.224269 1.460476 0.791861
v 1.224532 1.457089 0.404894
v 1.224532 1.457089 0.404894
v 0.519946 1.459366 0.404058
v 0.519946 1.459366 0.404058
v 0.519682 1.462752 0.791511
v 0.519682 1.462752 0.791511
v 0.518658 1.429612 0.404544
v 0.518394 1.429612 0.791999
v 1.222981 1.429612 0.792348
v 1.223244 1.429612 0.404894
v -0.111175 -1.071365 0.653765
v -0.111175 -1.071365 0.653765
v -0.511247 -1.395186 1.032647
v -0.361355 -1.395186 1.032647
v 0.704804 -1.395186 1.032647
v 0.854695 -1.395186 1.032647
v -1.056014 -1.405723 3.947288
v -1.056014 -1.405723 3.947288
v -1.056014 -1.405723 3.947288
v 1.030049 -1.419323 3.947288
v 1.030049 -1.419323 3.947288
v 1.030049 -1.419323 3.947288
v 0.247514 -0.985577 0.073084
v 0.247514 -1.036809 0.073084
v 0.247514 -1.036809 0.073084
v 0.248106 -1.036809 1.158417
v 0.248106 -1.036809 1.158417
v 0.248106 -0.985577 1.158417
v -0.261578 -0.985577 0.073084
v -0.261578 -1.036809 0.073084
v -0.261578 -1.036809 0.073084
v -0.261578 -1.036809 1.158417
v -0.261578 -1.036809 1.158417
v -0.261578 -0.985577 1.158417
v -0.208603 -1.069092 0.647348
v -0.208603 -1.069092 0.660183
v -1.754678 -1.457267 3.812171
v -1.754678 -1.457267 3.812171
v -1.754678 -1.457268 3.846391
v -1.754678 -1.457268 3.846391
v -1.754678 -1.420285 3.846391
v -1.754678 -1.420285 3.846391
v -1.754678 -1.420285 3.812171
v -1.754678 -1.420285 3.812171
v -1.129493 -1.513409 3.984162
v -1.129493 -1.476427 3.984162
v -1.129493 -1.513409 3.947288
v -1.129493 -1.476427 3.947288
v -0.541211 -1.986166 4.185448
v 0.545162 -1.998008 4.185448
v -0.541211 -1.193608 4.185448
v 0.545162 -1.193608 4.185448
v -1.129493 -1.468716 3.947288
v -1.129493 -1.521120 3.947288
v -1.715862 0.567526 3.060938
v -1.715862 0.567526 3.060938
v -1.715862 0.911992 3.061103
v -1.715862 0.911992 3.061103
v -1.715862 0.567958 2.305227
v -1.715862 0.567958 2.305227
v -1.715862 0.912424 2.305393
v -1.715862 0.912424 2.305393
v -1.674333 0.566933 3.059665
v -1.674333 0.567365 2.303954
v -1.674333 0.911399 3.059830
v -1.674333 0.911831 2.304119
v -1.692650 0.585761 2.323759
v -1.692650 0.585761 2.323759
v -1.692650 0.893033 2.323906
v -1.692650 0.893033 2.323906
v -1.692650 0.893033 3.040092
v -1.692650 0.893033 3.040092
v -1.692650 0.585761 3.039944
v -1.692650 0.585761 3.039944
v -1.715862 0.893391 3.041299
v -1.715862 0.893391 3.041299
v -1.715862 0.893800 2.325113
v -1.715862 0.893800 2.325113
v -1.715862 0.586528 2.324965
v -1.715862 0.586528 2.324965
v -1.715862 0.586118 3.041152
v -1.715862 0.586118 3.041152
v -1.715862 0.001394 3.060938
v -1.715862 0.001394 3.060938
v -1.715862 0.345861 3.061103
v -1.715862 0.345861 3.061103
v -1.715862 0.001826 2.305227
v -1.715862 0.001826 2.305227
v -1.715862 0.346293 2.305393
v -1.715862 0.346293 2.305393
v -1.674333 0.000802 3.059664
v -1.674333 0.001233 2.303954
v -1.674333 0.345268 3.059830
v -1.674333 0.345700 2.304120
v -1.692650 0.019630 2.323759
v -1.692650 0.019630 2.323759
v -1.692650 0.326902 2.323906
v -1.692650 0.326902 2.323906
v -1.692650 0.326902 3.040092
v -1.692650 0.326902 3.040092
v -1.692650 0.019630 3.039944
v -1.692650 0.019630 3.039944
v -1.715862 0.327259 3.041299
v -1.715862 0.327259 3.041299
v -1.715862 0.327669 2.325113
v -1.715862 0.327669 2.325113
v -1.715862 0.020397 2.324965
v -1.715862 0.020397 2.324965
v -1.715862 0.019987 3.041152
v -1.715862 0.019987 3.041152
v 1.721523 0.345107 3.060938
v 1.721523 0.345107 3.060938
v 1.721523 0.000641 3.061103
v 1.721523 0.000641 3.061103
v 1.721523 0.344675 2.305227
v 1.721523 0.344675 2.305227
v 1.721523 0.000209 2.305393
v 1.721523 0.000209 2.305393
v 1.679995 0.345700 3.059665
v 1.679995 0.345268 2.303954
v 1.679995 0.001234 3.059830
v 1.679995 0.000802 2.304120
v 1.698312 0.326871 2.323759
v 1.698312 0.326871 2.323759
v 1.698312 0.019599 2.323906
v 1.698312 0.019599 2.323906
v 1.698312 0.019599 3.040092
v 1.698312 0.019599 3.040092
v 1.698312 0.326871 3.039944
v 1.698312 0.326871 3.039944
v 1.721523 0.019242 3.041299
v 1.721523 0.019242 3.041299
v 1.721523 0.018833 2.325113
v 1.721523 0.018833 2.325113
v 1.721523 0.326105 2.324965
v 1.721523 0.326105 2.324965
v 1.721523 0.326514 3.041151
v 1.721523 0.326514 3.041151
v -1.129493 -1.476427 3.984162
v -1.129493 -1.453379 3.984162
v -1.129493 -1.453379 3.984162
v -1.129493 -1.513409 3.984162
v -1.129493 -2.309542 3.984162
v -1.129493 -2.309542 3.984162
v -1.129493 -1.513409 3.947288
v -1.129493 -2.309542 3.947288
v -1.129493 -2.309542 3.947288
v -1.129493 -1.476427 3.947288
v -1.129493 -1.453379 3.947288
v -1.129493 -1.453379 3.947288
v -2.007432 -1.453378 3.984162
v -2.007432 -1.453378 3.984162
v -2.007432 -1.453378 3.947288
v -2.007432 -1.453378 3.947288
v -2.007432 1.688899 3.984162
v -2.007432 1.688899 3.984162
v 2.014053 -1.495977 3.984162
v 2.014053 -1.495977 3.984162
v 2.014053 1.688899 3.984162
v 2.014053 1.688899 3.984162
v 1.095390 -2.323143 3.984162
v 1.095390 -2.323143 3.984162
v 2.014053 -1.495977 3.947288
v 2.014053 -1.495977 3.947288
v 1.100815 -1.490090 3.984162
v 1.100815 -1.490090 3.984162
v -2.007432 1.688899 3.947288
v -2.007432 1.688899 3.947288
v 2.014053 1.688899 3.947288
v 2.014053 1.688899 3.947288
v 1.100815 -1.490090 3.947288
v 1.100815 -1.490090 3.947288
v 1.095390 -2.323143 3.947288
v 1.095390 -2.323143 3.947288
vt 0.369794 0.504958
vt 0.324520 0.504958
vt 0.324520 0.479213
vt 0.374450 0.473152
vt 0.374470 0.511018
vt 0.378160 0.515588
vt 0.374470 0.511018
vt 0.378160 0.515588
vt 0.314707 0.515588
vt 0.314707 0.515588
vt 0.314707 0.469149
vt 0.318992 0.473181
vt 0.314707 0.469149
vt 0.318992 0.473181
vt 0.374450 0.473152
vt 0.318992 0.473181
vt 0.321979 0.476244
vt 0.321996 0.507812
vt 0.318992 0.473181
vt 0.374450 0.473152
vt 0.371978 0.476218
vt 0.374450 0.473152
vt 0.374470 0.511018
vt 0.371994 0.507786
vt 0.318992 0.511047
vt 0.321996 0.507812
vt 0.371994 0.507786
vt 0.371978 0.476218
vt 0.371994 0.507786
vt 0.369794 0.504958
vt 0.324520 0.504958
vt 0.321996 0.507812
vt 0.371994 0.507786
vt 0.321979 0.476244
vt 0.321996 0.507812
vt 0.324520 0.504958
vt 0.324520 0.479213
vt 0.321979 0.476244
vt 0.371978 0.476218
vt 0.301435 0.504347
vt 0.256161 0.504347
vt 0.256161 0.478602
vt 0.306091 0.472541
vt 0.309802 0.468539
vt 0.309802 0.514978
vt 0.306111 0.510408
vt 0.309802 0.514978
vt 0.246349 0.514978
vt 0.250634 0.472571
vt 0.246349 0.468539
vt 0.246349 0.514978
vt 0.246349 0.468539
vt 0.250634 0.472571
vt 0.306091 0.472541
vt 0.250634 0.472571
vt 0.253620 0.475633
vt 0.253637 0.507202
vt 0.250634 0.472571
vt 0.306091 0.472541
vt 0.303619 0.475607
vt 0.306091 0.472541
vt 0.306111 0.510408
vt 0.303636 0.507176
vt 0.250634 0.510437
vt 0.253637 0.507202
vt 0.303636 0.507176
vt 0.301435 0.504347
vt 0.303636 0.507176
vt 0.303619 0.475607
vt 0.256161 0.504347
vt 0.253637 0.507202
vt 0.303636 0.507176
vt 0.256161 0.504347
vt 0.253637 0.507202
vt 0.253620 0.475633
vt 0.256161 0.478602
vt 0.253620 0.475633
vt 0.303619 0.475607
vt 0.189024 0.504347
vt 0.189024 0.478602
vt 0.234142 0.478602
vt 0.238953 0.472541
vt 0.242664 0.468539
vt 0.242664 0.514978
vt 0.238973 0.510408
vt 0.242664 0.514978
vt 0.179211 0.514978
vt 0.183496 0.472571
vt 0.179211 0.468539
vt 0.179211 0.514978
vt 0.179211 0.468539
vt 0.183496 0.472571
vt 0.238953 0.472541
vt 0.183496 0.472571
vt 0.186482 0.475633
vt 0.186499 0.507202
vt 0.238953 0.472541
vt 0.236481 0.475607
vt 0.186482 0.475633
vt 0.238953 0.472541
vt 0.238973 0.510408
vt 0.236498 0.507176
vt 0.238973 0.510408
vt 0.183496 0.510437
vt 0.186499 0.507202
vt 0.234297 0.504347
vt 0.236498 0.507176
vt 0.236481 0.475607
vt 0.189024 0.504347
vt 0.186499 0.507202
vt 0.236498 0.507176
vt 0.189024 0.504347
vt 0.186499 0.507202
vt 0.186482 0.475633
vt 0.189024 0.478602
vt 0.186482 0.475633
vt 0.236481 0.475607
vt 0.122496 0.504347
vt 0.122496 0.478602
vt 0.167614 0.478602
vt 0.172426 0.472541
vt 0.172446 0.510408
vt 0.176136 0.514978
vt 0.172446 0.510408
vt 0.176136 0.514978
vt 0.112683 0.514978
vt 0.112683 0.514978
vt 0.112683 0.468539
vt 0.116968 0.472571
vt 0.112683 0.468539
vt 0.116968 0.472571
vt 0.172426 0.472541
vt 0.116968 0.472571
vt 0.119955 0.475633
vt 0.119971 0.507202
vt 0.172426 0.472541
vt 0.169954 0.475607
vt 0.119955 0.475633
vt 0.172426 0.472541
vt 0.172446 0.510408
vt 0.169970 0.507176
vt 0.172446 0.510408
vt 0.116968 0.510437
vt 0.119971 0.507202
vt 0.169954 0.475607
vt 0.169970 0.507176
vt 0.167770 0.504347
vt 0.122496 0.504347
vt 0.119971 0.507202
vt 0.169970 0.507176
vt 0.119955 0.475633
vt 0.119971 0.507202
vt 0.122496 0.504347
vt 0.122496 0.478602
vt 0.119955 0.475633
vt 0.169954 0.475607
vt 0.501943 0.694126
vt 0.507451 0.690136
vt 0.507451 0.743870
vt 0.398330 0.694126
vt 0.393653 0.690136
vt 0.507451 0.690136
vt 0.398330 0.694126
vt 0.393653 0.690136
vt 0.393653 0.743870
vt 0.398351 0.738581
vt 0.393653 0.743870
vt 0.507451 0.743870
vt 0.389918 0.747804
vt 0.389918 0.686474
vt 0.393653 0.690136
vt 0.510915 0.747804
vt 0.389918 0.747804
vt 0.393653 0.743870
vt 0.510915 0.747804
vt 0.507451 0.743870
vt 0.507451 0.690136
vt 0.510915 0.686474
vt 0.507451 0.690136
vt 0.393653 0.690136
vt 0.516723 0.680739
vt 0.510915 0.686474
vt 0.510915 0.747804
vt 0.510915 0.686474
vt 0.516723 0.680739
vt 0.384233 0.680739
vt 0.389918 0.747804
vt 0.384233 0.753699
vt 0.384233 0.680739
vt 0.510915 0.747804
vt 0.516723 0.753699
vt 0.384233 0.753699
vt 0.398351 0.738581
vt 0.398330 0.694126
vt 0.501943 0.694126
vt 0.800605 0.615195
vt 0.796614 0.609688
vt 0.850348 0.609688
vt 0.796614 0.609688
vt 0.796614 0.723486
vt 0.800605 0.718809
vt 0.800605 0.718809
vt 0.796614 0.723486
vt 0.850348 0.723486
vt 0.850348 0.609688
vt 0.850348 0.723486
vt 0.845059 0.718787
vt 0.854282 0.727220
vt 0.792952 0.727220
vt 0.796614 0.723486
vt 0.854282 0.606224
vt 0.854282 0.727220
vt 0.850348 0.723486
vt 0.854282 0.606224
vt 0.850348 0.609688
vt 0.796614 0.609688
vt 0.792952 0.606224
vt 0.796614 0.609688
vt 0.796614 0.723486
vt 0.787217 0.600415
vt 0.792952 0.606224
vt 0.854282 0.606224
vt 0.787217 0.732906
vt 0.787217 0.600415
vt 0.792952 0.606224
vt 0.854282 0.727220
vt 0.860177 0.732906
vt 0.787217 0.732906
vt 0.854282 0.606224
vt 0.854282 0.727220
vt 0.860177 0.732906
vt 0.845059 0.718787
vt 0.800605 0.718809
vt 0.800605 0.615195
vt 0.720586 0.614927
vt 0.716596 0.609420
vt 0.770330 0.609420
vt 0.716596 0.609420
vt 0.716596 0.723218
vt 0.720586 0.718540
vt 0.720586 0.718540
vt 0.716596 0.723218
vt 0.770330 0.723218
vt 0.770330 0.609420
vt 0.770330 0.723218
vt 0.765041 0.718519
vt 0.774264 0.726952
vt 0.712933 0.726952
vt 0.716596 0.723218
vt 0.774264 0.605955
vt 0.774264 0.726952
vt 0.770330 0.723218
vt 0.774264 0.605955
vt 0.770330 0.609420
vt 0.716596 0.609420
vt 0.712933 0.605955
vt 0.716596 0.609420
vt 0.716596 0.723218
vt 0.707199 0.600147
vt 0.712933 0.605955
vt 0.774264 0.605955
vt 0.707199 0.732638
vt 0.707199 0.600147
vt 0.712933 0.605955
vt 0.774264 0.726952
vt 0.780158 0.732638
vt 0.707199 0.732638
vt 0.774264 0.605955
vt 0.774264 0.726952
vt 0.780158 0.732638
vt 0.765041 0.718519
vt 0.720586 0.718540
vt 0.720586 0.614927
vt 0.604462 0.568866
vt 0.600618 0.563560
vt 0.652384 0.563560
vt 0.600618 0.563560
vt 0.600618 0.673190
vt 0.604462 0.668684
vt 0.604462 0.668684
vt 0.600618 0.673190
vt 0.652384 0.673190
vt 0.652384 0.563560
vt 0.652384 0.673190
vt 0.647288 0.668663
vt 0.656174 0.676787
vt 0.597090 0.676787
vt 0.600618 0.673190
vt 0.656174 0.560223
vt 0.656174 0.676787
vt 0.652384 0.673190
vt 0.656174 0.560223
vt 0.652384 0.563560
vt 0.600618 0.563560
vt 0.597090 0.560223
vt 0.600618 0.563560
vt 0.600618 0.673190
vt 0.591565 0.554627
vt 0.597090 0.560223
vt 0.656174 0.560223
vt 0.591565 0.682265
vt 0.591565 0.554627
vt 0.597090 0.560223
vt 0.656174 0.676787
vt 0.661852 0.682265
vt 0.591565 0.682265
vt 0.656174 0.560223
vt 0.656174 0.676787
vt 0.661852 0.682265
vt 0.647288 0.668663
vt 0.604462 0.668684
vt 0.604462 0.568866
vt 0.980838 0.766877
vt 0.986419 0.762833
vt 0.986419 0.817285
vt 0.875839 0.766877
vt 0.871099 0.762833
vt 0.986419 0.762833
vt 0.875839 0.766877
vt 0.871099 0.762833
vt 0.871099 0.817285
vt 0.875861 0.811926
vt 0.871099 0.817285
vt 0.986419 0.817285
vt 0.867315 0.821272
vt 0.867315 0.759122
vt 0.871099 0.762833
vt 0.989930 0.821272
vt 0.867315 0.821272
vt 0.871099 0.817285
vt 0.989930 0.821272
vt 0.986419 0.817285
vt 0.986419 0.762833
vt 0.989930 0.759122
vt 0.986419 0.762833
vt 0.871099 0.762833
vt 0.995816 0.753310
vt 0.989930 0.759122
vt 0.989930 0.821272
vt 0.989930 0.759122
vt 0.995816 0.753310
vt 0.861553 0.753310
vt 0.867315 0.821272
vt 0.861553 0.827245
vt 0.861553 0.753310
vt 0.989930 0.821272
vt 0.995816 0.827245
vt 0.861553 0.827245
vt 0.875861 0.811926
vt 0.875839 0.766877
vt 0.980838 0.766877
vt 0.603911 0.433128
vt 0.599921 0.427621
vt 0.653655 0.427621
vt 0.603911 0.536741
vt 0.599921 0.541419
vt 0.599921 0.427621
vt 0.603911 0.536741
vt 0.599921 0.541419
vt 0.653655 0.541419
vt 0.648366 0.536720
vt 0.653655 0.541419
vt 0.653655 0.427621
vt 0.657589 0.545153
vt 0.596258 0.545153
vt 0.599921 0.541419
vt 0.657589 0.424156
vt 0.657589 0.545153
vt 0.653655 0.541419
vt 0.657589 0.424156
vt 0.653655 0.427621
vt 0.599921 0.427621
vt 0.596258 0.424156
vt 0.599921 0.427621
vt 0.599921 0.541419
vt 0.590524 0.418348
vt 0.596258 0.424156
vt 0.657589 0.424156
vt 0.596258 0.424156
vt 0.590524 0.418348
vt 0.590524 0.550839
vt 0.657589 0.545153
vt 0.663483 0.550839
vt 0.590524 0.550839
vt 0.657589 0.424156
vt 0.663483 0.418348
vt 0.663483 0.550839
vt 0.648366 0.536720
vt 0.603911 0.536741
vt 0.603911 0.433128
vt 0.394554 0.521533
vt 0.389108 0.525479
vt 0.389108 0.472340
vt 0.497020 0.521533
vt 0.501646 0.525479
vt 0.389108 0.525479
vt 0.497020 0.521533
vt 0.501646 0.525479
vt 0.501646 0.472340
vt 0.496999 0.477571
vt 0.501646 0.472340
vt 0.389108 0.472340
vt 0.505339 0.468450
vt 0.505339 0.529101
vt 0.501646 0.525479
vt 0.385682 0.468450
vt 0.505339 0.468450
vt 0.501646 0.472340
vt 0.385682 0.468450
vt 0.389108 0.472340
vt 0.389108 0.525479
vt 0.385682 0.529101
vt 0.389108 0.525479
vt 0.501646 0.525479
vt 0.379938 0.534772
vt 0.385682 0.529101
vt 0.385682 0.468450
vt 0.385682 0.529101
vt 0.379938 0.534772
vt 0.510961 0.534772
vt 0.505339 0.468450
vt 0.510961 0.462620
vt 0.510961 0.534772
vt 0.385682 0.468450
vt 0.379938 0.462620
vt 0.510961 0.462620
vt 0.496999 0.477571
vt 0.497020 0.521533
vt 0.394554 0.521533
vt 0.527143 0.432417
vt 0.523153 0.426909
vt 0.576887 0.426909
vt 0.523153 0.426909
vt 0.523153 0.540708
vt 0.527143 0.536030
vt 0.527143 0.536030
vt 0.523153 0.540708
vt 0.576887 0.540708
vt 0.576887 0.426909
vt 0.576887 0.540708
vt 0.571598 0.536009
vt 0.580821 0.544442
vt 0.519490 0.544442
vt 0.523153 0.540708
vt 0.580821 0.423445
vt 0.580821 0.544442
vt 0.576887 0.540708
vt 0.580821 0.423445
vt 0.576887 0.426909
vt 0.523153 0.426909
vt 0.519490 0.423445
vt 0.523153 0.426909
vt 0.523153 0.540708
vt 0.513756 0.417637
vt 0.519490 0.423445
vt 0.580821 0.423445
vt 0.513756 0.550127
vt 0.513756 0.417637
vt 0.519490 0.423445
vt 0.580821 0.544442
vt 0.586715 0.550127
vt 0.513756 0.550127
vt 0.580821 0.423445
vt 0.580821 0.544442
vt 0.586715 0.550127
vt 0.571598 0.536009
vt 0.527143 0.536030
vt 0.527143 0.432417
vt 0.346647 0.530629
vt 0.351912 0.526815
vt 0.351912 0.578186
vt 0.351912 0.526815
vt 0.243118 0.526815
vt 0.247589 0.530629
vt 0.247589 0.530629
vt 0.243118 0.526815
vt 0.243118 0.578186
vt 0.351912 0.578186
vt 0.243118 0.578186
vt 0.247610 0.573129
vt 0.239547 0.581947
vt 0.239547 0.523313
vt 0.243118 0.526815
vt 0.355224 0.581947
vt 0.239547 0.581947
vt 0.243118 0.578186
vt 0.355224 0.581947
vt 0.351912 0.578186
vt 0.351912 0.526815
vt 0.355224 0.523313
vt 0.351912 0.526815
vt 0.243118 0.526815
vt 0.360777 0.517831
vt 0.355224 0.523313
vt 0.355224 0.581947
vt 0.234112 0.517831
vt 0.360777 0.517831
vt 0.355224 0.523313
vt 0.239547 0.581947
vt 0.234112 0.587582
vt 0.234112 0.517831
vt 0.355224 0.581947
vt 0.239547 0.581947
vt 0.234112 0.587582
vt 0.247610 0.573129
vt 0.247589 0.530629
vt 0.346647 0.530629
vt 0.531799 0.569223
vt 0.527954 0.563917
vt 0.579720 0.563917
vt 0.531799 0.669041
vt 0.527954 0.673547
vt 0.527954 0.563917
vt 0.531799 0.669041
vt 0.527954 0.673547
vt 0.579720 0.673547
vt 0.574625 0.669021
vt 0.579720 0.673547
vt 0.579720 0.563917
vt 0.583510 0.677145
vt 0.524426 0.677145
vt 0.527954 0.673547
vt 0.583510 0.560580
vt 0.583510 0.677145
vt 0.579720 0.673547
vt 0.583510 0.560580
vt 0.579720 0.563917
vt 0.527954 0.563917
vt 0.524426 0.560580
vt 0.527954 0.563917
vt 0.527954 0.673547
vt 0.518901 0.554985
vt 0.524426 0.560580
vt 0.583510 0.560580
vt 0.524426 0.560580
vt 0.518901 0.554985
vt 0.518901 0.682622
vt 0.583510 0.677145
vt 0.589189 0.682622
vt 0.518901 0.682622
vt 0.583510 0.560580
vt 0.589189 0.554985
vt 0.589189 0.682622
vt 0.574625 0.669021
vt 0.531799 0.669041
vt 0.531799 0.569223
vt 0.395059 0.595302
vt 0.389678 0.599201
vt 0.389678 0.546697
vt 0.389678 0.599201
vt 0.500871 0.599201
vt 0.496301 0.595302
vt 0.496301 0.595302
vt 0.500871 0.599201
vt 0.500871 0.546697
vt 0.496280 0.551865
vt 0.500871 0.546697
vt 0.389678 0.546697
vt 0.504520 0.542853
vt 0.504520 0.602780
vt 0.500871 0.599201
vt 0.386293 0.542853
vt 0.504520 0.542853
vt 0.500871 0.546697
vt 0.386293 0.542853
vt 0.389678 0.546697
vt 0.389678 0.599201
vt 0.386293 0.602780
vt 0.389678 0.599201
vt 0.500871 0.599201
vt 0.380617 0.608383
vt 0.386293 0.602780
vt 0.386293 0.542853
vt 0.510075 0.608383
vt 0.380617 0.608383
vt 0.386293 0.602780
vt 0.504520 0.542853
vt 0.510075 0.537094
vt 0.510075 0.608383
vt 0.386293 0.542853
vt 0.380617 0.537094
vt 0.510075 0.537094
vt 0.496280 0.551865
vt 0.496301 0.595302
vt 0.395059 0.595302
vt 0.997531 0.910899
vt 0.960678 0.910770
vt 0.960678 0.847118
vt 0.960678 0.910770
vt 0.926079 0.910770
vt 0.926079 0.847118
vt 0.889057 0.847118
vt 0.889057 0.910770
vt 0.926079 0.910770
vt 0.853167 0.910770
vt 0.889057 0.910770
vt 0.889057 0.847118
vt 0.853167 0.930279
vt 0.889057 0.930279
vt 0.889057 0.910770
vt 0.889057 0.930279
vt 0.926079 0.930279
vt 0.926079 0.910770
vt 0.926079 0.910770
vt 0.960678 0.910770
vt 0.960678 0.930279
vt 0.960678 0.910770
vt 0.997531 0.910899
vt 0.997531 0.930279
vt 0.960678 0.930279
vt 0.997531 0.930279
vt 0.997531 0.939529
vt 0.926079 0.930279
vt 0.960678 0.930279
vt 0.960678 0.939529
vt 0.889057 0.939529
vt 0.926079 0.939529
vt 0.926079 0.930279
vt 0.853167 0.930279
vt 0.853167 0.939529
vt 0.889057 0.939529
vt 0.889057 0.939529
vt 0.889057 0.949877
vt 0.853167 0.949877
vt 0.926079 0.939529
vt 0.926079 0.949877
vt 0.889057 0.949877
vt 0.960678 0.939529
vt 0.960678 0.949877
vt 0.926079 0.949877
vt 0.997531 0.939529
vt 0.997531 0.949877
vt 0.960678 0.949877
vt 0.960678 0.949877
vt 0.960678 0.977023
vt 0.997531 0.977023
vt 0.926079 0.977023
vt 0.960678 0.977023
vt 0.960678 0.949877
vt 0.889057 0.949877
vt 0.926079 0.949877
vt 0.926079 0.977023
vt 0.889057 0.949877
vt 0.889057 0.977023
vt 0.853167 0.977023
vt 0.432039 0.251664
vt 0.429503 0.246364
vt 0.434403 0.245758
vt 0.429502 0.242454
vt 0.434403 0.242836
vt 0.440153 0.241415
vt 0.429502 0.242454
vt 0.434403 0.242836
vt 0.434403 0.245758
vt 0.441267 0.249225
vt 0.440697 0.247179
vt 0.432039 0.251664
vt 0.434403 0.242836
vt 0.439577 0.242836
vt 0.439577 0.245758
vt 0.434403 0.242836
vt 0.439577 0.242836
vt 0.440153 0.241415
vt 0.440697 0.247179
vt 0.434403 0.245758
vt 0.439577 0.245758
vt 0.440697 0.247179
vt 0.439577 0.245758
vt 0.450941 0.245758
vt 0.450942 0.242836
vt 0.450946 0.241412
vt 0.440153 0.241415
vt 0.439577 0.242836
vt 0.450942 0.242836
vt 0.450941 0.245758
vt 0.450941 0.245758
vt 0.461625 0.245758
vt 0.462020 0.246670
vt 0.450942 0.242836
vt 0.461625 0.242836
vt 0.462030 0.241723
vt 0.450942 0.242836
vt 0.461625 0.242836
vt 0.461625 0.245758
vt 0.461625 0.245758
vt 0.461625 0.242836
vt 0.466558 0.244238
vt 0.461625 0.242836
vt 0.466558 0.244238
vt 0.462030 0.241723
vt 0.462020 0.246670
vt 0.466558 0.244238
vt 0.461625 0.245758
vt 0.433379 0.253445
vt 0.426484 0.256049
vt 0.425818 0.253853
vt 0.429503 0.246364
vt 0.424336 0.247613
vt 0.424336 0.241500
vt 0.431596 0.237071
vt 0.425280 0.235945
vt 0.424336 0.241500
vt 0.432039 0.251664
vt 0.425818 0.253853
vt 0.424336 0.247613
vt 0.335956 0.662486
vt 0.335956 0.665063
vt 0.295962 0.665063
vt 0.295962 0.665063
vt 0.335956 0.665063
vt 0.335956 0.669474
vt 0.335956 0.662486
vt 0.335956 0.658136
vt 0.295962 0.658136
vt 0.295962 0.636453
vt 0.335956 0.636453
vt 0.335956 0.639030
vt 0.295962 0.639030
vt 0.335956 0.639030
vt 0.335956 0.643718
vt 0.335956 0.631827
vt 0.295962 0.631827
vt 0.295962 0.636453
vt 0.295962 0.650107
vt 0.335956 0.650107
vt 0.335956 0.652684
vt 0.295962 0.652684
vt 0.335956 0.652684
vt 0.335956 0.656786
vt 0.335956 0.646067
vt 0.295962 0.646067
vt 0.295962 0.650107
vt 0.335956 0.623301
vt 0.335956 0.625877
vt 0.295962 0.625877
vt 0.295962 0.625877
vt 0.335956 0.625877
vt 0.335956 0.629599
vt 0.335956 0.623301
vt 0.335956 0.619641
vt 0.295962 0.619641
vt 0.295962 0.610073
vt 0.335956 0.610073
vt 0.335956 0.612649
vt 0.295962 0.612649
vt 0.335956 0.612649
vt 0.335956 0.617197
vt 0.335956 0.610073
vt 0.335956 0.605548
vt 0.295962 0.605548
vt 0.335956 0.596764
vt 0.335956 0.599341
vt 0.295962 0.599341
vt 0.295962 0.599341
vt 0.335956 0.599341
vt 0.335956 0.603423
vt 0.335956 0.592743
vt 0.295962 0.592743
vt 0.295962 0.596764
vt 0.039916 0.453064
vt 0.039916 0.457362
vt 0.411588 0.457362
vt 0.039916 0.457362
vt 0.039916 0.461236
vt 0.411588 0.461236
vt 0.039916 0.438303
vt 0.411588 0.438303
vt 0.411588 0.434978
vt 0.039916 0.441704
vt 0.411588 0.441704
vt 0.411588 0.438303
vt 0.411588 0.441704
vt 0.411588 0.445028
vt 0.039916 0.445028
vt 0.411588 0.445028
vt 0.411588 0.449284
vt 0.039916 0.449284
vt 0.411588 0.453064
vt 0.039916 0.453064
vt 0.039916 0.449284
vt 0.411588 0.453064
vt 0.411588 0.449284
vt 0.412851 0.449284
vt 0.412851 0.449284
vt 0.412851 0.445028
vt 0.411588 0.445028
vt 0.412851 0.445028
vt 0.412851 0.441704
vt 0.411588 0.441704
vt 0.411588 0.438303
vt 0.412851 0.438303
vt 0.412851 0.441704
vt 0.411588 0.457362
vt 0.412789 0.457362
vt 0.412851 0.461236
vt 0.411588 0.457362
vt 0.411588 0.453064
vt 0.412789 0.453064
vt 0.412789 0.457362
vt 0.412789 0.453064
vt 0.413624 0.453064
vt 0.412789 0.457362
vt 0.413624 0.457362
vt 0.413624 0.461236
vt 0.412851 0.438303
vt 0.412851 0.434978
vt 0.413624 0.434978
vt 0.412851 0.441704
vt 0.412851 0.438303
vt 0.413624 0.438303
vt 0.413624 0.445028
vt 0.413624 0.441704
vt 0.412851 0.441704
vt 0.412851 0.449284
vt 0.413624 0.449284
vt 0.413624 0.445028
vt 0.412851 0.449284
vt 0.413624 0.449284
vt 0.413624 0.453064
vt 0.047176 0.508596
vt 0.106944 0.516660
vt 0.107315 0.501074
vt 0.910679 0.183675
vt 0.925145 0.195692
vt 0.880895 0.195692
vt 0.880895 0.195692
vt 0.925145 0.195692
vt 0.925145 0.208561
vt 0.910679 0.220298
vt 0.925145 0.208561
vt 0.880895 0.208561
vt 0.960793 0.220297
vt 0.960793 0.208561
vt 0.925145 0.208561
vt 0.925145 0.208561
vt 0.925145 0.195692
vt 0.960793 0.195692
vt 0.925145 0.195692
vt 0.910679 0.183675
vt 0.960793 0.183675
vt 0.960793 0.238521
vt 0.960793 0.220297
vt 0.910679 0.220298
vt 0.960793 0.238521
vt 0.994903 0.238521
vt 0.994903 0.220298
vt 0.960793 0.195692
vt 0.960793 0.183675
vt 0.994903 0.183675
vt 0.960793 0.195692
vt 0.994902 0.195692
vt 0.994902 0.208561
vt 0.994903 0.220298
vt 0.994902 0.208561
vt 0.960793 0.208561
vt 0.962370 0.020648
vt 0.996480 0.020648
vt 0.996480 0.008631
vt 0.962370 0.033517
vt 0.996480 0.033517
vt 0.996480 0.020648
vt 0.962370 0.033517
vt 0.996480 0.033517
vt 0.996480 0.045254
vt 0.962369 0.045254
vt 0.996480 0.045254
vt 0.996480 0.063477
vt 0.962369 0.045254
vt 0.962369 0.063477
vt 0.912256 0.063477
vt 0.926722 0.033517
vt 0.962370 0.033517
vt 0.962369 0.045254
vt 0.926722 0.020648
vt 0.926722 0.033517
vt 0.962370 0.033517
vt 0.926722 0.020648
vt 0.962370 0.020648
vt 0.962370 0.008631
vt 0.912256 0.008631
vt 0.882472 0.020648
vt 0.926722 0.020648
vt 0.882472 0.033517
vt 0.926722 0.033517
vt 0.926722 0.020648
vt 0.912256 0.045254
vt 0.882472 0.033517
vt 0.926722 0.033517
vt 0.996475 0.416874
vt 0.996008 0.575947
vt 0.667569 0.575947
vt 0.612553 0.232583
vt 0.884882 0.232583
vt 0.884882 0.393227
vt 0.006061 0.393082
vt 0.006061 0.232583
vt 0.278642 0.232583
vt 0.667569 0.575947
vt 0.665314 0.581849
vt 0.998624 0.581849
vt 0.006061 0.393082
vt 0.006061 0.398628
vt 0.278703 0.398611
vt 0.612091 0.398613
vt 0.884882 0.398632
vt 0.884882 0.393227
vt 0.278703 0.398611
vt 0.612091 0.398613
vt 0.612553 0.393160
vt 0.278703 0.398611
vt 0.612091 0.398613
vt 0.612091 0.408004
vt 0.612091 0.398613
vt 0.884882 0.398632
vt 0.884882 0.408022
vt 0.006061 0.398628
vt 0.278703 0.398611
vt 0.278703 0.408002
vt 0.998624 0.581849
vt 0.998624 0.591240
vt 0.665314 0.591240
vt 0.665314 0.591240
vt 0.998624 0.591240
vt 0.999328 0.595888
vt 0.006061 0.408019
vt 0.278703 0.408002
vt 0.279567 0.412858
vt 0.884882 0.408022
vt 0.885674 0.412858
vt 0.612576 0.412858
vt 0.612091 0.408004
vt 0.612576 0.412858
vt 0.279567 0.412858
vt 0.522532 0.702473
vt 0.523526 0.757470
vt 0.700927 0.757503
vt 0.523526 0.955216
vt 0.523526 0.757470
vt 0.529327 0.764351
vt 0.523526 0.955216
vt 0.529433 0.949838
vt 0.694911 0.949838
vt 0.700927 0.955249
vt 0.694911 0.949838
vt 0.694805 0.764351
vt 0.523526 0.757470
vt 0.700927 0.757503
vt 0.694805 0.764351
vt 0.694805 0.764351
vt 0.691095 0.769058
vt 0.533086 0.769045
vt 0.691095 0.769058
vt 0.691150 0.944926
vt 0.694911 0.949838
vt 0.694911 0.949838
vt 0.691150 0.944926
vt 0.533148 0.944914
vt 0.529433 0.949838
vt 0.533148 0.944914
vt 0.533086 0.769045
vt 0.691095 0.769058
vt 0.691150 0.944926
vt 0.533148 0.944914
vt 0.523526 0.955216
vt 0.518144 0.949838
vt 0.518144 0.764351
vt 0.454195 0.955187
vt 0.459000 0.949838
vt 0.518144 0.949838
vt 0.454195 0.757441
vt 0.523526 0.757470
vt 0.518144 0.764351
vt 0.454195 0.955187
vt 0.454195 0.757441
vt 0.459000 0.764351
vt 0.459000 0.949838
vt 0.459000 0.764351
vt 0.463505 0.769058
vt 0.459000 0.764351
vt 0.518144 0.764351
vt 0.512481 0.769058
vt 0.512481 0.944914
vt 0.463505 0.944914
vt 0.459000 0.949838
vt 0.512481 0.769058
vt 0.512481 0.944914
vt 0.518144 0.949838
vt 0.463505 0.769058
vt 0.512481 0.769058
vt 0.512481 0.944914
vt 0.700927 0.955249
vt 0.700927 0.757503
vt 0.706172 0.764416
vt 0.770124 0.955278
vt 0.700927 0.955249
vt 0.706172 0.949903
vt 0.770124 0.757532
vt 0.765317 0.764416
vt 0.706172 0.764416
vt 0.770124 0.955278
vt 0.765317 0.949903
vt 0.765317 0.764416
vt 0.765317 0.764416
vt 0.765317 0.949903
vt 0.760028 0.944914
vt 0.765317 0.764416
vt 0.760028 0.769058
vt 0.711032 0.769058
vt 0.760028 0.944914
vt 0.711032 0.944914
vt 0.706172 0.949903
vt 0.706172 0.949903
vt 0.711032 0.944914
vt 0.711032 0.769058
vt 0.760028 0.944914
vt 0.711032 0.944914
vt 0.711032 0.769058
vt 0.380507 0.955158
vt 0.384147 0.949780
vt 0.450294 0.949780
vt 0.454195 0.955187
vt 0.450294 0.949780
vt 0.450188 0.764292
vt 0.380507 0.756929
vt 0.454195 0.757441
vt 0.450188 0.764292
vt 0.380507 0.955158
vt 0.380507 0.756929
vt 0.384041 0.764292
vt 0.384147 0.949780
vt 0.389275 0.946012
vt 0.389275 0.769236
vt 0.450188 0.764292
vt 0.445483 0.769236
vt 0.389275 0.769236
vt 0.450294 0.949780
vt 0.445483 0.946012
vt 0.445483 0.769236
vt 0.450294 0.949780
vt 0.445483 0.946012
vt 0.389275 0.946012
vt 0.389275 0.946012
vt 0.389275 0.769236
vt 0.445483 0.769236
vt 0.770124 0.757532
vt 0.847076 0.757045
vt 0.841578 0.764408
vt 0.770124 0.955278
vt 0.770124 0.757532
vt 0.773882 0.764408
vt 0.770124 0.955278
vt 0.773882 0.949896
vt 0.841684 0.949896
vt 0.847189 0.955274
vt 0.841684 0.949896
vt 0.841578 0.764408
vt 0.837183 0.769352
vt 0.837183 0.946128
vt 0.841684 0.949896
vt 0.841684 0.949896
vt 0.837183 0.946128
vt 0.778004 0.946128
vt 0.773882 0.949896
vt 0.773882 0.764408
vt 0.778004 0.769352
vt 0.841578 0.764408
vt 0.837183 0.769352
vt 0.778004 0.769352
vt 0.837183 0.769352
vt 0.837183 0.946128
vt 0.778004 0.946128
vt 0.277398 0.206235
vt 0.006363 0.206235
vt 0.013265 0.200721
vt 0.277398 0.206235
vt 0.269664 0.200721
vt 0.269664 0.010555
vt 0.006363 0.206235
vt 0.006363 0.003068
vt 0.013265 0.010555
vt 0.277454 0.003068
vt 0.269664 0.010555
vt 0.013265 0.010555
vt 0.013265 0.010555
vt 0.269664 0.010555
vt 0.262323 0.016386
vt 0.018695 0.194809
vt 0.018695 0.016386
vt 0.013265 0.010555
vt 0.269664 0.010555
vt 0.262323 0.016386
vt 0.262323 0.194809
vt 0.262323 0.194809
vt 0.018695 0.194809
vt 0.013265 0.200721
vt 0.262323 0.016386
vt 0.262323 0.194809
vt 0.018695 0.194809
vt 0.277398 0.206235
vt 0.283738 0.200721
vt 0.595985 0.200721
vt 0.602490 0.206237
vt 0.595985 0.200721
vt 0.596091 0.010555
vt 0.277398 0.206235
vt 0.277454 0.003068
vt 0.283844 0.010555
vt 0.602490 0.003070
vt 0.596091 0.010555
vt 0.283844 0.010555
vt 0.596091 0.010555
vt 0.589780 0.016275
vt 0.292012 0.016275
vt 0.292012 0.194371
vt 0.292012 0.016275
vt 0.283844 0.010555
vt 0.596091 0.010555
vt 0.589780 0.016275
vt 0.589780 0.194371
vt 0.595985 0.200721
vt 0.589780 0.194371
vt 0.292012 0.194371
vt 0.292012 0.016275
vt 0.589780 0.016275
vt 0.589780 0.194371
vt 0.602490 0.206237
vt 0.602490 0.003070
vt 0.610317 0.010559
vt 0.602490 0.206237
vt 0.610317 0.200725
vt 0.866716 0.200725
vt 0.873618 0.206239
vt 0.866716 0.200725
vt 0.866716 0.010559
vt 0.602490 0.003070
vt 0.873618 0.003072
vt 0.866716 0.010559
vt 0.610317 0.010559
vt 0.866716 0.010559
vt 0.861733 0.015085
vt 0.861733 0.015085
vt 0.861733 0.195840
vt 0.866716 0.200725
vt 0.866716 0.200725
vt 0.861733 0.195840
vt 0.615332 0.195840
vt 0.615332 0.195840
vt 0.615332 0.015085
vt 0.610317 0.010559
vt 0.615332 0.015085
vt 0.861733 0.015085
vt 0.861733 0.195840
vt 0.523526 0.955216
vt 0.523251 0.978870
vt 0.701168 0.978870
vt 0.454030 0.978496
vt 0.523251 0.978870
vt 0.523526 0.955216
vt 0.700927 0.955249
vt 0.701168 0.978870
vt 0.769984 0.978870
vt 0.276931 0.230374
vt 0.602023 0.230374
vt 0.602490 0.206237
vt 0.602490 0.206237
vt 0.602023 0.230374
vt 0.873151 0.230374
vt 0.005896 0.230374
vt 0.276931 0.230374
vt 0.277398 0.206235
vt 0.378137 0.676436
vt 0.377250 0.979794
vt 0.344588 0.944305
vt 0.002109 0.676436
vt 0.033692 0.699801
vt 0.033692 0.944305
vt 0.002299 0.979794
vt 0.033692 0.944305
vt 0.344588 0.944305
vt 0.278642 0.232583
vt 0.414745 0.232583
vt 0.414745 0.349588
vt 0.278642 0.393087
vt 0.414745 0.349588
vt 0.474692 0.349588
vt 0.612553 0.232583
vt 0.612553 0.393160
vt 0.474692 0.349588
vt 0.998641 0.394247
vt 0.993462 0.388907
vt 0.993462 0.241629
vt 0.998641 0.394247
vt 0.889321 0.394247
vt 0.894658 0.388907
vt 0.889321 0.394247
vt 0.889321 0.241629
vt 0.894658 0.241629
vt 0.894658 0.241629
vt 0.899968 0.245123
vt 0.899968 0.383694
vt 0.993462 0.388907
vt 0.894658 0.388907
vt 0.899968 0.383694
vt 0.993462 0.241629
vt 0.988277 0.245123
vt 0.899968 0.245123
vt 0.993462 0.241629
vt 0.993462 0.388907
vt 0.988381 0.383694
vt 0.037767 0.674505
vt 0.037767 0.583299
vt 0.004501 0.583299
vt 0.178264 0.583299
vt 0.144998 0.583299
vt 0.145640 0.529548
vt 0.004501 0.583299
vt 0.037767 0.583299
vt 0.037767 0.529548
vt 0.004501 0.529548
vt 0.037767 0.529548
vt 0.037767 0.436680
vt 0.912256 0.066979
vt 0.882472 0.078996
vt 0.926722 0.078996
vt 0.882472 0.078996
vt 0.926722 0.078996
vt 0.926722 0.091865
vt 0.912256 0.103601
vt 0.882472 0.091865
vt 0.926722 0.091865
vt 0.926722 0.091865
vt 0.962370 0.091865
vt 0.962369 0.103601
vt 0.926722 0.091865
vt 0.926722 0.078996
vt 0.962370 0.078996
vt 0.926722 0.078996
vt 0.962370 0.078996
vt 0.962370 0.066979
vt 0.962369 0.121825
vt 0.962369 0.103601
vt 0.912256 0.103601
vt 0.962369 0.121825
vt 0.996480 0.121825
vt 0.996480 0.103601
vt 0.962370 0.078996
vt 0.996479 0.078996
vt 0.996480 0.066979
vt 0.962370 0.078996
vt 0.996479 0.078996
vt 0.996480 0.091865
vt 0.962370 0.091865
vt 0.996480 0.091865
vt 0.996480 0.103601
vt 0.995428 0.125327
vt 0.995428 0.137344
vt 0.961318 0.137344
vt 0.961318 0.150213
vt 0.995428 0.150213
vt 0.995428 0.137344
vt 0.961318 0.150213
vt 0.961318 0.161949
vt 0.995428 0.161949
vt 0.961318 0.161949
vt 0.995428 0.161949
vt 0.995428 0.180173
vt 0.961318 0.161949
vt 0.961318 0.180173
vt 0.911204 0.180173
vt 0.925671 0.150213
vt 0.911204 0.161949
vt 0.961318 0.161949
vt 0.925671 0.137344
vt 0.925671 0.150213
vt 0.961318 0.150213
vt 0.961318 0.125327
vt 0.961318 0.137344
vt 0.925671 0.137344
vt 0.911204 0.125327
vt 0.925671 0.137344
vt 0.881421 0.137344
vt 0.881421 0.150213
vt 0.925671 0.150213
vt 0.925671 0.137344
vt 0.911204 0.161949
vt 0.925671 0.150213
vt 0.881421 0.150213
vt 0.422961 0.343478
vt 0.420270 0.346261
vt 0.469722 0.346261
vt 0.422961 0.343478
vt 0.420270 0.346261
vt 0.420270 0.265905
vt 0.422924 0.268129
vt 0.420270 0.265905
vt 0.469722 0.265905
vt 0.469722 0.265905
vt 0.467277 0.268099
vt 0.467277 0.343448
vt 0.467277 0.268099
vt 0.464449 0.271773
vt 0.426711 0.271599
vt 0.467277 0.343448
vt 0.464449 0.340180
vt 0.464449 0.271773
vt 0.467277 0.343448
vt 0.422961 0.343478
vt 0.426744 0.340006
vt 0.422961 0.343478
vt 0.422924 0.268129
vt 0.426711 0.271599
vt 0.461711 0.337531
vt 0.464449 0.340180
vt 0.426744 0.340006
vt 0.428781 0.273981
vt 0.426711 0.271599
vt 0.426744 0.340006
vt 0.461711 0.273981
vt 0.464449 0.271773
vt 0.426711 0.271599
vt 0.461711 0.273981
vt 0.464449 0.271773
vt 0.464449 0.340180
vt 0.380507 0.955158
vt 0.454195 0.955187
vt 0.454030 0.978496
vt 0.847189 0.955274
vt 0.847068 0.978402
vt 0.769984 0.978870
vt 0.987060 0.381928
vt 0.982205 0.375979
vt 0.982117 0.251147
vt 0.987060 0.247980
vt 0.902225 0.247980
vt 0.906575 0.251147
vt 0.902225 0.381928
vt 0.906575 0.375979
vt 0.982205 0.375979
vt 0.902225 0.247980
vt 0.906575 0.251147
vt 0.906575 0.375979
vt 0.982117 0.251147
vt 0.982205 0.375979
vt 0.906575 0.375979
vt 0.037767 0.529548
vt 0.145640 0.529548
vt 0.144998 0.583299
vt 0.041172 0.507761
vt 0.041172 0.505617
vt 0.045542 0.505617
vt 0.041172 0.493152
vt 0.047176 0.493152
vt 0.045542 0.496274
vt 0.045139 0.508596
vt 0.045139 0.524210
vt 0.043101 0.524210
vt 0.107165 0.485110
vt 0.047176 0.485245
vt 0.047176 0.477426
vt 0.047176 0.508596
vt 0.045542 0.505617
vt 0.045542 0.496274
vt 0.041063 0.524210
vt 0.043101 0.524210
vt 0.043101 0.508596
vt 0.107573 0.469474
vt 0.107165 0.477291
vt 0.047176 0.477426
vt 0.047176 0.466097
vt 0.107165 0.465960
vt 0.107573 0.469474
vt 0.086946 0.676436
vt 0.086946 0.590081
vt 0.137324 0.624196
vt 0.287393 0.676436
vt 0.240956 0.699801
vt 0.240956 0.623067
vt 0.287393 0.590081
vt 0.240956 0.623067
vt 0.137324 0.624196
vt 0.240956 0.699801
vt 0.137324 0.699801
vt 0.137324 0.624196
vt 0.137324 0.699801
vt 0.240956 0.699801
vt 0.344588 0.944305
vt 0.033692 0.699801
vt 0.137324 0.699801
vt 0.033692 0.944305
vt 0.240956 0.699801
vt 0.344588 0.699801
vt 0.344588 0.944305
vt 0.344588 0.699801
vt 0.240956 0.699801
vt 0.287393 0.676436
vt 0.086946 0.676436
vt 0.137324 0.699801
vt 0.033692 0.699801
vt 0.107165 0.492928
vt 0.047176 0.485245
vt 0.047176 0.493152
vt 0.107165 0.485110
vt 0.047176 0.485245
vt 0.107165 0.492928
vt 0.107165 0.492928
vt 0.047176 0.493152
vt 0.107315 0.501074
vt 0.047176 0.524210
vt 0.045139 0.508596
vt 0.047176 0.508596
vt 0.106944 0.516660
vt 0.047176 0.508596
vt 0.047176 0.524210
vt 0.047176 0.524210
vt 0.045139 0.524210
vt 0.045139 0.508596
vt 0.411588 0.434978
vt 0.412851 0.434978
vt 0.412851 0.438303
vt 0.877067 0.656870
vt 0.877046 0.612415
vt 0.980659 0.612415
vt 0.989631 0.666092
vt 0.868634 0.666092
vt 0.862949 0.671987
vt 0.868634 0.666092
vt 0.862949 0.671987
vt 0.862949 0.599028
vt 0.862949 0.599028
vt 0.995439 0.599028
vt 0.989631 0.604762
vt 0.995439 0.599028
vt 0.989631 0.604762
vt 0.989631 0.666092
vt 0.989631 0.604762
vt 0.986167 0.608425
vt 0.872368 0.608425
vt 0.989631 0.666092
vt 0.986167 0.662159
vt 0.986167 0.608425
vt 0.989631 0.666092
vt 0.868634 0.666092
vt 0.872368 0.662159
vt 0.868634 0.666092
vt 0.868634 0.604762
vt 0.872368 0.608425
vt 0.986167 0.662159
vt 0.872368 0.662159
vt 0.877067 0.656870
vt 0.877046 0.612415
vt 0.872368 0.608425
vt 0.872368 0.662159
vt 0.986167 0.608425
vt 0.872368 0.608425
vt 0.877046 0.612415
vt 0.980659 0.612415
vt 0.986167 0.608425
vt 0.986167 0.662159
vt 0.395312 0.665163
vt 0.395290 0.623352
vt 0.500525 0.623352
vt 0.509637 0.673838
vt 0.515537 0.679382
vt 0.380972 0.679382
vt 0.386747 0.673838
vt 0.380972 0.679382
vt 0.380972 0.610761
vt 0.380972 0.610761
vt 0.515537 0.610761
vt 0.509637 0.616154
vt 0.515537 0.610761
vt 0.509637 0.616154
vt 0.509637 0.673838
vt 0.509637 0.616154
vt 0.506119 0.619599
vt 0.390540 0.619599
vt 0.509637 0.673838
vt 0.506119 0.670138
vt 0.506119 0.619599
vt 0.509637 0.673838
vt 0.386747 0.673838
vt 0.390540 0.670138
vt 0.386747 0.673838
vt 0.386747 0.616154
vt 0.390540 0.619599
vt 0.395312 0.665163
vt 0.390540 0.670138
vt 0.506119 0.670138
vt 0.395290 0.623352
vt 0.390540 0.619599
vt 0.390540 0.670138
vt 0.506119 0.619599
vt 0.390540 0.619599
vt 0.395290 0.623352
vt 0.500525 0.623352
vt 0.506119 0.619599
vt 0.506119 0.670138
vt 0.876805 0.731981
vt 0.876783 0.687526
vt 0.980397 0.687526
vt 0.989368 0.741204
vt 0.995177 0.747098
vt 0.862686 0.747098
vt 0.868372 0.741204
vt 0.862686 0.747098
vt 0.862686 0.674139
vt 0.989368 0.679873
vt 0.995177 0.674139
vt 0.862686 0.674139
vt 0.995177 0.674139
vt 0.989368 0.679873
vt 0.989368 0.741204
vt 0.989368 0.679873
vt 0.985904 0.683536
vt 0.872106 0.683536
vt 0.989368 0.741204
vt 0.985904 0.737270
vt 0.985904 0.683536
vt 0.989368 0.741204
vt 0.868372 0.741204
vt 0.872106 0.737270
vt 0.868372 0.741204
vt 0.868372 0.679873
vt 0.872106 0.683536
vt 0.876805 0.731981
vt 0.872106 0.737270
vt 0.985904 0.737270
vt 0.876783 0.687526
vt 0.872106 0.683536
vt 0.872106 0.737270
vt 0.876783 0.687526
vt 0.872106 0.683536
vt 0.985904 0.683536
vt 0.980397 0.687526
vt 0.985904 0.683536
vt 0.985904 0.737270
vt 0.093971 0.432405
vt 0.090529 0.432405
vt 0.090529 0.427503
vt 0.173327 0.432405
vt 0.098182 0.432405
vt 0.098357 0.427503
vt 0.093971 0.427503
vt 0.090529 0.427503
vt 0.090529 0.424469
vt 0.173327 0.427503
vt 0.098357 0.427503
vt 0.098357 0.424469
vt 0.098357 0.424469
vt 0.173327 0.424469
vt 0.173327 0.415960
vt 0.090529 0.424469
vt 0.093971 0.424469
vt 0.089994 0.415960
vt 0.098357 0.424469
vt 0.173327 0.415960
vt 0.089994 0.415960
vt 0.689483 0.993844
vt 0.689474 0.999306
vt 0.306167 0.999306
vt 0.306167 0.999306
vt 0.002543 0.999306
vt 0.002543 0.993844
vt 0.467413 0.427503
vt 0.467378 0.432405
vt 0.386931 0.432405
vt 0.090529 0.427503
vt 0.090529 0.432405
vt 0.006673 0.432405
vt 0.386931 0.432405
vt 0.173327 0.432405
vt 0.173327 0.427503
vt 0.967471 0.412998
vt 0.888520 0.412998
vt 0.888520 0.408096
vt 0.996534 0.993844
vt 0.996534 0.999306
vt 0.689474 0.999306
vt 0.090529 0.424469
vt 0.090529 0.427503
vt 0.006673 0.427503
vt 0.996534 0.989344
vt 0.996534 0.993844
vt 0.689483 0.993844
vt 0.306161 0.989344
vt 0.306158 0.993844
vt 0.002543 0.993844
vt 0.387133 0.427503
vt 0.173327 0.427503
vt 0.173327 0.424469
vt 0.967471 0.405062
vt 0.967471 0.408096
vt 0.888520 0.408096
vt 0.689483 0.989344
vt 0.689483 0.993844
vt 0.306158 0.993844
vt 0.467413 0.424469
vt 0.467413 0.427503
vt 0.387133 0.427503
vt 0.689474 0.981549
vt 0.306167 0.981549
vt 0.306161 0.989344
vt 0.306167 0.981549
vt 0.002543 0.981549
vt 0.002543 0.989344
vt 0.387098 0.415960
vt 0.387133 0.424469
vt 0.467413 0.424469
vt 0.967471 0.396554
vt 0.888520 0.396554
vt 0.888520 0.405062
vt 0.006673 0.415960
vt 0.006673 0.424469
vt 0.090529 0.424469
vt 0.387098 0.415960
vt 0.173327 0.415960
vt 0.173327 0.424469
vt 0.689474 0.981549
vt 0.689483 0.989344
vt 0.996534 0.989344
vt 0.369638 0.479213
vt 0.369794 0.504958
vt 0.324520 0.479213
vt 0.378160 0.469149
vt 0.374450 0.473152
vt 0.378160 0.515588
vt 0.318992 0.511047
vt 0.374470 0.511018
vt 0.314707 0.515588
vt 0.318992 0.511047
vt 0.314707 0.515588
vt 0.318992 0.473181
vt 0.378160 0.469149
vt 0.314707 0.469149
vt 0.374450 0.473152
vt 0.318992 0.511047
vt 0.318992 0.473181
vt 0.321996 0.507812
vt 0.321979 0.476244
vt 0.318992 0.473181
vt 0.371978 0.476218
vt 0.371978 0.476218
vt 0.374450 0.473152
vt 0.371994 0.507786
vt 0.374470 0.511018
vt 0.318992 0.511047
vt 0.371994 0.507786
vt 0.369638 0.479213
vt 0.371978 0.476218
vt 0.369794 0.504958
vt 0.369794 0.504958
vt 0.324520 0.504958
vt 0.371994 0.507786
vt 0.324520 0.479213
vt 0.321979 0.476244
vt 0.324520 0.504958
vt 0.369638 0.479213
vt 0.324520 0.479213
vt 0.371978 0.476218
vt 0.301280 0.478602
vt 0.301435 0.504347
vt 0.256161 0.478602
vt 0.306111 0.510408
vt 0.306091 0.472541
vt 0.309802 0.514978
vt 0.250634 0.510437
vt 0.306111 0.510408
vt 0.246349 0.514978
vt 0.250634 0.510437
vt 0.250634 0.472571
vt 0.246349 0.514978
vt 0.309802 0.468539
vt 0.246349 0.468539
vt 0.306091 0.472541
vt 0.250634 0.510437
vt 0.250634 0.472571
vt 0.253637 0.507202
vt 0.253620 0.475633
vt 0.250634 0.472571
vt 0.303619 0.475607
vt 0.303619 0.475607
vt 0.306091 0.472541
vt 0.303636 0.507176
vt 0.306111 0.510408
vt 0.250634 0.510437
vt 0.303636 0.507176
vt 0.301280 0.478602
vt 0.301435 0.504347
vt 0.303619 0.475607
vt 0.301435 0.504347
vt 0.256161 0.504347
vt 0.303636 0.507176
vt 0.256161 0.478602
vt 0.256161 0.504347
vt 0.253620 0.475633
vt 0.301280 0.478602
vt 0.256161 0.478602
vt 0.303619 0.475607
vt 0.234297 0.504347
vt 0.189024 0.504347
vt 0.234142 0.478602
vt 0.238973 0.510408
vt 0.238953 0.472541
vt 0.242664 0.514978
vt 0.183496 0.510437
vt 0.238973 0.510408
vt 0.179211 0.514978
vt 0.183496 0.510437
vt 0.183496 0.472571
vt 0.179211 0.514978
vt 0.242664 0.468539
vt 0.179211 0.468539
vt 0.238953 0.472541
vt 0.183496 0.510437
vt 0.183496 0.472571
vt 0.186499 0.507202
vt 0.183496 0.472571
vt 0.238953 0.472541
vt 0.186482 0.475633
vt 0.236481 0.475607
vt 0.238953 0.472541
vt 0.236498 0.507176
vt 0.236498 0.507176
vt 0.238973 0.510408
vt 0.186499 0.507202
vt 0.234142 0.478602
vt 0.234297 0.504347
vt 0.236481 0.475607
vt 0.234297 0.504347
vt 0.189024 0.504347
vt 0.236498 0.507176
vt 0.189024 0.478602
vt 0.189024 0.504347
vt 0.186482 0.475633
vt 0.234142 0.478602
vt 0.189024 0.478602
vt 0.236481 0.475607
vt 0.167770 0.504347
vt 0.122496 0.504347
vt 0.167614 0.478602
vt 0.176136 0.468539
vt 0.172426 0.472541
vt 0.176136 0.514978
vt 0.116968 0.510437
vt 0.172446 0.510408
vt 0.112683 0.514978
vt 0.116968 0.510437
vt 0.112683 0.514978
vt 0.116968 0.472571
vt 0.176136 0.468539
vt 0.112683 0.468539
vt 0.172426 0.472541
vt 0.116968 0.510437
vt 0.116968 0.472571
vt 0.119971 0.507202
vt 0.116968 0.472571
vt 0.172426 0.472541
vt 0.119955 0.475633
vt 0.169954 0.475607
vt 0.172426 0.472541
vt 0.169970 0.507176
vt 0.169970 0.507176
vt 0.172446 0.510408
vt 0.119971 0.507202
vt 0.167614 0.478602
vt 0.169954 0.475607
vt 0.167770 0.504347
vt 0.167770 0.504347
vt 0.122496 0.504347
vt 0.169970 0.507176
vt 0.122496 0.478602
vt 0.119955 0.475633
vt 0.122496 0.504347
vt 0.167614 0.478602
vt 0.122496 0.478602
vt 0.169954 0.475607
vt 0.501965 0.738581
vt 0.501943 0.694126
vt 0.507451 0.743870
vt 0.501943 0.694126
vt 0.398330 0.694126
vt 0.507451 0.690136
vt 0.398351 0.738581
vt 0.398330 0.694126
vt 0.393653 0.743870
vt 0.501965 0.738581
vt 0.398351 0.738581
vt 0.507451 0.743870
vt 0.393653 0.743870
vt 0.389918 0.747804
vt 0.393653 0.690136
vt 0.507451 0.743870
vt 0.510915 0.747804
vt 0.393653 0.743870
vt 0.510915 0.686474
vt 0.510915 0.747804
vt 0.507451 0.690136
vt 0.389918 0.686474
vt 0.510915 0.686474
vt 0.393653 0.690136
vt 0.516723 0.753699
vt 0.516723 0.680739
vt 0.510915 0.747804
vt 0.389918 0.686474
vt 0.510915 0.686474
vt 0.384233 0.680739
vt 0.389918 0.686474
vt 0.389918 0.747804
vt 0.384233 0.680739
vt 0.389918 0.747804
vt 0.510915 0.747804
vt 0.384233 0.753699
vt 0.501965 0.738581
vt 0.398351 0.738581
vt 0.501943 0.694126
vt 0.845059 0.615174
vt 0.800605 0.615195
vt 0.850348 0.609688
vt 0.800605 0.615195
vt 0.796614 0.609688
vt 0.800605 0.718809
vt 0.845059 0.718787
vt 0.800605 0.718809
vt 0.850348 0.723486
vt 0.845059 0.615174
vt 0.850348 0.609688
vt 0.845059 0.718787
vt 0.850348 0.723486
vt 0.854282 0.727220
vt 0.796614 0.723486
vt 0.850348 0.609688
vt 0.854282 0.606224
vt 0.850348 0.723486
vt 0.792952 0.606224
vt 0.854282 0.606224
vt 0.796614 0.609688
vt 0.792952 0.727220
vt 0.792952 0.606224
vt 0.796614 0.723486
vt 0.860177 0.600415
vt 0.787217 0.600415
vt 0.854282 0.606224
vt 0.792952 0.727220
vt 0.787217 0.732906
vt 0.792952 0.606224
vt 0.792952 0.727220
vt 0.854282 0.727220
vt 0.787217 0.732906
vt 0.860177 0.600415
vt 0.854282 0.606224
vt 0.860177 0.732906
vt 0.845059 0.615174
vt 0.845059 0.718787
vt 0.800605 0.615195
vt 0.765041 0.614905
vt 0.720586 0.614927
vt 0.770330 0.609420
vt 0.720586 0.614927
vt 0.716596 0.609420
vt 0.720586 0.718540
vt 0.765041 0.718519
vt 0.720586 0.718540
vt 0.770330 0.723218
vt 0.765041 0.614905
vt 0.770330 0.609420
vt 0.765041 0.718519
vt 0.770330 0.723218
vt 0.774264 0.726952
vt 0.716596 0.723218
vt 0.770330 0.609420
vt 0.774264 0.605955
vt 0.770330 0.723218
vt 0.712933 0.605955
vt 0.774264 0.605955
vt 0.716596 0.609420
vt 0.712933 0.726952
vt 0.712933 0.605955
vt 0.716596 0.723218
vt 0.780158 0.600147
vt 0.707199 0.600147
vt 0.774264 0.605955
vt 0.712933 0.726952
vt 0.707199 0.732638
vt 0.712933 0.605955
vt 0.712933 0.726952
vt 0.774264 0.726952
vt 0.707199 0.732638
vt 0.780158 0.600147
vt 0.774264 0.605955
vt 0.780158 0.732638
vt 0.765041 0.614905
vt 0.765041 0.718519
vt 0.720586 0.614927
vt 0.647288 0.568845
vt 0.604462 0.568866
vt 0.652384 0.563560
vt 0.604462 0.568866
vt 0.600618 0.563560
vt 0.604462 0.668684
vt 0.647288 0.668663
vt 0.604462 0.668684
vt 0.652384 0.673190
vt 0.647288 0.568845
vt 0.652384 0.563560
vt 0.647288 0.668663
vt 0.652384 0.673190
vt 0.656174 0.676787
vt 0.600618 0.673190
vt 0.652384 0.563560
vt 0.656174 0.560223
vt 0.652384 0.673190
vt 0.597090 0.560223
vt 0.656174 0.560223
vt 0.600618 0.563560
vt 0.597090 0.676787
vt 0.597090 0.560223
vt 0.600618 0.673190
vt 0.661852 0.554627
vt 0.591565 0.554627
vt 0.656174 0.560223
vt 0.597090 0.676787
vt 0.591565 0.682265
vt 0.597090 0.560223
vt 0.597090 0.676787
vt 0.656174 0.676787
vt 0.591565 0.682265
vt 0.661852 0.554627
vt 0.656174 0.560223
vt 0.661852 0.682265
vt 0.647288 0.568845
vt 0.647288 0.668663
vt 0.604462 0.568866
vt 0.980860 0.811926
vt 0.980838 0.766877
vt 0.986419 0.817285
vt 0.980838 0.766877
vt 0.875839 0.766877
vt 0.986419 0.762833
vt 0.875861 0.811926
vt 0.875839 0.766877
vt 0.871099 0.817285
vt 0.980860 0.811926
vt 0.875861 0.811926
vt 0.986419 0.817285
vt 0.871099 0.817285
vt 0.867315 0.821272
vt 0.871099 0.762833
vt 0.986419 0.817285
vt 0.989930 0.821272
vt 0.871099 0.817285
vt 0.989930 0.759122
vt 0.989930 0.821272
vt 0.986419 0.762833
vt 0.867315 0.759122
vt 0.989930 0.759122
vt 0.871099 0.762833
vt 0.995816 0.827245
vt 0.995816 0.753310
vt 0.989930 0.821272
vt 0.867315 0.759122
vt 0.989930 0.759122
vt 0.861553 0.753310
vt 0.867315 0.759122
vt 0.867315 0.821272
vt 0.861553 0.753310
vt 0.867315 0.821272
vt 0.989930 0.821272
vt 0.861553 0.827245
vt 0.980860 0.811926
vt 0.875861 0.811926
vt 0.980838 0.766877
vt 0.648366 0.433107
vt 0.603911 0.433128
vt 0.653655 0.427621
vt 0.603911 0.433128
vt 0.603911 0.536741
vt 0.599921 0.427621
vt 0.648366 0.536720
vt 0.603911 0.536741
vt 0.653655 0.541419
vt 0.648366 0.433107
vt 0.648366 0.536720
vt 0.653655 0.427621
vt 0.653655 0.541419
vt 0.657589 0.545153
vt 0.599921 0.541419
vt 0.653655 0.427621
vt 0.657589 0.424156
vt 0.653655 0.541419
vt 0.596258 0.424156
vt 0.657589 0.424156
vt 0.599921 0.427621
vt 0.596258 0.545153
vt 0.596258 0.424156
vt 0.599921 0.541419
vt 0.663483 0.418348
vt 0.590524 0.418348
vt 0.657589 0.424156
vt 0.596258 0.545153
vt 0.596258 0.424156
vt 0.590524 0.550839
vt 0.596258 0.545153
vt 0.657589 0.545153
vt 0.590524 0.550839
vt 0.657589 0.545153
vt 0.657589 0.424156
vt 0.663483 0.550839
vt 0.648366 0.433107
vt 0.648366 0.536720
vt 0.603911 0.433128
vt 0.394533 0.477571
vt 0.394554 0.521533
vt 0.389108 0.472340
vt 0.394554 0.521533
vt 0.497020 0.521533
vt 0.389108 0.525479
vt 0.496999 0.477571
vt 0.497020 0.521533
vt 0.501646 0.472340
vt 0.394533 0.477571
vt 0.496999 0.477571
vt 0.389108 0.472340
vt 0.501646 0.472340
vt 0.505339 0.468450
vt 0.501646 0.525479
vt 0.389108 0.472340
vt 0.385682 0.468450
vt 0.501646 0.472340
vt 0.385682 0.529101
vt 0.385682 0.468450
vt 0.389108 0.525479
vt 0.505339 0.529101
vt 0.385682 0.529101
vt 0.501646 0.525479
vt 0.379938 0.462620
vt 0.379938 0.534772
vt 0.385682 0.468450
vt 0.505339 0.529101
vt 0.385682 0.529101
vt 0.510961 0.534772
vt 0.505339 0.529101
vt 0.505339 0.468450
vt 0.510961 0.534772
vt 0.505339 0.468450
vt 0.385682 0.468450
vt 0.510961 0.462620
vt 0.394533 0.477571
vt 0.496999 0.477571
vt 0.394554 0.521533
vt 0.571598 0.432395
vt 0.527143 0.432417
vt 0.576887 0.426909
vt 0.527143 0.432417
vt 0.523153 0.426909
vt 0.527143 0.536030
vt 0.571598 0.536009
vt 0.527143 0.536030
vt 0.576887 0.540708
vt 0.571598 0.432395
vt 0.576887 0.426909
vt 0.571598 0.536009
vt 0.576887 0.540708
vt 0.580821 0.544442
vt 0.523153 0.540708
vt 0.576887 0.426909
vt 0.580821 0.423445
vt 0.576887 0.540708
vt 0.519490 0.423445
vt 0.580821 0.423445
vt 0.523153 0.426909
vt 0.519490 0.544442
vt 0.519490 0.423445
vt 0.523153 0.540708
vt 0.586715 0.417637
vt 0.513756 0.417637
vt 0.580821 0.423445
vt 0.519490 0.544442
vt 0.513756 0.550127
vt 0.519490 0.423445
vt 0.519490 0.544442
vt 0.580821 0.544442
vt 0.513756 0.550127
vt 0.586715 0.417637
vt 0.580821 0.423445
vt 0.586715 0.550127
vt 0.571598 0.432395
vt 0.571598 0.536009
vt 0.527143 0.432417
vt 0.346668 0.573129
vt 0.346647 0.530629
vt 0.351912 0.578186
vt 0.346647 0.530629
vt 0.351912 0.526815
vt 0.247589 0.530629
vt 0.247610 0.573129
vt 0.247589 0.530629
vt 0.243118 0.578186
vt 0.346668 0.573129
vt 0.351912 0.578186
vt 0.247610 0.573129
vt 0.243118 0.578186
vt 0.239547 0.581947
vt 0.243118 0.526815
vt 0.351912 0.578186
vt 0.355224 0.581947
vt 0.243118 0.578186
vt 0.355224 0.523313
vt 0.355224 0.581947
vt 0.351912 0.526815
vt 0.239547 0.523313
vt 0.355224 0.523313
vt 0.243118 0.526815
vt 0.360777 0.587582
vt 0.360777 0.517831
vt 0.355224 0.581947
vt 0.239547 0.523313
vt 0.234112 0.517831
vt 0.355224 0.523313
vt 0.239547 0.523313
vt 0.239547 0.581947
vt 0.234112 0.517831
vt 0.360777 0.587582
vt 0.355224 0.581947
vt 0.234112 0.587582
vt 0.346668 0.573129
vt 0.247610 0.573129
vt 0.346647 0.530629
vt 0.574625 0.569202
vt 0.531799 0.569223
vt 0.579720 0.563917
vt 0.531799 0.569223
vt 0.531799 0.669041
vt 0.527954 0.563917
vt 0.574625 0.669021
vt 0.531799 0.669041
vt 0.579720 0.673547
vt 0.574625 0.569202
vt 0.574625 0.669021
vt 0.579720 0.563917
vt 0.579720 0.673547
vt 0.583510 0.677145
vt 0.527954 0.673547
vt 0.579720 0.563917
vt 0.583510 0.560580
vt 0.579720 0.673547
vt 0.524426 0.560580
vt 0.583510 0.560580
vt 0.527954 0.563917
vt 0.524426 0.677145
vt 0.524426 0.560580
vt 0.527954 0.673547
vt 0.589189 0.554985
vt 0.518901 0.554985
vt 0.583510 0.560580
vt 0.524426 0.677145
vt 0.524426 0.560580
vt 0.518901 0.682622
vt 0.524426 0.677145
vt 0.583510 0.677145
vt 0.518901 0.682622
vt 0.583510 0.677145
vt 0.583510 0.560580
vt 0.589189 0.682622
vt 0.574625 0.569202
vt 0.574625 0.669021
vt 0.531799 0.569223
vt 0.395038 0.551865
vt 0.395059 0.595302
vt 0.389678 0.546697
vt 0.395059 0.595302
vt 0.389678 0.599201
vt 0.496301 0.595302
vt 0.496280 0.551865
vt 0.496301 0.595302
vt 0.500871 0.546697
vt 0.395038 0.551865
vt 0.496280 0.551865
vt 0.389678 0.546697
vt 0.500871 0.546697
vt 0.504520 0.542853
vt 0.500871 0.599201
vt 0.389678 0.546697
vt 0.386293 0.542853
vt 0.500871 0.546697
vt 0.386293 0.602780
vt 0.386293 0.542853
vt 0.389678 0.599201
vt 0.504520 0.602780
vt 0.386293 0.602780
vt 0.500871 0.599201
vt 0.380617 0.537094
vt 0.380617 0.608383
vt 0.386293 0.542853
vt 0.504520 0.602780
vt 0.510075 0.608383
vt 0.386293 0.602780
vt 0.504520 0.602780
vt 0.504520 0.542853
vt 0.510075 0.608383
vt 0.504520 0.542853
vt 0.386293 0.542853
vt 0.510075 0.537094
vt 0.395038 0.551865
vt 0.496280 0.551865
vt 0.395059 0.595302
vt 0.997531 0.847249
vt 0.997531 0.910899
vt 0.960678 0.847118
vt 0.960678 0.847118
vt 0.960678 0.910770
vt 0.926079 0.847118
vt 0.926079 0.847118
vt 0.889057 0.847118
vt 0.926079 0.910770
vt 0.853167 0.847118
vt 0.853167 0.910770
vt 0.889057 0.847118
vt 0.853167 0.910770
vt 0.853167 0.930279
vt 0.889057 0.910770
vt 0.889057 0.910770
vt 0.889057 0.930279
vt 0.926079 0.910770
vt 0.926079 0.930279
vt 0.926079 0.910770
vt 0.960678 0.930279
vt 0.960678 0.930279
vt 0.960678 0.910770
vt 0.997531 0.930279
vt 0.960678 0.939529
vt 0.960678 0.930279
vt 0.997531 0.939529
vt 0.926079 0.939529
vt 0.926079 0.930279
vt 0.960678 0.939529
vt 0.889057 0.930279
vt 0.889057 0.939529
vt 0.926079 0.930279
vt 0.889057 0.930279
vt 0.853167 0.930279
vt 0.889057 0.939529
vt 0.853167 0.939529
vt 0.889057 0.939529
vt 0.853167 0.949877
vt 0.889057 0.939529
vt 0.926079 0.939529
vt 0.889057 0.949877
vt 0.926079 0.939529
vt 0.960678 0.939529
vt 0.926079 0.949877
vt 0.960678 0.939529
vt 0.997531 0.939529
vt 0.960678 0.949877
vt 0.997531 0.949877
vt 0.960678 0.949877
vt 0.997531 0.977023
vt 0.926079 0.949877
vt 0.926079 0.977023
vt 0.960678 0.949877
vt 0.889057 0.977023
vt 0.889057 0.949877
vt 0.926079 0.977023
vt 0.853167 0.949877
vt 0.889057 0.949877
vt 0.853167 0.977023
vt 0.440697 0.247179
vt 0.432039 0.251664
vt 0.434403 0.245758
vt 0.431596 0.237071
vt 0.429502 0.242454
vt 0.440153 0.241415
vt 0.429503 0.246364
vt 0.429502 0.242454
vt 0.434403 0.245758
vt 0.433379 0.253445
vt 0.441267 0.249225
vt 0.432039 0.251664
vt 0.434403 0.245758
vt 0.434403 0.242836
vt 0.439577 0.245758
vt 0.450978 0.247108
vt 0.440697 0.247179
vt 0.450941 0.245758
vt 0.439577 0.242836
vt 0.450942 0.242836
vt 0.440153 0.241415
vt 0.439577 0.245758
vt 0.439577 0.242836
vt 0.450941 0.245758
vt 0.450978 0.247108
vt 0.450941 0.245758
vt 0.462020 0.246670
vt 0.450946 0.241412
vt 0.450942 0.242836
vt 0.462030 0.241723
vt 0.450941 0.245758
vt 0.450942 0.242836
vt 0.461625 0.245758
vt 0.432039 0.251664
vt 0.433379 0.253445
vt 0.425818 0.253853
vt 0.429502 0.242454
vt 0.429503 0.246364
vt 0.424336 0.241500
vt 0.429502 0.242454
vt 0.431596 0.237071
vt 0.424336 0.241500
vt 0.429503 0.246364
vt 0.432039 0.251664
vt 0.424336 0.247613
vt 0.295962 0.662486
vt 0.335956 0.662486
vt 0.295962 0.665063
vt 0.295962 0.669474
vt 0.295962 0.665063
vt 0.335956 0.669474
vt 0.295962 0.662486
vt 0.335956 0.662486
vt 0.295962 0.658136
vt 0.295962 0.639030
vt 0.295962 0.636453
vt 0.335956 0.639030
vt 0.295962 0.643718
vt 0.295962 0.639030
vt 0.335956 0.643718
vt 0.335956 0.636453
vt 0.335956 0.631827
vt 0.295962 0.636453
vt 0.295962 0.652684
vt 0.295962 0.650107
vt 0.335956 0.652684
vt 0.295962 0.656786
vt 0.295962 0.652684
vt 0.335956 0.656786
vt 0.335956 0.650107
vt 0.335956 0.646067
vt 0.295962 0.650107
vt 0.295962 0.623301
vt 0.335956 0.623301
vt 0.295962 0.625877
vt 0.295962 0.629599
vt 0.295962 0.625877
vt 0.335956 0.629599
vt 0.295962 0.623301
vt 0.335956 0.623301
vt 0.295962 0.619641
vt 0.295962 0.612649
vt 0.295962 0.610073
vt 0.335956 0.612649
vt 0.295962 0.617197
vt 0.295962 0.612649
vt 0.335956 0.617197
vt 0.295962 0.610073
vt 0.335956 0.610073
vt 0.295962 0.605548
vt 0.295962 0.596764
vt 0.335956 0.596764
vt 0.295962 0.599341
vt 0.295962 0.603423
vt 0.295962 0.599341
vt 0.335956 0.603423
vt 0.335956 0.596764
vt 0.335956 0.592743
vt 0.295962 0.596764
vt 0.411588 0.453064
vt 0.039916 0.453064
vt 0.411588 0.457362
vt 0.411588 0.457362
vt 0.039916 0.457362
vt 0.411588 0.461236
vt 0.039916 0.434978
vt 0.039916 0.438303
vt 0.411588 0.434978
vt 0.039916 0.438303
vt 0.039916 0.441704
vt 0.411588 0.438303
vt 0.039916 0.441704
vt 0.411588 0.441704
vt 0.039916 0.445028
vt 0.039916 0.445028
vt 0.411588 0.445028
vt 0.039916 0.449284
vt 0.411588 0.449284
vt 0.411588 0.453064
vt 0.039916 0.449284
vt 0.412789 0.453064
vt 0.411588 0.453064
vt 0.412851 0.449284
vt 0.411588 0.449284
vt 0.412851 0.449284
vt 0.411588 0.445028
vt 0.411588 0.445028
vt 0.412851 0.445028
vt 0.411588 0.441704
vt 0.411588 0.441704
vt 0.411588 0.438303
vt 0.412851 0.441704
vt 0.411588 0.461236
vt 0.411588 0.457362
vt 0.412851 0.461236
vt 0.412789 0.457362
vt 0.411588 0.457362
vt 0.412789 0.453064
vt 0.413624 0.457362
vt 0.412789 0.457362
vt 0.413624 0.453064
vt 0.412851 0.461236
vt 0.412789 0.457362
vt 0.413624 0.461236
vt 0.413624 0.438303
vt 0.412851 0.438303
vt 0.413624 0.434978
vt 0.413624 0.441704
vt 0.412851 0.441704
vt 0.413624 0.438303
vt 0.412851 0.445028
vt 0.413624 0.445028
vt 0.412851 0.441704
vt 0.412851 0.445028
vt 0.412851 0.449284
vt 0.413624 0.445028
vt 0.412789 0.453064
vt 0.412851 0.449284
vt 0.413624 0.453064
vt 0.047176 0.493152
vt 0.047176 0.508596
vt 0.107315 0.501074
vt 0.880895 0.208561
vt 0.880895 0.195692
vt 0.925145 0.208561
vt 0.910679 0.220298
vt 0.960793 0.220297
vt 0.925145 0.208561
vt 0.960793 0.208561
vt 0.925145 0.208561
vt 0.960793 0.195692
vt 0.960793 0.195692
vt 0.925145 0.195692
vt 0.960793 0.183675
vt 0.910679 0.238521
vt 0.960793 0.238521
vt 0.910679 0.220298
vt 0.960793 0.220297
vt 0.960793 0.238521
vt 0.994903 0.220298
vt 0.994902 0.195692
vt 0.960793 0.195692
vt 0.994903 0.183675
vt 0.960793 0.208561
vt 0.960793 0.195692
vt 0.994902 0.208561
vt 0.960793 0.220297
vt 0.994903 0.220298
vt 0.960793 0.208561
vt 0.962370 0.008631
vt 0.962370 0.020648
vt 0.996480 0.008631
vt 0.962370 0.020648
vt 0.962370 0.033517
vt 0.996480 0.020648
vt 0.962369 0.045254
vt 0.962370 0.033517
vt 0.996480 0.045254
vt 0.962369 0.063477
vt 0.962369 0.045254
vt 0.996480 0.063477
vt 0.912256 0.045254
vt 0.962369 0.045254
vt 0.912256 0.063477
vt 0.912256 0.045254
vt 0.926722 0.033517
vt 0.962369 0.045254
vt 0.962370 0.020648
vt 0.926722 0.020648
vt 0.962370 0.033517
vt 0.912256 0.008631
vt 0.926722 0.020648
vt 0.962370 0.008631
vt 0.882472 0.020648
vt 0.882472 0.033517
vt 0.926722 0.020648
vt 0.668036 0.416716
vt 0.996475 0.416874
vt 0.667569 0.575947
vt 0.612553 0.393160
vt 0.612553 0.232583
vt 0.884882 0.393227
vt 0.278642 0.393087
vt 0.006061 0.393082
vt 0.278642 0.232583
vt 0.996008 0.575947
vt 0.667569 0.575947
vt 0.998624 0.581849
vt 0.278642 0.393087
vt 0.006061 0.393082
vt 0.278703 0.398611
vt 0.612553 0.393160
vt 0.612091 0.398613
vt 0.884882 0.393227
vt 0.278642 0.393087
vt 0.278703 0.398611
vt 0.612553 0.393160
vt 0.278703 0.408002
vt 0.278703 0.398611
vt 0.612091 0.408004
vt 0.612091 0.408004
vt 0.612091 0.398613
vt 0.884882 0.408022
vt 0.006061 0.408019
vt 0.006061 0.398628
vt 0.278703 0.408002
vt 0.665314 0.581849
vt 0.998624 0.581849
vt 0.665314 0.591240
vt 0.665978 0.595589
vt 0.665314 0.591240
vt 0.999328 0.595888
vt 0.006267 0.412858
vt 0.006061 0.408019
vt 0.279567 0.412858
vt 0.612091 0.408004
vt 0.884882 0.408022
vt 0.612576 0.412858
vt 0.278703 0.408002
vt 0.612091 0.408004
vt 0.279567 0.412858
vt 0.699932 0.702506
vt 0.522532 0.702473
vt 0.700927 0.757503
vt 0.529433 0.949838
vt 0.523526 0.955216
vt 0.529327 0.764351
vt 0.700927 0.955249
vt 0.523526 0.955216
vt 0.694911 0.949838
vt 0.700927 0.757503
vt 0.700927 0.955249
vt 0.694805 0.764351
vt 0.529327 0.764351
vt 0.523526 0.757470
vt 0.694805 0.764351
vt 0.529327 0.764351
vt 0.694805 0.764351
vt 0.533086 0.769045
vt 0.694805 0.764351
vt 0.691095 0.769058
vt 0.694911 0.949838
vt 0.529433 0.949838
vt 0.694911 0.949838
vt 0.533148 0.944914
vt 0.529327 0.764351
vt 0.529433 0.949838
vt 0.533086 0.769045
vt 0.533086 0.769045
vt 0.691095 0.769058
vt 0.533148 0.944914
vt 0.523526 0.757470
vt 0.523526 0.955216
vt 0.518144 0.764351
vt 0.523526 0.955216
vt 0.454195 0.955187
vt 0.518144 0.949838
vt 0.459000 0.764351
vt 0.454195 0.757441
vt 0.518144 0.764351
vt 0.459000 0.949838
vt 0.454195 0.955187
vt 0.459000 0.764351
vt 0.463505 0.944914
vt 0.459000 0.949838
vt 0.463505 0.769058
vt 0.463505 0.769058
vt 0.459000 0.764351
vt 0.512481 0.769058
vt 0.518144 0.949838
vt 0.512481 0.944914
vt 0.459000 0.949838
vt 0.518144 0.764351
vt 0.512481 0.769058
vt 0.518144 0.949838
vt 0.463505 0.944914
vt 0.463505 0.769058
vt 0.512481 0.944914
vt 0.706172 0.949903
vt 0.700927 0.955249
vt 0.706172 0.764416
vt 0.765317 0.949903
vt 0.770124 0.955278
vt 0.706172 0.949903
vt 0.700927 0.757503
vt 0.770124 0.757532
vt 0.706172 0.764416
vt 0.770124 0.757532
vt 0.770124 0.955278
vt 0.765317 0.764416
vt 0.760028 0.769058
vt 0.765317 0.764416
vt 0.760028 0.944914
vt 0.706172 0.764416
vt 0.765317 0.764416
vt 0.711032 0.769058
vt 0.765317 0.949903
vt 0.760028 0.944914
vt 0.706172 0.949903
vt 0.706172 0.764416
vt 0.706172 0.949903
vt 0.711032 0.769058
vt 0.760028 0.769058
vt 0.760028 0.944914
vt 0.711032 0.769058
vt 0.454195 0.955187
vt 0.380507 0.955158
vt 0.450294 0.949780
vt 0.454195 0.757441
vt 0.454195 0.955187
vt 0.450188 0.764292
vt 0.384041 0.764292
vt 0.380507 0.756929
vt 0.450188 0.764292
vt 0.384147 0.949780
vt 0.380507 0.955158
vt 0.384041 0.764292
vt 0.384041 0.764292
vt 0.384147 0.949780
vt 0.389275 0.769236
vt 0.384041 0.764292
vt 0.450188 0.764292
vt 0.389275 0.769236
vt 0.450188 0.764292
vt 0.450294 0.949780
vt 0.445483 0.769236
vt 0.384147 0.949780
vt 0.450294 0.949780
vt 0.389275 0.946012
vt 0.445483 0.946012
vt 0.389275 0.946012
vt 0.445483 0.769236
vt 0.773882 0.764408
vt 0.770124 0.757532
vt 0.841578 0.764408
vt 0.773882 0.949896
vt 0.770124 0.955278
vt 0.773882 0.764408
vt 0.847189 0.955274
vt 0.770124 0.955278
vt 0.841684 0.949896
vt 0.847076 0.757045
vt 0.847189 0.955274
vt 0.841578 0.764408
vt 0.841578 0.764408
vt 0.837183 0.769352
vt 0.841684 0.949896
vt 0.773882 0.949896
vt 0.841684 0.949896
vt 0.778004 0.946128
vt 0.778004 0.946128
vt 0.773882 0.949896
vt 0.778004 0.769352
vt 0.773882 0.764408
vt 0.841578 0.764408
vt 0.778004 0.769352
vt 0.778004 0.769352
vt 0.837183 0.769352
vt 0.778004 0.946128
vt 0.269664 0.200721
vt 0.277398 0.206235
vt 0.013265 0.200721
vt 0.277454 0.003068
vt 0.277398 0.206235
vt 0.269664 0.010555
vt 0.013265 0.200721
vt 0.006363 0.206235
vt 0.013265 0.010555
vt 0.006363 0.003068
vt 0.277454 0.003068
vt 0.013265 0.010555
vt 0.018695 0.016386
vt 0.013265 0.010555
vt 0.262323 0.016386
vt 0.013265 0.200721
vt 0.018695 0.194809
vt 0.013265 0.010555
vt 0.269664 0.200721
vt 0.269664 0.010555
vt 0.262323 0.194809
vt 0.269664 0.200721
vt 0.262323 0.194809
vt 0.013265 0.200721
vt 0.018695 0.016386
vt 0.262323 0.016386
vt 0.018695 0.194809
vt 0.602490 0.206237
vt 0.277398 0.206235
vt 0.595985 0.200721
vt 0.602490 0.003070
vt 0.602490 0.206237
vt 0.596091 0.010555
vt 0.283738 0.200721
vt 0.277398 0.206235
vt 0.283844 0.010555
vt 0.277454 0.003068
vt 0.602490 0.003070
vt 0.283844 0.010555
vt 0.283844 0.010555
vt 0.596091 0.010555
vt 0.292012 0.016275
vt 0.283738 0.200721
vt 0.292012 0.194371
vt 0.283844 0.010555
vt 0.595985 0.200721
vt 0.596091 0.010555
vt 0.589780 0.194371
vt 0.283738 0.200721
vt 0.595985 0.200721
vt 0.292012 0.194371
vt 0.292012 0.194371
vt 0.292012 0.016275
vt 0.589780 0.194371
vt 0.610317 0.200725
vt 0.602490 0.206237
vt 0.610317 0.010559
vt 0.873618 0.206239
vt 0.602490 0.206237
vt 0.866716 0.200725
vt 0.873618 0.003072
vt 0.873618 0.206239
vt 0.866716 0.010559
vt 0.610317 0.010559
vt 0.602490 0.003070
vt 0.866716 0.010559
vt 0.615332 0.015085
vt 0.610317 0.010559
vt 0.861733 0.015085
vt 0.866716 0.010559
vt 0.861733 0.015085
vt 0.866716 0.200725
vt 0.610317 0.200725
vt 0.866716 0.200725
vt 0.615332 0.195840
vt 0.610317 0.200725
vt 0.615332 0.195840
vt 0.610317 0.010559
vt 0.615332 0.195840
vt 0.615332 0.015085
vt 0.861733 0.195840
vt 0.700927 0.955249
vt 0.523526 0.955216
vt 0.701168 0.978870
vt 0.454195 0.955187
vt 0.454030 0.978496
vt 0.523526 0.955216
vt 0.770124 0.955278
vt 0.700927 0.955249
vt 0.769984 0.978870
vt 0.277398 0.206235
vt 0.276931 0.230374
vt 0.602490 0.206237
vt 0.873618 0.206239
vt 0.602490 0.206237
vt 0.873151 0.230374
vt 0.006363 0.206235
vt 0.005896 0.230374
vt 0.277398 0.206235
vt 0.344588 0.699801
vt 0.378137 0.676436
vt 0.344588 0.944305
vt 0.002299 0.979794
vt 0.002109 0.676436
vt 0.033692 0.944305
vt 0.377250 0.979794
vt 0.002299 0.979794
vt 0.344588 0.944305
vt 0.278642 0.393087
vt 0.278642 0.232583
vt 0.414745 0.349588
vt 0.612553 0.393160
vt 0.278642 0.393087
vt 0.474692 0.349588
vt 0.474692 0.232583
vt 0.612553 0.232583
vt 0.474692 0.349588
vt 0.998641 0.241629
vt 0.998641 0.394247
vt 0.993462 0.241629
vt 0.993462 0.388907
vt 0.998641 0.394247
vt 0.894658 0.388907
vt 0.894658 0.388907
vt 0.889321 0.394247
vt 0.894658 0.241629
vt 0.894658 0.388907
vt 0.894658 0.241629
vt 0.899968 0.383694
vt 0.988381 0.383694
vt 0.993462 0.388907
vt 0.899968 0.383694
vt 0.894658 0.241629
vt 0.993462 0.241629
vt 0.899968 0.245123
vt 0.988277 0.245123
vt 0.993462 0.241629
vt 0.988381 0.383694
vt 0.004501 0.674505
vt 0.037767 0.674505
vt 0.004501 0.583299
vt 0.178906 0.529548
vt 0.178264 0.583299
vt 0.145640 0.529548
vt 0.004501 0.529548
vt 0.004501 0.583299
vt 0.037767 0.529548
vt 0.004501 0.436680
vt 0.004501 0.529548
vt 0.037767 0.436680
vt 0.882472 0.091865
vt 0.882472 0.078996
vt 0.926722 0.091865
vt 0.912256 0.103601
vt 0.926722 0.091865
vt 0.962369 0.103601
vt 0.962370 0.091865
vt 0.926722 0.091865
vt 0.962370 0.078996
vt 0.912256 0.066979
vt 0.926722 0.078996
vt 0.962370 0.066979
vt 0.912256 0.121825
vt 0.962369 0.121825
vt 0.912256 0.103601
vt 0.962369 0.103601
vt 0.962369 0.121825
vt 0.996480 0.103601
vt 0.962370 0.066979
vt 0.962370 0.078996
vt 0.996480 0.066979
vt 0.962370 0.091865
vt 0.962370 0.078996
vt 0.996480 0.091865
vt 0.962369 0.103601
vt 0.962370 0.091865
vt 0.996480 0.103601
vt 0.961318 0.125327
vt 0.995428 0.125327
vt 0.961318 0.137344
vt 0.961318 0.137344
vt 0.961318 0.150213
vt 0.995428 0.137344
vt 0.995428 0.150213
vt 0.961318 0.150213
vt 0.995428 0.161949
vt 0.961318 0.180173
vt 0.961318 0.161949
vt 0.995428 0.180173
vt 0.911204 0.161949
vt 0.961318 0.161949
vt 0.911204 0.180173
vt 0.961318 0.150213
vt 0.925671 0.150213
vt 0.961318 0.161949
vt 0.961318 0.137344
vt 0.925671 0.137344
vt 0.961318 0.150213
vt 0.911204 0.125327
vt 0.961318 0.125327
vt 0.925671 0.137344
vt 0.881421 0.137344
vt 0.881421 0.150213
vt 0.925671 0.137344
vt 0.467277 0.343448
vt 0.422961 0.343478
vt 0.469722 0.346261
vt 0.422924 0.268129
vt 0.422961 0.343478
vt 0.420270 0.265905
vt 0.467277 0.268099
vt 0.422924 0.268129
vt 0.469722 0.265905
vt 0.469722 0.346261
vt 0.469722 0.265905
vt 0.467277 0.343448
vt 0.422924 0.268129
vt 0.467277 0.268099
vt 0.426711 0.271599
vt 0.467277 0.268099
vt 0.467277 0.343448
vt 0.464449 0.271773
vt 0.464449 0.340180
vt 0.467277 0.343448
vt 0.426744 0.340006
vt 0.426744 0.340006
vt 0.422961 0.343478
vt 0.426711 0.271599
vt 0.428781 0.337531
vt 0.461711 0.337531
vt 0.426744 0.340006
vt 0.428781 0.337531
vt 0.428781 0.273981
vt 0.426744 0.340006
vt 0.428781 0.273981
vt 0.461711 0.273981
vt 0.426711 0.271599
vt 0.461711 0.337531
vt 0.461711 0.273981
vt 0.464449 0.340180
vt 0.380190 0.978870
vt 0.380507 0.955158
vt 0.454030 0.978496
vt 0.770124 0.955278
vt 0.847189 0.955274
vt 0.769984 0.978870
vt 0.987060 0.247980
vt 0.987060 0.381928
vt 0.982117 0.251147
vt 0.982117 0.251147
vt 0.987060 0.247980
vt 0.906575 0.251147
vt 0.987060 0.381928
vt 0.902225 0.381928
vt 0.982205 0.375979
vt 0.902225 0.381928
vt 0.902225 0.247980
vt 0.906575 0.375979
vt 0.906575 0.251147
vt 0.982117 0.251147
vt 0.906575 0.375979
vt 0.037767 0.583299
vt 0.037767 0.529548
vt 0.144998 0.583299
vt 0.047176 0.508596
vt 0.041172 0.507761
vt 0.045542 0.505617
vt 0.041172 0.496274
vt 0.041172 0.493152
vt 0.045542 0.496274
vt 0.043101 0.508596
vt 0.045139 0.508596
vt 0.043101 0.524210
vt 0.107165 0.477291
vt 0.107165 0.485110
vt 0.047176 0.477426
vt 0.047176 0.493152
vt 0.047176 0.508596
vt 0.045542 0.496274
vt 0.041064 0.508596
vt 0.041063 0.524210
vt 0.043101 0.508596
vt 0.047176 0.469611
vt 0.107573 0.469474
vt 0.047176 0.477426
vt 0.047176 0.469611
vt 0.047176 0.466097
vt 0.107573 0.469474
vt 0.137324 0.699801
vt 0.086946 0.676436
vt 0.137324 0.624196
vt 0.287393 0.590081
vt 0.287393 0.676436
vt 0.240956 0.623067
vt 0.086946 0.590081
vt 0.287393 0.590081
vt 0.137324 0.624196
vt 0.240956 0.623067
vt 0.240956 0.699801
vt 0.137324 0.624196
vt 0.033692 0.944305
vt 0.137324 0.699801
vt 0.344588 0.944305
vt 0.378137 0.676436
vt 0.344588 0.699801
vt 0.287393 0.676436
vt 0.002109 0.676436
vt 0.086946 0.676436
vt 0.033692 0.699801
vt 0.411588 0.438303
vt 0.411588 0.434978
vt 0.412851 0.438303
vt 0.980681 0.656870
vt 0.877067 0.656870
vt 0.980659 0.612415
vt 0.995439 0.671987
vt 0.989631 0.666092
vt 0.862949 0.671987
vt 0.868634 0.604762
vt 0.868634 0.666092
vt 0.862949 0.599028
vt 0.868634 0.604762
vt 0.862949 0.599028
vt 0.989631 0.604762
vt 0.995439 0.671987
vt 0.995439 0.599028
vt 0.989631 0.666092
vt 0.868634 0.604762
vt 0.989631 0.604762
vt 0.872368 0.608425
vt 0.989631 0.604762
vt 0.989631 0.666092
vt 0.986167 0.608425
vt 0.986167 0.662159
vt 0.989631 0.666092
vt 0.872368 0.662159
vt 0.872368 0.662159
vt 0.868634 0.666092
vt 0.872368 0.608425
vt 0.980681 0.656870
vt 0.986167 0.662159
vt 0.877067 0.656870
vt 0.877067 0.656870
vt 0.877046 0.612415
vt 0.872368 0.662159
vt 0.980659 0.612415
vt 0.986167 0.608425
vt 0.877046 0.612415
vt 0.980681 0.656870
vt 0.980659 0.612415
vt 0.986167 0.662159
vt 0.500547 0.665163
vt 0.395312 0.665163
vt 0.500525 0.623352
vt 0.386747 0.673838
vt 0.509637 0.673838
vt 0.380972 0.679382
vt 0.386747 0.616154
vt 0.386747 0.673838
vt 0.380972 0.610761
vt 0.386747 0.616154
vt 0.380972 0.610761
vt 0.509637 0.616154
vt 0.515537 0.679382
vt 0.515537 0.610761
vt 0.509637 0.673838
vt 0.386747 0.616154
vt 0.509637 0.616154
vt 0.390540 0.619599
vt 0.509637 0.616154
vt 0.509637 0.673838
vt 0.506119 0.619599
vt 0.506119 0.670138
vt 0.509637 0.673838
vt 0.390540 0.670138
vt 0.390540 0.670138
vt 0.386747 0.673838
vt 0.390540 0.619599
vt 0.500547 0.665163
vt 0.395312 0.665163
vt 0.506119 0.670138
vt 0.395312 0.665163
vt 0.395290 0.623352
vt 0.390540 0.670138
vt 0.500525 0.623352
vt 0.506119 0.619599
vt 0.395290 0.623352
vt 0.500547 0.665163
vt 0.500525 0.623352
vt 0.506119 0.670138
vt 0.980418 0.731981
vt 0.876805 0.731981
vt 0.980397 0.687526
vt 0.868372 0.741204
vt 0.989368 0.741204
vt 0.862686 0.747098
vt 0.868372 0.679873
vt 0.868372 0.741204
vt 0.862686 0.674139
vt 0.868372 0.679873
vt 0.989368 0.679873
vt 0.862686 0.674139
vt 0.995177 0.747098
vt 0.995177 0.674139
vt 0.989368 0.741204
vt 0.868372 0.679873
vt 0.989368 0.679873
vt 0.872106 0.683536
vt 0.989368 0.679873
vt 0.989368 0.741204
vt 0.985904 0.683536
vt 0.985904 0.737270
vt 0.989368 0.741204
vt 0.872106 0.737270
vt 0.872106 0.737270
vt 0.868372 0.741204
vt 0.872106 0.683536
vt 0.980418 0.731981
vt 0.876805 0.731981
vt 0.985904 0.737270
vt 0.876805 0.731981
vt 0.876783 0.687526
vt 0.872106 0.737270
vt 0.980397 0.687526
vt 0.876783 0.687526
vt 0.985904 0.683536
vt 0.980418 0.731981
vt 0.980397 0.687526
vt 0.985904 0.737270
vt 0.093971 0.427503
vt 0.093971 0.432405
vt 0.090529 0.427503
vt 0.173327 0.427503
vt 0.173327 0.432405
vt 0.098357 0.427503
vt 0.093971 0.424469
vt 0.093971 0.427503
vt 0.090529 0.424469
vt 0.173327 0.424469
vt 0.173327 0.427503
vt 0.098357 0.424469
vt 0.093971 0.424469
vt 0.098357 0.424469
vt 0.089994 0.415960
vt 0.306158 0.993844
vt 0.689483 0.993844
vt 0.306167 0.999306
vt 0.306158 0.993844
vt 0.306167 0.999306
vt 0.002543 0.993844
vt 0.387133 0.427503
vt 0.467413 0.427503
vt 0.386931 0.432405
vt 0.006673 0.427503
vt 0.090529 0.427503
vt 0.006673 0.432405
vt 0.387133 0.427503
vt 0.386931 0.432405
vt 0.173327 0.427503
vt 0.967471 0.408096
vt 0.967471 0.412998
vt 0.888520 0.408096
vt 0.689483 0.993844
vt 0.996534 0.993844
vt 0.689474 0.999306
vt 0.006673 0.424469
vt 0.090529 0.424469
vt 0.006673 0.427503
vt 0.689483 0.989344
vt 0.996534 0.989344
vt 0.689483 0.993844
vt 0.002543 0.989344
vt 0.306161 0.989344
vt 0.002543 0.993844
vt 0.387133 0.424469
vt 0.387133 0.427503
vt 0.173327 0.424469
vt 0.888520 0.405062
vt 0.967471 0.405062
vt 0.888520 0.408096
vt 0.306161 0.989344
vt 0.689483 0.989344
vt 0.306158 0.993844
vt 0.387133 0.424469
vt 0.467413 0.424469
vt 0.387133 0.427503
vt 0.689483 0.989344
vt 0.689474 0.981549
vt 0.306161 0.989344
vt 0.306161 0.989344
vt 0.306167 0.981549
vt 0.002543 0.989344
vt 0.467413 0.415960
vt 0.387098 0.415960
vt 0.467413 0.424469
vt 0.967471 0.405062
vt 0.967471 0.396554
vt 0.888520 0.405062
vt 0.089994 0.415960
vt 0.006673 0.415960
vt 0.090529 0.424469
vt 0.387133 0.424469
vt 0.387098 0.415960
vt 0.173327 0.424469
vt 0.996534 0.981549
vt 0.689474 0.981549
vt 0.996534 0.989344
vn 0.003242 -0.999966 -0.007518
vn -0.999390 0.034577 0.000641
vn -0.999390 0.034577 0.000641
vn -0.999390 0.034577 0.000641
vn 0.000397 0.066897 0.997742
vn 0.000397 0.066897 0.997742
vn 0.000397 0.066897 0.997742
vn -0.999451 0.032472 0.000610
vn -0.999451 0.032472 0.000610
vn -0.999451 0.032472 0.000610
vn 0.000397 0.073824 0.997253
vn 0.000397 0.073824 0.997253
vn 0.000397 0.073824 0.997253
vn -0.324957 -0.945703 -0.006938
vn 0.002894 -0.944879 -0.327408
vn 0.330465 -0.943790 -0.007268
vn 0.003256 -0.954148 0.299318
vn -0.998994 0.044828 0.000862
vn 0.000222 0.093686 0.995602
vn -0.998994 0.044841 0.000861
vn 0.000222 0.093686 0.995602
vn 0.003242 -0.999966 -0.007518
vn 0.999390 -0.034577 -0.000641
vn 0.999390 -0.034577 -0.000641
vn 0.999390 -0.034577 -0.000641
vn 0.000397 0.066897 0.997742
vn 0.000397 0.066897 0.997742
vn 0.000397 0.066897 0.997742
vn 0.999451 -0.032472 -0.000610
vn 0.999451 -0.032472 -0.000610
vn 0.999451 -0.032472 -0.000610
vn 0.000397 0.073824 0.997253
vn 0.000397 0.073824 0.997253
vn 0.000397 0.073824 0.997253
vn -0.324967 -0.945700 -0.006937
vn 0.002894 -0.944878 -0.327408
vn 0.330464 -0.943791 -0.007268
vn 0.003256 -0.954147 0.299319
vn 0.998994 -0.044828 -0.000862
vn 0.000223 0.093692 0.995601
vn 0.998994 -0.044838 -0.000861
vn 0.000222 0.093688 0.995602
vn 0.000006 -1.000000 0.000001
vn 0.998810 -0.048524 0.000031
vn 0.998810 -0.048524 0.000031
vn 0.998810 -0.048524 0.000031
vn 0.000092 0.095187 0.995453
vn 0.000092 0.095187 0.995453
vn 0.000092 0.095187 0.995453
vn 0.998962 -0.045350 0.000031
vn 0.998962 -0.045350 0.000031
vn 0.998962 -0.045350 0.000031
vn 0.000122 0.105808 0.994385
vn 0.000122 0.105808 0.994385
vn 0.000122 0.105808 0.994385
vn -0.225427 -0.974260 0.000023
vn 0.000006 -0.976458 -0.215706
vn 0.225793 -0.974175 -0.000018
vn 0.000007 -0.978922 0.204235
vn 0.997961 -0.063835 -0.000091
vn 0.000000 0.135969 0.990713
vn 0.997959 -0.063858 -0.000090
vn 0.000000 0.135965 0.990714
vn 0.000000 -1.000000 0.000000
vn -0.998810 0.048555 0.000427
vn -0.998810 0.048555 0.000427
vn -0.998810 0.048555 0.000427
vn 0.000580 0.095218 0.995453
vn 0.000580 0.095218 0.995453
vn 0.000580 0.095218 0.995453
vn -0.998962 0.045381 0.000427
vn -0.998962 0.045381 0.000427
vn -0.998962 0.045381 0.000427
vn 0.000580 0.105777 0.994385
vn 0.000580 0.105777 0.994385
vn 0.000580 0.105777 0.994385
vn -0.225439 -0.974257 0.000129
vn -0.000104 -0.976461 -0.215694
vn 0.225783 -0.974178 -0.000130
vn 0.000098 -0.978923 0.204228
vn -0.997960 0.063838 0.000571
vn 0.000476 0.136000 0.990709
vn -0.997958 0.063870 0.000570
vn 0.000476 0.135939 0.990717
vn 0.051881 -0.000458 0.998627
vn 0.051881 -0.000458 0.998627
vn 0.051881 -0.000458 0.998627
vn -0.024171 -0.999695 -0.000275
vn -0.024171 -0.999695 -0.000275
vn -0.024171 -0.999695 -0.000275
vn 0.051912 -0.000458 0.998627
vn 0.051912 -0.000458 0.998627
vn 0.051912 -0.000458 0.998627
vn -0.024171 -0.999695 -0.000275
vn -0.024171 -0.999695 -0.000275
vn -0.024171 -0.999695 -0.000275
vn -1.000000 -0.000000 0.000000
vn -1.000000 -0.000003 0.000000
vn -1.000000 -0.000000 0.000003
vn -1.000000 -0.000006 0.000000
vn 0.030641 -0.000458 0.999512
vn 0.030641 -0.000458 0.999512
vn 0.030641 -0.000458 0.999512
vn -0.014283 -0.999878 -0.000549
vn -0.014283 -0.999878 -0.000549
vn -0.014283 -0.999878 -0.000549
vn 0.030641 -0.000458 0.999512
vn 0.030641 -0.000458 0.999512
vn 0.030641 -0.000458 0.999512
vn -0.014283 -0.999878 -0.000549
vn -0.014283 -0.999878 -0.000549
vn -0.014283 -0.999878 -0.000549
vn -1.000000 0.000000 0.000000
vn -0.051881 0.000458 0.998627
vn -0.051881 0.000458 0.998627
vn -0.051881 0.000458 0.998627
vn -0.024171 -0.999695 0.000275
vn -0.024171 -0.999695 0.000275
vn -0.024171 -0.999695 0.000275
vn -0.051912 0.000458 0.998627
vn -0.051912 0.000458 0.998627
vn -0.051912 0.000458 0.998627
vn -0.024171 -0.999695 0.000275
vn -0.024171 -0.999695 0.000275
vn -0.024171 -0.999695 0.000275
vn 1.000000 0.000000 0.000000
vn 1.000000 0.000000 0.000000
vn 1.000000 0.000000 0.000000
vn 1.000000 0.000000 0.000000
vn -0.030641 0.000458 0.999512
vn -0.030641 0.000458 0.999512
vn -0.030641 0.000458 0.999512
vn -0.014283 -0.999878 0.000549
vn -0.014283 -0.999878 0.000549
vn -0.014283 -0.999878 0.000549
vn -0.030610 0.000458 0.999512
vn -0.030610 0.000458 0.999512
vn -0.030610 0.000458 0.999512
vn -0.014283 -0.999878 0.000549
vn -0.014283 -0.999878 0.000549
vn -0.014283 -0.999878 0.000549
vn 1.000000 -0.000000 0.000000
vn -0.051881 0.000458 0.998627
vn -0.051881 0.000458 0.998627
vn -0.051881 0.000458 0.998627
vn -0.024171 -0.999695 0.000275
vn -0.024171 -0.999695 0.000275
vn -0.024171 -0.999695 0.000275
vn -0.051912 0.000458 0.998627
vn -0.051912 0.000458 0.998627
vn -0.051912 0.000458 0.998627
vn -0.024171 -0.999695 0.000275
vn -0.024171 -0.999695 0.000275
vn -0.024171 -0.999695 0.000275
vn 1.000000 -0.000001 0.000011
vn 1.000000 -0.000013 0.000000
vn 1.000000 -0.000001 -0.000001
vn 1.000000 0.000013 -0.000000
vn -0.030610 0.000458 0.999512
vn -0.030610 0.000458 0.999512
vn -0.030610 0.000458 0.999512
vn -0.014283 -0.999878 0.000549
vn -0.014283 -0.999878 0.000549
vn -0.014283 -0.999878 0.000549
vn -0.030641 0.000458 0.999512
vn -0.030641 0.000458 0.999512
vn -0.030641 0.000458 0.999512
vn -0.014283 -0.999878 0.000549
vn -0.014283 -0.999878 0.000549
vn -0.014283 -0.999878 0.000549
vn 1.000000 -0.000000 0.000000
vn -0.051881 0.000458 0.998627
vn -0.051881 0.000458 0.998627
vn -0.051881 0.000458 0.998627
vn -0.024171 -0.999695 0.000275
vn -0.024171 -0.999695 0.000275
vn -0.024171 -0.999695 0.000275
vn -0.051912 0.000458 0.998627
vn -0.051912 0.000458 0.998627
vn -0.051912 0.000458 0.998627
vn -0.024171 -0.999695 0.000275
vn -0.024171 -0.999695 0.000275
vn -0.024171 -0.999695 0.000275
vn 1.000000 0.000000 0.000000
vn 1.000000 -0.000013 0.000000
vn 1.000000 -0.000001 -0.000001
vn 1.000000 0.000013 -0.000000
vn -0.030610 0.000458 0.999512
vn -0.030610 0.000458 0.999512
vn -0.030610 0.000458 0.999512
vn -0.014283 -0.999878 0.000549
vn -0.014283 -0.999878 0.000549
vn -0.014283 -0.999878 0.000549
vn -0.030610 0.000458 0.999512
vn -0.030610 0.000458 0.999512
vn -0.030610 0.000458 0.999512
vn -0.014283 -0.999878 0.000549
vn -0.014283 -0.999878 0.000549
vn -0.014283 -0.999878 0.000549
vn 1.000000 -0.000000 0.000000
vn 0.051881 -0.000458 0.998627
vn 0.051881 -0.000458 0.998627
vn 0.051881 -0.000458 0.998627
vn -0.024171 -0.999695 -0.000275
vn -0.024171 -0.999695 -0.000275
vn -0.024171 -0.999695 -0.000275
vn 0.051912 -0.000458 0.998627
vn 0.051912 -0.000458 0.998627
vn 0.051912 -0.000458 0.998627
vn -0.024171 -0.999695 -0.000275
vn -0.024171 -0.999695 -0.000275
vn -0.024171 -0.999695 -0.000275
vn -1.000000 0.000001 -0.000001
vn -1.000000 0.000000 0.000000
vn -1.000000 -0.000001 0.000013
vn -1.000000 0.000000 0.000000
vn 0.030641 -0.000458 0.999512
vn 0.030641 -0.000458 0.999512
vn 0.030641 -0.000458 0.999512
vn -0.014283 -0.999878 -0.000549
vn -0.014283 -0.999878 -0.000549
vn -0.014283 -0.999878 -0.000549
vn 0.030610 -0.000458 0.999512
vn 0.030610 -0.000458 0.999512
vn 0.030610 -0.000458 0.999512
vn -0.014283 -0.999878 -0.000549
vn -0.014283 -0.999878 -0.000549
vn -0.014283 -0.999878 -0.000549
vn -1.000000 0.000001 0.000000
vn 0.051881 -0.000458 0.998627
vn 0.051881 -0.000458 0.998627
vn 0.051881 -0.000458 0.998627
vn -0.024171 -0.999695 -0.000275
vn -0.024171 -0.999695 -0.000275
vn -0.024171 -0.999695 -0.000275
vn 0.051912 -0.000458 0.998627
vn 0.051912 -0.000458 0.998627
vn 0.051912 -0.000458 0.998627
vn -0.024171 -0.999695 -0.000275
vn -0.024171 -0.999695 -0.000275
vn -0.024171 -0.999695 -0.000275
vn -1.000000 0.000001 -0.000001
vn -1.000000 0.000000 0.000000
vn -1.000000 -0.000001 0.000013
vn -1.000000 0.000000 0.000000
vn 0.030641 -0.000458 0.999512
vn 0.030641 -0.000458 0.999512
vn 0.030641 -0.000458 0.999512
vn -0.014283 -0.999878 -0.000549
vn -0.014283 -0.999878 -0.000549
vn -0.014283 -0.999878 -0.000549
vn 0.030641 -0.000458 0.999512
vn 0.030641 -0.000458 0.999512
vn 0.030641 -0.000458 0.999512
vn -0.014283 -0.999878 -0.000549
vn -0.014283 -0.999878 -0.000549
vn -0.014283 -0.999878 -0.000549
vn -1.000000 0.000001 0.000000
vn 0.000458 0.051881 0.998627
vn 0.000458 0.051881 0.998627
vn 0.000458 0.051881 0.998627
vn 0.999695 -0.024171 -0.000275
vn 0.999695 -0.024171 -0.000275
vn 0.999695 -0.024171 -0.000275
vn 0.000458 0.051912 0.998627
vn 0.000458 0.051912 0.998627
vn 0.000458 0.051912 0.998627
vn 0.999695 -0.024171 -0.000275
vn 0.999695 -0.024171 -0.000275
vn 0.999695 -0.024171 -0.000275
vn 0.000000 -1.000000 0.000000
vn -0.000000 -1.000000 0.000000
vn 0.000000 -1.000000 0.000006
vn -0.000007 -1.000000 0.000000
vn 0.000458 0.030641 0.999512
vn 0.000458 0.030641 0.999512
vn 0.000458 0.030641 0.999512
vn 0.999878 -0.014283 -0.000549
vn 0.999878 -0.014283 -0.000549
vn 0.999878 -0.014283 -0.000549
vn 0.000458 0.030641 0.999512
vn 0.000458 0.030641 0.999512
vn 0.000458 0.030641 0.999512
vn 0.999878 -0.014283 -0.000549
vn 0.999878 -0.014283 -0.000549
vn 0.999878 -0.014283 -0.000549
vn -0.000000 -1.000000 0.000000
vn 0.000458 0.051881 0.998627
vn 0.000458 0.051881 0.998627
vn 0.000458 0.051881 0.998627
vn -0.999695 0.024171 0.000275
vn -0.999695 0.024171 0.000275
vn -0.999695 0.024171 0.000275
vn 0.000458 0.051912 0.998627
vn 0.000458 0.051912 0.998627
vn 0.000458 0.051912 0.998627
vn -0.999695 0.024171 0.000275
vn -0.999695 0.024171 0.000275
vn -0.999695 0.024171 0.000275
vn 0.000000 -1.000000 0.000000
vn 0.000000 -1.000000 0.000000
vn 0.000000 -1.000000 0.000000
vn 0.000000 -1.000000 0.000000
vn 0.000458 0.030610 0.999512
vn 0.000458 0.030610 0.999512
vn 0.000458 0.030610 0.999512
vn -0.999878 0.014283 0.000549
vn -0.999878 0.014283 0.000549
vn -0.999878 0.014283 0.000549
vn 0.000458 0.030641 0.999512
vn 0.000458 0.030641 0.999512
vn 0.000458 0.030641 0.999512
vn -0.999878 0.014283 0.000549
vn -0.999878 0.014283 0.000549
vn -0.999878 0.014283 0.000549
vn -0.000000 -1.000000 0.000000
vn 0.000458 0.051881 0.998627
vn 0.000458 0.051881 0.998627
vn 0.000458 0.051881 0.998627
vn -0.999695 0.024171 0.000275
vn -0.999695 0.024171 0.000275
vn -0.999695 0.024171 0.000275
vn 0.000458 0.051912 0.998627
vn 0.000458 0.051912 0.998627
vn 0.000458 0.051912 0.998627
vn -0.999695 0.024171 0.000275
vn -0.999695 0.024171 0.000275
vn -0.999695 0.024171 0.000275
vn 0.000000 -1.000000 0.000000
vn 0.000000 -1.000000 0.000000
vn 0.000000 -1.000000 0.000000
vn 0.000000 -1.000000 0.000000
vn 0.000458 0.030610 0.999512
vn 0.000458 0.030610 0.999512
vn 0.000458 0.030610 0.999512
vn -0.999878 0.014283 0.000549
vn -0.999878 0.014283 0.000549
vn -0.999878 0.014283 0.000549
vn 0.000458 0.030641 0.999512
vn 0.000458 0.030641 0.999512
vn 0.000458 0.030641 0.999512
vn -0.999878 0.014283 0.000549
vn -0.999878 0.014283 0.000549
vn -0.999878 0.014283 0.000549
vn -0.000001 -1.000000 0.000000
vn 0.000458 0.051881 0.998627
vn 0.000458 0.051881 0.998627
vn 0.000458 0.051881 0.998627
vn 0.999695 -0.024171 -0.000275
vn 0.999695 -0.024171 -0.000275
vn 0.999695 -0.024171 -0.000275
vn 0.000458 0.051912 0.998627
vn 0.000458 0.051912 0.998627
vn 0.000458 0.051912 0.998627
vn 0.999695 -0.024171 -0.000275
vn 0.999695 -0.024171 -0.000275
vn 0.999695 -0.024171 -0.000275
vn 0.000000 -1.000000 0.000000
vn 0.000000 -1.000000 0.000000
vn 0.000000 -1.000000 0.000000
vn 0.000000 -1.000000 0.000000
vn 0.000458 0.030641 0.999512
vn 0.000458 0.030641 0.999512
vn 0.000458 0.030641 0.999512
vn 0.999878 -0.014283 -0.000549
vn 0.999878 -0.014283 -0.000549
vn 0.999878 -0.014283 -0.000549
vn 0.000458 0.030641 0.999512
vn 0.000458 0.030641 0.999512
vn 0.000458 0.030641 0.999512
vn 0.999878 -0.014283 -0.000549
vn 0.999878 -0.014283 -0.000549
vn 0.999878 -0.014283 -0.000549
vn 0.000000 -1.000000 0.000000
vn 0.000458 0.051881 0.998627
vn 0.000458 0.051881 0.998627
vn 0.000458 0.051881 0.998627
vn -0.999695 0.024171 0.000275
vn -0.999695 0.024171 0.000275
vn -0.999695 0.024171 0.000275
vn 0.000458 0.051912 0.998627
vn 0.000458 0.051912 0.998627
vn 0.000458 0.051912 0.998627
vn 0.999695 -0.024171 -0.000275
vn 0.999695 -0.024171 -0.000275
vn 0.999695 -0.024171 -0.000275
vn 0.000000 -1.000000 0.000000
vn 0.000000 -1.000000 0.000000
vn 0.000000 -1.000000 0.000000
vn 0.000000 -1.000000 0.000000
vn 0.000458 0.030610 0.999512
vn 0.000458 0.030610 0.999512
vn 0.000458 0.030610 0.999512
vn -0.999878 0.014283 0.000549
vn -0.999878 0.014283 0.000549
vn -0.999878 0.014283 0.000549
vn 0.000458 0.030641 0.999512
vn 0.000458 0.030641 0.999512
vn 0.000458 0.030641 0.999512
vn 0.999878 -0.014283 -0.000549
vn 0.999878 -0.014283 -0.000549
vn 0.999878 -0.014283 -0.000549
vn -0.000001 -1.000000 0.000000
vn 0.000000 0.968535 -0.248848
vn 0.000000 0.968535 -0.248848
vn 0.000000 0.999969 0.000000
vn 0.968535 0.000000 -0.248848
vn 0.968535 0.000000 -0.248848
vn 1.000000 0.000000 0.000000
vn 0.000000 1.000000 0.000000
vn 0.000000 0.968535 0.248848
vn 0.000000 0.968535 0.248848
vn 0.968535 0.000000 0.248848
vn 0.968535 0.000000 0.248848
vn 1.000000 0.000000 0.000000
vn 0.981872 0.000000 0.189520
vn 0.981872 0.000000 0.189520
vn 0.000000 0.981872 0.189520
vn 0.000000 0.981872 0.189520
vn 0.981872 0.000000 -0.189520
vn 0.000000 0.981872 -0.189520
vn 0.000001 1.000000 -0.000003
vn 1.000000 -0.000001 0.000000
vn 0.000001 1.000000 0.000001
vn 1.000000 -0.000001 -0.000001
vn 0.000002 -0.000002 1.000000
vn 0.000000 0.000008 1.000000
vn 0.000002 -0.000002 1.000000
vn 0.000000 0.000000 1.000000
vn 0.000001 1.000000 0.000000
vn 1.000000 -0.000001 0.000000
vn 0.000000 1.000000 0.000000
vn 1.000000 -0.000001 0.000000
vn -0.000001 -0.098773 0.995110
vn 0.000000 0.098778 0.995109
vn -1.000000 -0.000001 0.000000
vn -1.000000 -0.000001 0.000000
vn -0.790904 -0.611940 0.000007
vn 0.000000 0.000006 1.000000
vn 0.000000 0.000000 1.000000
vn 0.000000 0.000000 1.000000
vn 0.000000 0.000000 1.000000
vn -0.072935 -0.997337 0.000000
vn 0.000000 0.000000 1.000000
vn -0.000001 -0.000001 1.000000
vn 0.123326 -0.992366 0.000000
vn 0.897950 -0.440097 0.000001
vn -0.586532 -0.442267 0.678513
vn -0.586562 -0.442281 -0.678478
vn 0.721870 -0.692029 0.000001
vn -0.919181 -0.393834 -0.000002
vn 0.000000 0.418852 0.908054
vn 0.000000 -0.418844 0.908058
vn -0.156407 0.987671 0.000000
vn -0.156407 0.987671 0.000000
vn -0.156407 0.987671 0.000000
vn 0.977599 0.210395 0.000000
vn 0.977599 0.210395 0.000000
vn 0.977599 0.210395 0.000000
vn 0.981689 -0.190374 0.000000
vn 0.981689 -0.190374 0.000000
vn 0.981689 -0.190374 0.000000
vn -0.156407 0.987671 0.000000
vn -0.156407 0.987671 0.000000
vn -0.156407 0.987671 0.000000
vn 0.977599 0.210395 0.000000
vn 0.977599 0.210395 0.000000
vn 0.977599 0.210395 0.000000
vn 0.981689 -0.190374 0.000000
vn 0.981689 -0.190374 0.000000
vn 0.981689 -0.190374 0.000000
vn -0.156438 0.987671 0.000000
vn -0.156438 0.987671 0.000000
vn -0.156438 0.987671 0.000000
vn 0.977599 0.210395 0.000000
vn 0.977599 0.210395 0.000000
vn 0.977599 0.210395 0.000000
vn 0.981689 -0.190374 0.000000
vn 0.981689 -0.190374 0.000000
vn 0.981689 -0.190374 0.000000
vn -0.156438 0.987671 0.000000
vn -0.156438 0.987671 0.000000
vn -0.156438 0.987671 0.000000
vn 0.977599 0.210395 0.000000
vn 0.977599 0.210395 0.000000
vn 0.977599 0.210395 0.000000
vn 0.981689 -0.190374 0.000000
vn 0.981689 -0.190374 0.000000
vn 0.981689 -0.190374 0.000000
vn -0.156438 0.987671 0.000000
vn -0.156438 0.987671 0.000000
vn -0.156438 0.987671 0.000000
vn 0.985778 0.167974 0.000000
vn 0.985778 0.167974 0.000000
vn 0.985778 0.167974 0.000000
vn 0.971557 -0.236793 0.000000
vn 0.971557 -0.236793 0.000000
vn 0.971557 -0.236793 0.000000
vn -0.156407 0.987671 0.000000
vn -0.156407 0.987671 0.000000
vn -0.156407 0.987671 0.000000
vn 0.977599 0.210364 0.000000
vn 0.977599 0.210364 0.000000
vn 0.977599 0.210364 0.000000
vn 0.981689 -0.190374 0.000000
vn 0.981689 -0.190374 0.000000
vn 0.981689 -0.190374 0.000000
vn 0.282968 -0.959105 0.003876
vn 0.282968 -0.959105 0.003876
vn 0.282968 -0.959105 0.003876
vn -0.573962 -0.818812 -0.007874
vn -0.573962 -0.818812 -0.007874
vn -0.573962 -0.818812 -0.007874
vn -0.997986 -0.061769 -0.013703
vn -0.997986 -0.061769 -0.013703
vn -0.997986 -0.061769 -0.013703
vn -0.671255 0.741142 -0.009217
vn -0.671255 0.741142 -0.009217
vn -0.671255 0.741142 -0.009217
vn -0.162206 -0.986724 -0.002228
vn -0.162206 -0.986724 -0.002228
vn -0.162206 -0.986724 -0.002228
vn -0.872616 -0.488235 -0.011933
vn -0.872616 -0.488235 -0.011933
vn -0.872616 -0.488235 -0.011933
vn -0.926633 0.375683 -0.012696
vn -0.926633 0.375683 -0.012696
vn -0.926633 0.375683 -0.012696
vn 0.844722 -0.323985 0.425916
vn 0.844722 -0.323985 0.425916
vn 0.898465 -0.382122 0.216132
vn -0.885159 -0.430036 -0.177526
vn -0.884640 -0.429670 -0.180975
vn -0.840510 -0.400586 -0.364757
vn -0.277657 -0.927091 -0.251747
vn -0.264473 -0.944853 -0.193060
vn -0.311472 -0.848842 -0.427046
vn -0.470992 0.665242 0.579272
vn -0.470992 0.665242 0.579272
vn -0.470992 0.665242 0.579272
vn -0.435438 -0.542833 0.718131
vn -0.435438 -0.542833 0.718131
vn -0.435438 -0.542833 0.718131
vn 0.355419 -0.699118 0.620380
vn 0.355419 -0.699118 0.620380
vn 0.355419 -0.699118 0.620380
vn 0.234657 -0.972015 0.007874
vn 0.234657 -0.972015 0.007874
vn 0.234657 -0.972015 0.007874
vn -0.614429 -0.787744 0.043550
vn -0.614429 -0.787744 0.043550
vn -0.614429 -0.787744 0.043550
vn -0.998932 -0.011353 0.044710
vn -0.998932 -0.011353 0.044710
vn -0.998932 -0.011353 0.044710
vn -0.632527 0.774407 0.012238
vn -0.632527 0.774407 0.012238
vn -0.632527 0.774407 0.012238
vn -0.208411 -0.977722 0.024293
vn -0.208411 -0.977722 0.024293
vn -0.895505 -0.443586 0.034669
vn -0.895505 -0.443586 0.034669
vn 0.905698 -0.423261 -0.022401
vn 0.905698 -0.423261 -0.022401
vn -0.225866 -0.000001 0.974158
vn 0.999975 -0.006919 -0.001636
vn -0.003174 -0.955840 -0.293832
vn -0.004669 -0.936674 -0.350169
vn -0.004669 -0.936674 -0.350139
vn 0.999974 -0.006975 -0.001636
vn 0.999979 -0.006515 -0.000139
vn -0.005921 -0.884976 -0.465529
vn 0.999977 -0.006770 -0.000174
vn -0.006150 -0.913352 -0.407124
vn -0.005706 -0.874895 -0.484279
vn 0.999979 -0.006517 -0.000293
vn -0.005676 -0.851802 -0.523789
vn -0.005676 -0.851802 -0.523789
vn 0.999979 -0.006513 -0.000292
vn -0.999979 0.006513 0.000293
vn -0.005921 -0.884854 -0.465774
vn -0.005676 -0.851527 -0.524216
vn -0.005676 -0.851527 -0.524216
vn -0.999979 0.006514 0.000293
vn -0.005703 -0.874660 -0.484704
vn -0.006177 -0.918293 -0.395852
vn -0.999979 0.006515 0.000139
vn -0.004669 -0.938932 -0.344005
vn -0.004669 -0.938932 -0.344035
vn -0.999979 0.006516 0.000140
vn -0.999972 0.007315 0.001636
vn -0.003174 -0.959593 -0.281320
vn -0.999972 0.007253 0.001636
vn 0.000000 1.000000 0.000000
vn 1.000000 0.000000 0.000000
vn -1.000000 0.000000 -0.000000
vn 0.000000 0.000000 1.000000
vn 0.000000 0.000000 0.999969
vn 0.000000 0.000000 1.000000
vn 0.000000 0.000000 1.000000
vn 0.000000 0.000000 1.000000
vn 0.000000 0.000000 1.000000
vn 0.000000 0.000000 1.000000
vn 0.000000 -1.000000 0.000001
vn 1.000000 0.000000 0.000002
vn -1.000000 0.000000 -0.000004
vn 0.000000 1.000000 0.000001
vn 0.000000 0.000000 1.000000
vn 0.000000 0.000000 1.000000
vn 0.000000 0.000000 1.000000
vn 0.000000 0.000000 1.000000
vn 0.000000 0.000000 1.000000
vn 0.000000 0.000000 1.000000
vn 0.000000 0.000000 1.000000
vn 0.000000 0.000000 1.000000
vn 0.000000 0.006103 0.999981
vn 0.000000 -1.000000 0.000000
vn 0.000000 -1.000000 0.000000
vn 0.000000 -1.000000 0.000000
vn 0.000000 -1.000000 0.000000
vn 0.000000 -0.000002 1.000000
vn 0.999979 -0.006424 -0.000572
vn -0.000000 -0.000004 1.000000
vn -0.999979 0.006432 0.000572
vn 0.000000 -1.000000 0.000000
vn -1.000000 -0.000001 0.000000
vn -1.000000 0.000000 0.000006
vn -1.000000 0.000000 -0.000000
vn -1.000000 0.000006 0.000000
vn 0.000000 -1.000000 0.000000
vn 0.000000 0.000000 1.000000
vn -0.000009 0.000000 1.000000
vn 0.000000 -1.000000 -0.000000
vn -0.999973 0.007258 0.000571
vn 1.000000 0.000000 0.000000
vn 1.000000 0.000000 0.000002
vn 1.000000 0.000000 0.000000
vn 1.000000 -0.000005 0.000000
vn -0.000005 -1.000000 -0.000000
vn 0.000000 0.000000 1.000000
vn 0.000000 0.000001 1.000000
vn 0.000011 -1.000000 -0.000000
vn 1.000000 0.000001 0.000000
vn 0.000000 -1.000000 0.000000
vn 0.000000 -1.000000 0.000000
vn 0.000000 -1.000000 -0.000001
vn 0.000000 -1.000000 0.000000
vn -0.999850 0.017327 0.000571
vn 0.000000 0.000009 1.000000
vn -0.999850 0.017324 0.000571
vn 0.000000 0.000000 1.000000
vn -0.000000 -1.000000 -0.000000
vn 0.000000 -1.000000 -0.000002
vn -0.000003 -1.000000 0.000000
vn 0.000000 -1.000000 0.000002
vn 0.000000 -1.000000 0.000000
vn 0.999934 -0.011445 -0.000571
vn 0.000001 0.000000 1.000000
vn 1.000000 0.000000 0.000000
vn 0.000000 0.000003 1.000000
vn 0.000000 -1.000000 0.000000
vn 0.999977 -0.006493 -0.002021
vn 0.999976 -0.006987 -0.000572
vn 0.999985 -0.005416 -0.000574
vn 0.999979 -0.006513 -0.000269
vn 0.000002 0.000000 1.000000
vn 0.000000 -1.000000 0.000000
vn 0.000000 1.000000 -0.000000
vn -0.000012 0.000000 1.000000
vn 1.000000 0.000000 0.000000
vn 0.000000 1.000000 0.000008
vn -0.000003 1.000000 -0.000000
vn -0.000004 1.000000 0.000000
vn 0.000000 1.000000 0.000006
vn 0.000000 -0.000004 1.000000
vn 0.999956 -0.009352 -0.000570
vn -0.999956 0.009341 0.000571
vn 0.000000 0.000000 1.000000
vn 0.000000 1.000000 -0.000000
vn -1.000000 0.000000 0.000000
vn -1.000000 0.000000 -0.000002
vn -1.000000 -0.000003 0.000000
vn -1.000000 0.000000 -0.000002
vn -0.000003 0.000000 1.000000
vn 0.000000 -1.000000 0.000000
vn 0.000000 0.000000 1.000000
vn 0.000000 1.000000 -0.000000
vn -1.000000 0.000000 0.000000
vn 0.002503 0.732444 0.680807
vn 0.002503 0.732444 0.680807
vn 0.002503 0.732444 0.680807
vn 0.781579 -0.002716 0.623768
vn 0.781579 -0.002716 0.623768
vn 0.781579 -0.002716 0.623768
vn -0.778985 0.002686 0.626972
vn -0.778985 0.002686 0.626972
vn -0.778985 0.002686 0.626972
vn 0.000000 -0.603076 0.797662
vn 0.000000 -0.603076 0.797662
vn 0.000000 -0.603076 0.797662
vn 0.544328 0.000000 0.838832
vn 0.544328 0.000000 0.838832
vn 0.544328 0.000000 0.838832
vn -0.555559 0.001709 0.831446
vn -0.555559 0.001709 0.831446
vn -0.555559 0.001709 0.831446
vn 0.607044 0.000000 0.794641
vn 0.607044 0.000000 0.794641
vn 0.607044 0.000000 0.794641
vn -0.610340 0.000000 0.792108
vn -0.610340 0.000000 0.792108
vn -0.610340 0.000000 0.792108
vn 0.000000 0.691763 0.722098
vn 0.000000 0.691763 0.722098
vn 0.000000 0.691763 0.722098
vn 0.000000 -1.000000 0.000000
vn -0.000000 -1.000000 -0.000002
vn 0.000000 -1.000000 0.000000
vn 1.000000 0.000000 0.000000
vn 1.000000 0.000000 0.000000
vn 0.999969 0.000000 0.000000
vn 0.000000 0.000000 1.000000
vn 0.000000 0.000000 1.000000
vn 0.000000 0.000000 1.000000
vn -1.000000 0.000000 0.000000
vn -1.000000 0.000000 0.000000
vn -1.000000 0.000000 0.000000
vn 0.000000 -1.000000 0.000000
vn -0.000000 -1.000000 0.000003
vn 0.000000 -1.000000 0.000000
vn 0.000000 -1.000000 0.000000
vn 0.999978 -0.006540 -0.000577
vn 0.000000 0.000000 1.000000
vn 0.000000 0.000000 1.000000
vn -1.000000 0.000000 0.000000
vn -0.999971 0.007406 0.001635
vn -0.003174 -0.961180 -0.275857
vn -0.004669 -0.939909 -0.341350
vn -0.004669 -0.939909 -0.341319
vn -0.999971 0.007471 0.001636
vn -0.999979 0.006516 0.000139
vn -0.005921 -0.884823 -0.465865
vn -0.999979 0.006515 0.000139
vn -0.006189 -0.920409 -0.390908
vn -0.005702 -0.874557 -0.484889
vn -0.999979 0.006512 0.000293
vn -0.005676 -0.851436 -0.524400
vn -0.005676 -0.851436 -0.524400
vn -0.999979 0.006513 0.000293
vn 0.999979 -0.006512 -0.000292
vn -0.005921 -0.885037 -0.465438
vn -0.005676 -0.851924 -0.523606
vn -0.005676 -0.851924 -0.523606
vn 0.999979 -0.006517 -0.000293
vn -0.005706 -0.874993 -0.484102
vn -0.006139 -0.911267 -0.411770
vn 0.999978 -0.006644 -0.000157
vn -0.004669 -0.935728 -0.352672
vn -0.004669 -0.935697 -0.352702
vn 0.999979 -0.006515 -0.000139
vn 0.999975 -0.006843 -0.001636
vn -0.003174 -0.954222 -0.299020
vn 0.999976 -0.006790 -0.001636
vn 0.999535 -0.030484 0.000680
vn -0.000496 0.011557 0.999933
vn 0.999477 -0.032336 0.000679
vn -0.000452 0.013584 0.999908
vn -0.060308 0.998141 -0.008777
vn 0.003150 0.997991 0.063287
vn 0.066757 0.997732 -0.008675
vn 0.003260 0.997035 -0.076880
vn 0.999065 -0.043230 0.001057
vn -0.000445 0.015804 0.999875
vn 0.998902 -0.046830 0.001088
vn -0.001187 0.000052 0.999999
vn -0.002167 -0.997772 -0.066256
vn -0.001282 -0.999207 -0.039216
vn -0.003479 -0.994263 -0.106693
vn -0.002075 -0.989685 -0.143071
vn -0.003326 -0.973296 -0.229469
vn -0.003326 -0.973296 -0.229469
vn 1.000000 0.000000 -0.000545
vn 0.000000 0.000000 1.000000
vn 0.000000 0.000000 1.000000
vn -1.000000 0.000000 0.000000
vn 0.000000 -1.000000 0.000000
vn 0.000000 -1.000000 0.000000
vn -1.000000 -0.000015 0.000000
vn -1.000000 0.000011 -0.000004
vn -0.265249 0.000000 0.964180
vn -0.265251 -0.000004 0.964179
vn -1.000000 0.000000 0.000000
vn -0.089440 -0.995992 0.000000
vn -0.089440 -0.995992 0.000000
vn -0.240547 0.000000 0.970637
vn -0.418561 0.001373 0.908170
vn -0.418561 0.001373 0.908170
vn -0.238472 0.000793 0.971129
vn 0.442244 -0.001465 0.896878
vn 0.089755 -0.000275 0.995941
vn 0.255806 -0.000824 0.966704
vn -0.005463 -0.684469 0.728996
vn -0.005463 -0.684469 0.728996
vn -0.005463 -0.684469 0.728996
vn 0.000000 0.000000 1.000000
vn 0.000000 0.000000 1.000000
vn 0.000000 0.000000 1.000000
vn -0.000000 0.000000 1.000000
vn -0.002106 -0.723106 0.690695
vn -0.002106 -0.723106 0.690695
vn -0.002106 -0.723106 0.690695
vn -0.002197 -0.749382 0.662099
vn -0.002197 -0.749382 0.662099
vn -0.002197 -0.749382 0.662099
vn -0.089440 -0.995992 -0.000000
vn -0.089441 -0.995992 0.000003
vn -0.212205 -0.817286 0.535735
vn -0.089442 -0.995992 0.000009
vn -0.133923 0.654837 0.743811
vn -0.089442 -0.995992 0.000006
vn -0.698660 -0.006684 0.715384
vn -0.698660 -0.006684 0.715384
vn -0.698660 -0.006684 0.715384
vn -1.000000 0.000001 0.000000
vn 0.014283 0.999878 0.000549
vn 0.014283 0.999878 0.000549
vn 0.014283 0.999878 0.000549
vn 0.030610 -0.000458 0.999512
vn 0.030610 -0.000458 0.999512
vn 0.030610 -0.000458 0.999512
vn 0.014283 0.999878 0.000549
vn 0.014283 0.999878 0.000549
vn 0.014283 0.999878 0.000549
vn 0.030641 -0.000458 0.999512
vn 0.030641 -0.000458 0.999512
vn 0.030641 -0.000458 0.999512
vn -1.000000 0.000013 0.000000
vn -1.000000 -0.000001 0.000013
vn -1.000000 0.000013 0.000000
vn -1.000000 0.000001 -0.000001
vn 0.024171 0.999695 0.000275
vn 0.024171 0.999695 0.000275
vn 0.024171 0.999695 0.000275
vn 0.051912 -0.000458 0.998627
vn 0.051912 -0.000458 0.998627
vn 0.051912 -0.000458 0.998627
vn 0.024171 0.999695 0.000275
vn 0.024171 0.999695 0.000275
vn 0.024171 0.999695 0.000275
vn 0.051881 -0.000458 0.998627
vn 0.051881 -0.000458 0.998627
vn 0.051881 -0.000458 0.998627
vn -1.000000 0.000001 0.000000
vn -0.014283 -0.999878 -0.000549
vn -0.014283 -0.999878 -0.000549
vn -0.014283 -0.999878 -0.000549
vn 0.030610 -0.000458 0.999512
vn 0.030610 -0.000458 0.999512
vn 0.030610 -0.000458 0.999512
vn 0.014283 0.999878 0.000549
vn 0.014283 0.999878 0.000549
vn 0.014283 0.999878 0.000549
vn 0.030641 -0.000458 0.999512
vn 0.030641 -0.000458 0.999512
vn 0.030641 -0.000458 0.999512
vn -1.000000 0.000013 0.000000
vn -1.000000 -0.000001 0.000013
vn -1.000000 0.000013 0.000000
vn -1.000000 0.000001 -0.000001
vn -0.024171 -0.999695 -0.000275
vn -0.024171 -0.999695 -0.000275
vn -0.024171 -0.999695 -0.000275
vn 0.051912 -0.000458 0.998627
vn 0.051912 -0.000458 0.998627
vn 0.051912 -0.000458 0.998627
vn 0.024171 0.999695 0.000275
vn 0.024171 0.999695 0.000275
vn 0.024171 0.999695 0.000275
vn 0.051912 -0.000458 0.998627
vn 0.051912 -0.000458 0.998627
vn 0.051912 -0.000458 0.998627
vn 1.000000 -0.000000 0.000000
vn 0.014283 0.999878 -0.000549
vn 0.014283 0.999878 -0.000549
vn 0.014283 0.999878 -0.000549
vn -0.030610 0.000458 0.999512
vn -0.030610 0.000458 0.999512
vn -0.030610 0.000458 0.999512
vn 0.014283 0.999878 -0.000549
vn 0.014283 0.999878 -0.000549
vn 0.014283 0.999878 -0.000549
vn -0.030610 0.000458 0.999512
vn -0.030610 0.000458 0.999512
vn -0.030610 0.000458 0.999512
vn 1.000000 0.000000 0.000000
vn 1.000000 0.000000 0.000000
vn 1.000000 0.000000 0.000000
vn 1.000000 0.000000 0.000000
vn 0.024171 0.999695 -0.000275
vn 0.024171 0.999695 -0.000275
vn 0.024171 0.999695 -0.000275
vn -0.051912 0.000458 0.998627
vn -0.051912 0.000458 0.998627
vn -0.051912 0.000458 0.998627
vn 0.024171 0.999695 -0.000275
vn 0.024171 0.999695 -0.000275
vn 0.024171 0.999695 -0.000275
vn -0.051881 0.000458 0.998627
vn -0.051881 0.000458 0.998627
vn -0.051881 0.000458 0.998627
vn -0.000010 0.000011 1.000000
vn 0.000000 0.000000 1.000000
vn -1.000000 -0.000005 0.000000
vn -1.000000 0.000000 -0.000003
vn 0.000000 0.000000 1.000000
vn 0.000020 -0.000021 1.000000
vn 0.000000 0.000000 1.000000
vn 0.000000 0.000000 1.000000
vn -0.000022 0.000000 1.000000
vn 0.000000 0.000000 1.000000
vn 0.000000 0.000000 1.000000
vn 0.000000 -0.000000 1.000000
vn 0.000000 0.000000 1.000000
vn -0.000023 0.000000 1.000000
vn -0.000000 -1.000000 0.000000
vn -1.000000 -0.000000 0.000000
vn 1.000000 0.000000 0.000000
vn -0.006113 -0.999981 0.000006
vn -0.006446 -0.999979 0.000000
vn 0.000000 1.000000 0.000003
vn 0.999979 -0.006513 0.000000
vn 0.000000 0.000000 1.000000
vn 0.000000 0.000000 1.000000
vn 0.000000 0.000000 1.000000
vn 0.000000 0.000000 1.000000
vn -0.000001 0.000001 1.000000
vn 0.000000 0.000000 1.000000
vn 0.000000 0.000000 1.000000
vn 0.003242 -0.999966 -0.007518
vn -0.999390 0.034577 0.000641
vn 0.000397 0.066897 0.997742
vn -0.999451 0.032472 0.000610
vn 0.000397 0.073824 0.997253
vn -0.324956 -0.945704 -0.006938
vn 0.002894 -0.944878 -0.327410
vn 0.330468 -0.943789 -0.007268
vn 0.003255 -0.954148 0.299316
vn -0.998993 0.044848 0.000860
vn 0.000221 0.093659 0.995604
vn -0.998994 0.044835 0.000861
vn 0.000222 0.093693 0.995601
vn 0.003242 -0.999967 -0.007518
vn 0.999390 -0.034577 -0.000641
vn 0.000397 0.066897 0.997742
vn 0.999451 -0.032472 -0.000610
vn 0.000397 0.073824 0.997253
vn -0.324954 -0.945704 -0.006938
vn 0.002895 -0.944875 -0.327418
vn 0.330467 -0.943789 -0.007268
vn 0.003255 -0.954149 0.299316
vn 0.998994 -0.044842 -0.000861
vn 0.000221 0.093659 0.995604
vn 0.998994 -0.044834 -0.000861
vn 0.000222 0.093689 0.995602
vn 0.000007 -1.000000 0.000003
vn 0.998810 -0.048524 0.000031
vn 0.000092 0.095187 0.995453
vn 0.998962 -0.045350 0.000031
vn 0.000122 0.105808 0.994385
vn -0.225424 -0.974261 0.000023
vn 0.000008 -0.976464 -0.215680
vn 0.225814 -0.974171 -0.000017
vn 0.000007 -0.978922 0.204233
vn 0.997959 -0.063864 -0.000089
vn -0.000002 0.135908 0.990721
vn 0.997960 -0.063845 -0.000091
vn -0.000001 0.135935 0.990718
vn 0.000000 -1.000000 0.000000
vn -0.998810 0.048555 0.000427
vn 0.000580 0.095218 0.995453
vn -0.998962 0.045381 0.000427
vn 0.000580 0.105777 0.994385
vn -0.225428 -0.974260 0.000128
vn -0.000104 -0.976462 -0.215691
vn 0.225796 -0.974175 -0.000129
vn 0.000098 -0.978923 0.204231
vn -0.997958 0.063869 0.000569
vn 0.000474 0.135909 0.990721
vn -0.997959 0.063854 0.000571
vn 0.000477 0.135970 0.990713
vn 0.051881 -0.000458 0.998627
vn -0.024171 -0.999695 -0.000275
vn 0.051912 -0.000458 0.998627
vn -0.024171 -0.999695 -0.000275
vn -1.000000 0.000000 0.000003
vn -1.000000 0.000003 0.000000
vn -1.000000 -0.000000 0.000006
vn -1.000000 -0.000000 0.000000
vn 0.030641 -0.000458 0.999512
vn -0.014283 -0.999878 -0.000549
vn 0.030641 -0.000458 0.999512
vn -0.014283 -0.999878 -0.000549
vn -1.000000 -0.000000 -0.000000
vn -0.051881 0.000458 0.998627
vn -0.024171 -0.999695 0.000275
vn -0.051912 0.000458 0.998627
vn -0.024171 -0.999695 0.000275
vn 1.000000 0.000000 -0.000000
vn 1.000000 0.000000 0.000000
vn 1.000000 0.000000 0.000000
vn 1.000000 0.000000 0.000000
vn -0.030641 0.000458 0.999512
vn -0.014283 -0.999878 0.000549
vn -0.030610 0.000458 0.999512
vn -0.014283 -0.999878 0.000549
vn 1.000000 0.000000 0.000000
vn -0.051881 0.000458 0.998627
vn -0.024171 -0.999695 0.000275
vn -0.051912 0.000458 0.998627
vn -0.024171 -0.999695 0.000275
vn 1.000000 0.000001 -0.000013
vn 1.000000 0.000000 0.000000
vn 1.000000 0.000000 0.000012
vn 1.000000 -0.000012 0.000000
vn -0.030610 0.000458 0.999512
vn -0.014283 -0.999878 0.000549
vn -0.030641 0.000458 0.999512
vn -0.014283 -0.999878 0.000549
vn 1.000000 0.000000 0.000000
vn -0.051881 0.000458 0.998627
vn -0.024171 -0.999695 0.000275
vn -0.051912 0.000458 0.998627
vn -0.024171 -0.999695 0.000275
vn 1.000000 0.000001 -0.000013
vn 1.000000 0.000000 0.000000
vn 1.000000 0.000000 0.000012
vn 1.000000 0.000000 0.000000
vn -0.030610 0.000458 0.999512
vn -0.014283 -0.999878 0.000549
vn -0.030610 0.000458 0.999512
vn -0.014283 -0.999878 0.000549
vn 1.000000 0.000000 0.000000
vn 0.051881 -0.000458 0.998627
vn -0.024171 -0.999695 -0.000275
vn 0.051912 -0.000458 0.998627
vn -0.024171 -0.999695 -0.000275
vn -1.000000 0.000001 0.000001
vn -1.000000 0.000013 -0.000000
vn -1.000000 0.000000 0.000000
vn -1.000000 -0.000000 0.000000
vn 0.030641 -0.000458 0.999512
vn -0.014283 -0.999878 -0.000549
vn 0.030610 -0.000458 0.999512
vn -0.014283 -0.999878 -0.000549
vn -1.000000 0.000000 -0.000000
vn 0.051881 -0.000458 0.998627
vn -0.024171 -0.999695 -0.000275
vn 0.051912 -0.000458 0.998627
vn -0.024171 -0.999695 -0.000275
vn -1.000000 0.000001 0.000001
vn -1.000000 0.000013 -0.000000
vn -1.000000 0.000000 0.000000
vn -1.000000 -0.000000 0.000000
vn 0.030641 -0.000458 0.999512
vn -0.014283 -0.999878 -0.000549
vn 0.030641 -0.000458 0.999512
vn -0.014283 -0.999878 -0.000549
vn -1.000000 0.000000 -0.000000
vn 0.000458 0.051881 0.998627
vn 0.999695 -0.024171 -0.000275
vn 0.000458 0.051912 0.998627
vn 0.999695 -0.024171 -0.000275
vn 0.000000 -1.000000 0.000000
vn -0.000006 -1.000000 0.000000
vn -0.000000 -1.000000 -0.000006
vn 0.000000 -1.000000 0.000000
vn 0.000458 0.030641 0.999512
vn 0.999878 -0.014283 -0.000549
vn 0.000458 0.030641 0.999512
vn 0.999878 -0.014283 -0.000549
vn 0.000000 -1.000000 -0.000000
vn 0.000458 0.051881 0.998627
vn -0.999695 0.024171 0.000275
vn 0.000458 0.051912 0.998627
vn -0.999695 0.024171 0.000275
vn 0.000000 -1.000000 0.000000
vn 0.000000 -1.000000 0.000000
vn 0.000000 -1.000000 0.000000
vn 0.000000 -1.000000 0.000000
vn 0.000458 0.030610 0.999512
vn -0.999878 0.014283 0.000549
vn 0.000458 0.030641 0.999512
vn -0.999878 0.014283 0.000549
vn 0.000000 -1.000000 -0.000000
vn 0.000458 0.051881 0.998627
vn -0.999695 0.024171 0.000275
vn 0.000458 0.051912 0.998627
vn -0.999695 0.024171 0.000275
vn 0.000000 -1.000000 0.000000
vn 0.000000 -1.000000 0.000000
vn 0.000000 -1.000000 0.000000
vn 0.000000 -1.000000 0.000000
vn 0.000458 0.030610 0.999512
vn -0.999878 0.014283 0.000549
vn 0.000458 0.030641 0.999512
vn -0.999878 0.014283 0.000549
vn 0.000000 -1.000000 0.000000
vn 0.000458 0.051881 0.998627
vn 0.999695 -0.024171 -0.000275
vn 0.000458 0.051912 0.998627
vn 0.999695 -0.024171 -0.000275
vn 0.000000 -1.000000 0.000000
vn 0.000000 -1.000000 0.000000
vn 0.000000 -1.000000 0.000000
vn 0.000000 -1.000000 0.000000
vn 0.000458 0.030641 0.999512
vn 0.999878 -0.014283 -0.000549
vn 0.000458 0.030641 0.999512
vn 0.999878 -0.014283 -0.000549
vn 0.000000 -1.000000 0.000000
vn 0.000458 0.051881 0.998627
vn -0.999695 0.024171 0.000275
vn 0.000458 0.051912 0.998627
vn 0.999695 -0.024171 -0.000275
vn 0.000000 -1.000000 0.000000
vn 0.000000 -1.000000 0.000000
vn 0.000000 -1.000000 0.000000
vn 0.000000 -1.000000 0.000000
vn 0.000458 0.030610 0.999512
vn -0.999878 0.014283 0.000549
vn 0.000458 0.030641 0.999512
vn 0.999878 -0.014283 -0.000549
vn 0.000000 -1.000000 -0.000000
vn 0.000000 1.000000 0.000000
vn 1.000000 0.000000 0.000000
vn 0.000000 1.000000 0.000000
vn 0.999969 0.000000 0.000000
vn 0.981872 0.000000 -0.189520
vn 0.000000 0.981872 -0.189520
vn 0.000001 1.000000 0.000001
vn 1.000000 -0.000001 0.000000
vn 0.000001 1.000000 0.000001
vn 1.000000 -0.000001 0.000000
vn -0.000001 -0.000001 1.000000
vn -0.000001 0.000001 1.000000
vn -0.000008 0.000000 1.000000
vn 0.000000 0.000000 1.000000
vn 0.000001 1.000000 0.000000
vn 1.000000 -0.000001 0.000000
vn 0.000000 1.000000 0.000000
vn 1.000000 -0.000001 0.000000
vn -0.000001 -0.098773 0.995110
vn -0.000007 0.098775 0.995110
vn -1.000000 -0.000001 0.000000
vn -1.000000 -0.000001 0.000000
vn -0.790903 -0.611941 0.000006
vn 0.000002 0.000005 1.000000
vn 0.000002 0.000005 1.000000
vn -0.072938 -0.997336 0.000009
vn -0.000002 0.000005 1.000000
vn -0.000001 0.000000 1.000000
vn 0.123326 -0.992366 0.000000
vn 0.721876 -0.692022 -0.000005
vn -0.919185 -0.393827 0.000003
vn -0.000010 0.418841 0.908060
vn -0.000005 -0.418850 0.908056
vn -0.156407 0.987671 0.000000
vn 0.977599 0.210395 0.000000
vn 0.981689 -0.190374 0.000000
vn -0.156407 0.987671 0.000000
vn 0.977599 0.210395 0.000000
vn 0.981689 -0.190374 0.000000
vn -0.156438 0.987671 0.000000
vn 0.977599 0.210395 0.000000
vn 0.981689 -0.190374 0.000000
vn -0.156438 0.987671 0.000000
vn 0.977599 0.210395 0.000000
vn 0.981689 -0.190374 0.000000
vn -0.156438 0.987671 0.000000
vn 0.985778 0.167974 0.000000
vn 0.971557 -0.236793 0.000000
vn -0.156407 0.987671 0.000000
vn 0.977599 0.210364 0.000000
vn 0.981689 -0.190374 0.000000
vn 0.282968 -0.959105 0.003876
vn -0.573962 -0.818812 -0.007874
vn -0.997986 -0.061769 -0.013703
vn -0.671255 0.741142 -0.009217
vn -0.162206 -0.986724 -0.002228
vn -0.872616 -0.488235 -0.011933
vn -0.926633 0.375683 -0.012696
vn 0.896725 -0.379498 0.227668
vn -0.840510 -0.400586 -0.364757
vn -0.311472 -0.848842 -0.427046
vn -0.470992 0.665242 0.579272
vn -0.435438 -0.542833 0.718131
vn 0.355419 -0.699118 0.620380
vn 0.234657 -0.972015 0.007874
vn -0.614429 -0.787744 0.043550
vn -0.998932 -0.011353 0.044710
vn -0.632527 0.774407 0.012238
vn -0.225866 0.000005 0.974158
vn -0.003174 -0.955840 -0.293832
vn 0.999977 -0.006825 -0.000181
vn -0.005921 -0.884976 -0.465560
vn 0.999979 -0.006515 -0.000139
vn 0.000001 -0.912504 -0.409069
vn -0.005937 -0.874853 -0.484353
vn 0.999979 -0.006513 -0.000292
vn 0.999979 -0.006517 -0.000293
vn -0.999979 0.006519 0.000294
vn -0.005921 -0.884854 -0.465774
vn -0.999979 0.006517 0.000294
vn -0.005935 -0.874617 -0.484778
vn 0.000000 -0.917462 -0.397824
vn -0.999975 0.007096 0.000219
vn -0.999974 0.007158 0.000228
vn -0.003174 -0.959593 -0.281320
vn 0.000000 1.000000 0.000000
vn 1.000000 0.000000 0.000000
vn -1.000000 0.000000 0.000000
vn 0.000000 0.000000 1.000000
vn 0.000000 -1.000000 0.000001
vn 1.000000 0.000000 0.000001
vn -1.000000 0.000000 0.000000
vn 0.000000 1.000000 0.000001
vn 0.000000 0.006103 0.999981
vn 0.000000 -1.000000 0.000000
vn 0.000000 -1.000000 0.000000
vn 0.000000 -1.000000 0.000000
vn 0.000000 -1.000000 0.000000
vn 0.000000 -0.000007 1.000000
vn 0.999979 -0.006428 -0.000572
vn 0.000000 0.000009 1.000000
vn -0.999979 0.006429 0.000572
vn 0.000000 -1.000000 0.000000
vn -1.000000 0.000000 0.000000
vn -1.000000 0.000000 0.000002
vn -1.000000 0.000000 -0.000004
vn -1.000000 0.000007 0.000000
vn 0.000000 -1.000000 0.000000
vn 0.000000 0.000000 1.000000
vn -0.000009 0.000000 1.000000
vn 0.000000 -1.000000 -0.000000
vn -0.999973 0.007258 0.000571
vn 1.000000 -0.000002 0.000000
vn 1.000000 0.000000 -0.000005
vn 1.000000 0.000000 -0.000000
vn 1.000000 -0.000000 0.000000
vn 0.000000 -1.000000 0.000000
vn 0.000003 0.000000 1.000000
vn -0.000011 0.000000 1.000000
vn 0.000000 -1.000000 0.000000
vn 1.000000 0.000001 0.000000
vn 0.000000 -1.000000 0.000000
vn 0.000003 -1.000000 0.000000
vn 0.000000 -1.000000 0.000000
vn 0.000000 -1.000000 0.000000
vn -0.999850 0.017327 0.000571
vn 0.000000 0.000009 1.000000
vn -0.999850 0.017327 0.000571
vn 0.000000 0.000000 1.000000
vn 0.000000 -1.000000 0.000000
vn 0.000000 -1.000000 -0.000002
vn -0.000003 -1.000000 0.000000
vn 0.000000 -1.000000 0.000000
vn 0.000002 -1.000000 0.000000
vn 0.999934 -0.011457 -0.000571
vn 0.000000 -0.000012 1.000000
vn 1.000000 0.000000 0.000000
vn -0.000001 -0.000009 1.000000
vn 0.000000 -1.000000 0.000000
vn 0.999978 -0.006513 -0.001058
vn 0.999976 -0.006917 -0.000574
vn 0.999985 -0.005363 -0.000572
vn 0.999979 -0.006493 0.000444
vn 0.000000 0.000000 1.000000
vn 0.000003 -1.000000 0.000000
vn 0.000000 1.000000 -0.000000
vn -0.000012 0.000000 1.000000
vn 1.000000 0.000000 0.000000
vn 0.000000 1.000000 0.000004
vn 0.000005 1.000000 0.000000
vn 0.000005 1.000000 -0.000000
vn 0.000000 1.000000 0.000005
vn 0.000000 0.000004 1.000000
vn 0.999956 -0.009344 -0.000570
vn -0.999956 0.009337 0.000570
vn 0.000000 0.000000 1.000000
vn 0.000000 1.000000 -0.000000
vn -1.000000 -0.000002 0.000000
vn -1.000000 -0.000000 0.000004
vn -1.000000 -0.000002 0.000000
vn -1.000000 0.000000 0.000000
vn -0.000003 0.000000 1.000000
vn 0.000000 -1.000000 0.000000
vn 0.000017 -0.000000 1.000000
vn 0.000003 1.000000 -0.000000
vn -1.000000 0.000000 0.000000
vn 0.002503 0.732444 0.680807
vn 0.781579 -0.002716 0.623768
vn -0.778985 0.002686 0.626972
vn 0.000000 -0.603076 0.797662
vn 0.544328 0.000000 0.838832
vn -0.555559 0.001709 0.831446
vn 0.607044 0.000000 0.794641
vn -0.610340 0.000000 0.792108
vn 0.000000 0.691763 0.722098
vn 0.000000 -1.000000 0.000000
vn 0.000000 -1.000000 0.000000
vn 0.000000 -1.000000 0.000000
vn 1.000000 0.000000 0.000000
vn 0.000000 0.000000 1.000000
vn -1.000000 0.000000 0.000000
vn -0.000003 -1.000000 0.000000
vn 0.000000 -1.000000 0.000000
vn 0.000000 -1.000000 0.000000
vn 0.000000 -1.000000 0.000000
vn 0.999978 -0.006540 -0.000577
vn 0.000000 0.000000 1.000000
vn 0.000000 0.000000 1.000000
vn -1.000000 0.000000 0.000000
vn -0.003174 -0.961180 -0.275857
vn -0.999973 0.007310 0.000248
vn -0.005921 -0.884793 -0.465865
vn -0.999974 0.007247 0.000239
vn -0.000001 -0.919585 -0.392892
vn -0.005935 -0.874514 -0.484963
vn -0.999979 0.006517 0.000294
vn -0.999979 0.006519 0.000295
vn 0.999979 -0.006517 -0.000293
vn -0.005921 -0.885037 -0.465468
vn 0.999979 -0.006514 -0.000293
vn -0.005937 -0.874951 -0.484175
vn -0.000001 -0.910412 -0.413703
vn 0.999979 -0.006515 -0.000139
vn 0.999977 -0.006696 -0.000164
vn -0.003174 -0.954222 -0.299020
vn 0.999436 -0.033556 0.000975
vn -0.000456 0.012256 0.999925
vn 0.999358 -0.035806 0.000993
vn -0.000496 0.012726 0.999919
vn -0.060207 0.998147 -0.008767
vn 0.003195 0.998045 0.062414
vn 0.066753 0.997732 -0.008675
vn 0.003259 0.997034 -0.076892
vn 0.999245 -0.038836 0.000681
vn -0.000496 0.014732 0.999891
vn 0.999129 -0.041713 0.000680
vn -0.000496 0.016389 0.999866
vn -0.003479 -0.994263 -0.106693
vn -0.001190 -0.996460 -0.083743
vn 1.000000 0.000000 -0.000545
vn -0.000000 0.000001 1.000000
vn 0.000000 0.000000 1.000000
vn -1.000000 0.000000 0.000000
vn -0.000000 -1.000000 0.000000
vn 0.000000 -1.000000 0.000000
vn -1.000000 -0.000004 0.000004
vn -1.000000 -0.000015 0.000006
vn -0.265245 0.000056 0.964181
vn -0.265255 -0.000060 0.964178
vn -1.000000 0.000002 -0.000014
vn -0.089441 -0.995992 0.000006
vn -0.089441 -0.995992 0.000007
vn -0.240547 0.000000 0.970637
vn -0.086978 0.000275 0.996185
vn 0.442244 -0.001465 0.896878
vn -0.005463 -0.684469 0.728996
vn 0.000000 0.000000 1.000000
vn 0.000000 0.000000 1.000000
vn -0.002106 -0.723106 0.690695
vn -0.002197 -0.749382 0.662099
vn -0.698660 -0.006684 0.715384
vn -1.000000 0.000000 -0.000000
vn 0.014283 0.999878 0.000549
vn 0.030610 -0.000458 0.999512
vn 0.014283 0.999878 0.000549
vn 0.030641 -0.000458 0.999512
vn -1.000000 0.000000 0.000000
vn -1.000000 0.000001 -0.000011
vn -1.000000 0.000013 0.000000
vn -1.000000 0.000000 -0.000012
vn 0.024171 0.999695 0.000275
vn 0.051912 -0.000458 0.998627
vn 0.024171 0.999695 0.000275
vn 0.051881 -0.000458 0.998627
vn -1.000000 0.000000 -0.000000
vn -0.014283 -0.999878 -0.000549
vn 0.030610 -0.000458 0.999512
vn 0.014283 0.999878 0.000549
vn 0.030641 -0.000458 0.999512
vn -1.000000 0.000000 0.000000
vn -1.000000 0.000001 -0.000011
vn -1.000000 0.000013 0.000000
vn -1.000000 0.000000 -0.000012
vn -0.024171 -0.999695 -0.000275
vn 0.051912 -0.000458 0.998627
vn 0.024171 0.999695 0.000275
vn 0.051912 -0.000458 0.998627
vn 1.000000 0.000000 0.000000
vn 0.014283 0.999878 -0.000549
vn -0.030610 0.000458 0.999512
vn 0.014283 0.999878 -0.000549
vn -0.030610 0.000458 0.999512
vn 1.000000 0.000000 0.000000
vn 1.000000 0.000000 0.000000
vn 1.000000 0.000000 0.000000
vn 1.000000 0.000000 0.000000
vn 0.024171 0.999695 -0.000275
vn -0.051912 0.000458 0.998627
vn 0.024171 0.999695 -0.000275
vn -0.051881 0.000458 0.998627
vn -0.000022 0.000000 1.000000
vn 0.000000 0.000000 1.000000
vn -1.000000 -0.000005 0.000000
vn -1.000000 0.000000 -0.000003
vn 0.000000 0.000000 1.000000
vn 0.000000 -0.000022 1.000000
vn -0.000022 0.000000 1.000000
vn 0.000000 0.000000 1.000000
vn -0.000001 -0.000022 1.000000
vn 0.000000 0.000000 1.000000
vn -0.000000 0.000022 1.000000
vn 0.000000 0.000000 1.000000
vn -0.000000 -1.000000 0.000000
vn -1.000000 -0.000000 0.000000
vn 1.000000 0.000000 0.000000
vn -0.006113 -0.999981 0.000000
vn -0.006446 -0.999979 0.000000
vn 0.000000 1.000000 0.000006
vn 0.999979 -0.006513 0.000000
vn 0.000000 0.000000 1.000000
vn 0.000000 0.000000 1.000000
vn 0.000000 0.000000 1.000000
vn 0.000000 0.000000 1.000000
vn 0.000000 0.000010 1.000000
vn 0.000000 0.000000 1.000000
vn 0.000000 0.000000 1.000000
f 12/1/1 11/2/1 10/3/1
f 1/4/2 676/5/3 6/6/4
f 2/7/5 684/8/6 7/9/7
f 686/10/8 8/11/9 682/12/10
f 687/13/11 4/14/12 680/15/13
f 683/16/14 14/17/14 13/18/14
f 683/19/15 681/20/15 15/21/15
f 681/22/16 677/23/16 16/24/16
f 679/25/17 13/26/17 16/27/17
f 700/28/18 702/29/18 694/30/18
f 692/31/19 696/32/19 703/33/19
f 698/34/20 697/35/20 693/36/20
f 691/37/21 699/38/21 701/39/21
f 28/40/22 27/41/22 26/42/22
f 17/43/23 21/44/24 22/45/25
f 18/46/26 712/47/27 23/48/28
f 710/49/29 24/50/30 714/51/31
f 715/52/32 20/53/33 708/54/34
f 711/55/35 30/56/35 29/57/35
f 711/58/36 709/59/36 31/60/36
f 709/61/37 705/62/37 32/63/37
f 707/64/38 29/65/38 32/66/38
f 722/67/39 730/68/39 728/69/39
f 720/70/40 724/71/40 731/72/40
f 721/73/41 725/74/41 726/75/41
f 719/76/42 727/77/42 729/78/42
f 43/79/43 42/80/43 41/81/43
f 33/82/44 37/83/45 38/84/46
f 34/85/47 740/86/48 39/87/49
f 738/88/50 40/89/51 742/90/52
f 743/91/53 36/92/54 736/93/55
f 739/94/56 46/95/56 45/96/56
f 737/97/57 47/98/57 46/99/57
f 737/100/58 733/101/58 48/102/58
f 733/103/59 735/104/59 45/105/59
f 750/106/60 758/107/60 756/108/60
f 748/109/61 752/110/61 759/111/61
f 749/112/62 753/113/62 754/114/62
f 747/115/63 755/116/63 757/117/63
f 59/118/64 58/119/64 57/120/64
f 49/121/65 760/122/66 54/123/67
f 50/124/68 768/125/69 55/126/70
f 770/127/71 56/128/72 766/129/73
f 771/130/74 52/131/75 764/132/76
f 767/133/77 62/134/77 61/135/77
f 765/136/78 63/137/78 62/138/78
f 765/139/79 761/140/79 64/141/79
f 761/142/80 763/143/80 61/144/80
f 784/145/81 786/146/81 778/147/81
f 776/148/82 780/149/82 787/150/82
f 782/151/83 781/152/83 777/153/83
f 775/154/84 783/155/84 785/156/84
f 71/157/85 67/158/86 66/159/87
f 70/160/88 68/161/89 788/162/90
f 794/163/91 792/164/92 65/165/93
f 798/166/94 796/167/95 800/168/96
f 79/169/97 78/170/97 793/171/97
f 80/172/98 79/173/98 797/174/98
f 80/175/99 801/176/99 789/177/99
f 77/178/100 789/179/100 793/180/100
f 73/181/101 805/182/102 811/183/103
f 806/184/104 804/185/105 74/186/106
f 814/187/107 75/188/108 807/189/109
f 812/190/110 810/191/111 813/192/112
f 799/193/113 795/194/113 791/195/113
f 87/196/114 83/197/115 82/198/116
f 816/199/117 84/200/118 86/201/119
f 822/202/120 820/203/121 81/204/122
f 828/205/123 824/206/124 826/207/125
f 95/208/126 94/209/126 821/210/126
f 96/211/127 95/212/127 825/213/127
f 96/214/128 829/215/128 817/216/128
f 93/217/129 817/218/129 821/219/129
f 89/220/130 833/221/131 839/222/132
f 90/223/133 832/224/134 834/225/135
f 842/226/136 91/227/137 835/228/138
f 840/229/139 843/230/140 841/231/141
f 827/232/142 823/233/142 819/234/142
f 103/235/143 99/236/144 98/237/145
f 844/238/146 100/239/147 102/240/148
f 850/241/149 848/242/150 97/243/151
f 856/244/152 852/245/153 854/246/154
f 111/247/155 110/248/155 849/249/155
f 112/250/156 111/251/156 853/252/156
f 112/253/157 857/254/157 845/255/157
f 109/256/158 845/257/158 849/258/158
f 105/259/159 861/260/160 867/261/161
f 106/262/162 860/263/163 862/264/164
f 870/265/165 107/266/166 863/267/167
f 868/268/168 871/269/169 869/270/170
f 855/271/171 851/272/171 847/273/171
f 119/274/172 115/275/173 114/276/174
f 872/277/175 116/278/176 118/279/177
f 878/280/178 876/281/179 113/282/180
f 884/283/181 880/284/182 882/285/183
f 127/286/184 126/287/184 877/288/184
f 128/289/185 127/290/185 881/291/185
f 128/292/186 885/293/186 873/294/186
f 125/295/187 873/296/187 877/297/187
f 121/298/188 889/299/189 895/300/190
f 122/301/191 888/302/192 890/303/193
f 898/304/194 123/305/195 891/306/196
f 896/307/197 899/308/198 897/309/199
f 883/310/200 879/311/200 875/312/200
f 135/313/201 131/314/202 130/315/203
f 134/316/204 132/317/205 900/318/206
f 906/319/207 904/320/208 129/321/209
f 910/322/210 908/323/211 912/324/212
f 143/325/213 142/326/213 905/327/213
f 144/328/214 143/329/214 909/330/214
f 144/331/215 913/332/215 901/333/215
f 141/334/216 901/335/216 905/336/216
f 137/337/217 917/338/218 923/339/219
f 918/340/220 916/341/221 138/342/222
f 926/343/223 139/344/224 919/345/225
f 924/346/226 922/347/227 925/348/228
f 911/349/229 907/350/229 903/351/229
f 151/352/230 147/353/231 146/354/232
f 150/355/233 148/356/234 928/357/235
f 934/358/236 932/359/237 145/360/238
f 938/361/239 936/362/240 940/363/241
f 159/364/242 158/365/242 933/366/242
f 160/367/243 159/368/243 937/369/243
f 160/370/244 941/371/244 929/372/244
f 157/373/245 929/374/245 933/375/245
f 153/376/246 945/377/247 951/378/248
f 946/379/249 944/380/250 154/381/251
f 954/382/252 155/383/253 947/384/254
f 952/385/255 950/386/256 953/387/257
f 939/388/258 935/389/258 931/390/258
f 167/391/259 163/392/260 162/393/261
f 166/394/262 164/395/263 956/396/264
f 962/397/265 960/398/266 161/399/267
f 966/400/268 964/401/269 968/402/270
f 175/403/271 174/404/271 961/405/271
f 176/406/272 175/407/272 965/408/272
f 176/409/273 969/410/273 957/411/273
f 173/412/274 957/413/274 961/414/274
f 169/415/275 973/416/276 979/417/277
f 974/418/278 972/419/279 170/420/280
f 982/421/281 171/422/282 975/423/283
f 980/424/284 978/425/285 981/426/286
f 967/427/287 963/428/287 959/429/287
f 183/430/288 179/431/289 178/432/290
f 984/433/291 180/434/292 182/435/293
f 990/436/294 988/437/295 177/438/296
f 996/439/297 992/440/298 994/441/299
f 191/442/300 190/443/300 989/444/300
f 192/445/301 191/446/301 993/447/301
f 192/448/302 997/449/302 985/450/302
f 189/451/303 985/452/303 989/453/303
f 185/454/304 1001/455/305 1007/456/306
f 186/457/307 1000/458/308 1002/459/309
f 1010/460/310 187/461/311 1003/462/312
f 1008/463/313 1011/464/314 1009/465/315
f 995/466/316 991/467/316 987/468/316
f 199/469/317 195/470/318 194/471/319
f 1012/472/320 196/473/321 198/474/322
f 1018/475/323 1016/476/324 193/477/325
f 1024/478/326 1020/479/327 1022/480/328
f 207/481/329 206/482/329 1017/483/329
f 208/484/330 207/485/330 1021/486/330
f 208/487/331 1025/488/331 1013/489/331
f 205/490/332 1013/491/332 1017/492/332
f 201/493/333 1029/494/334 1035/495/335
f 202/496/336 1028/497/337 1030/498/338
f 1038/499/339 203/500/340 1031/501/341
f 1036/502/342 1039/503/343 1037/504/344
f 1023/505/345 1019/506/345 1015/507/345
f 215/508/346 211/509/347 210/510/348
f 214/511/349 212/512/350 1040/513/351
f 1046/514/352 1044/515/353 209/516/354
f 1050/517/355 1048/518/356 1052/519/357
f 223/520/358 222/521/358 1045/522/358
f 224/523/359 223/524/359 1049/525/359
f 224/526/360 1053/527/360 1041/528/360
f 221/529/361 1041/530/361 1045/531/361
f 217/532/362 1057/533/363 1063/534/364
f 1058/535/365 1056/536/366 218/537/367
f 1066/538/368 219/539/369 1059/540/370
f 1064/541/371 1062/542/372 1065/543/373
f 1051/544/374 1047/545/374 1043/546/374
f 231/547/375 227/548/376 226/549/377
f 1068/550/378 228/551/379 230/552/380
f 1074/553/381 1072/554/382 225/555/383
f 1078/556/384 1076/557/385 1080/558/386
f 239/559/387 238/560/387 1073/561/387
f 240/562/388 239/563/388 1077/564/388
f 240/565/389 1081/566/389 1069/567/389
f 237/568/390 1069/569/390 1073/570/390
f 233/571/391 1085/572/392 1091/573/393
f 234/574/394 1084/575/395 1086/576/396
f 1094/577/397 235/578/398 1087/579/399
f 1092/580/400 1090/581/401 1093/582/402
f 1079/583/403 1075/584/403 1071/585/403
f 245/586/404 246/587/405 1096/588/406
f 1097/589/407 247/590/408 243/591/409
f 1102/592/410 248/593/411 1101/594/412
f 1099/595/413 1103/596/414 244/597/415
f 249/598/416 250/599/417 1103/600/414
f 1104/601/418 251/602/419 1101/603/412
f 247/604/408 1097/605/407 252/606/420
f 246/607/405 245/608/404 1105/609/421
f 1107/610/422 1105/611/422 254/612/422
f 1106/613/423 252/614/423 1110/615/423
f 256/616/424 1112/617/424 251/618/424
f 249/619/425 1108/620/425 1114/621/425
f 1115/622/426 258/623/426 257/624/426
f 1113/625/427 259/626/427 258/627/427
f 1111/628/428 260/629/428 259/630/428
f 1109/631/429 257/632/429 260/633/429
f 1122/634/430 261/635/430 262/636/430
f 263/637/431 1125/638/431 1123/639/431
f 1118/640/432 1121/641/432 1126/642/432
f 1119/643/433 1127/644/433 1124/645/433
f 265/646/434 266/647/434 267/648/434
f 269/649/435 270/650/435 1590/651/435
f 1131/652/436 1132/653/436 1129/654/436
f 272/655/437 271/656/437 1134/657/437
f 1133/658/438 274/659/438 273/660/438
f 270/661/439 1138/662/439 1590/663/439
f 1591/664/440 267/665/440 1140/666/440
f 1591/667/441 1140/668/441 275/669/441
f 276/670/442 277/671/442 1590/672/442
f 1139/673/443 1143/674/443 1142/675/443
f 275/676/444 279/677/444 280/678/444
f 276/679/445 282/680/445 281/681/445
f 1143/682/446 1149/683/446 1144/684/446
f 1145/685/447 1150/686/447 1566/687/447
f 1151/688/448 1567/689/448 1148/690/448
f 1147/691/449 283/692/449 1146/693/449
f 1137/694/450 285/695/450 284/696/450
f 1128/697/451 286/698/451 287/699/451
f 268/700/452 1152/701/452 1155/702/452
f 265/703/453 1153/704/453 1154/705/453
f 292/706/454 293/707/455 289/708/456
f 1156/709/457 1157/710/458 294/711/459
f 1159/712/460 295/713/461 291/714/462
f 296/715/463 300/716/464 301/717/465
f 1160/718/466 1161/719/467 302/720/468
f 303/721/469 299/722/470 1162/723/471
f 304/724/472 308/725/473 309/726/474
f 1164/727/475 1165/728/476 310/729/477
f 311/730/478 307/731/479 1166/732/480
f 316/733/481 317/734/482 313/735/483
f 1168/736/484 1169/737/485 318/738/486
f 1171/739/487 319/740/488 315/741/489
f 320/742/490 324/743/491 325/744/492
f 1172/745/493 1173/746/494 326/747/495
f 1175/748/496 327/749/497 323/750/498
f 332/751/499 333/752/500 329/753/501
f 1176/754/502 1177/755/503 334/756/504
f 335/757/505 331/758/506 1178/759/507
f 336/760/508 337/761/509 344/762/510
f 1201/763/511 338/764/512 345/765/513
f 339/766/514 346/767/515 1186/768/516
f 340/769/517 347/770/518 1189/771/519
f 1192/772/520 348/773/521 341/774/522
f 1195/775/523 349/776/524 342/777/525
f 1180/778/526 1202/779/527 1207/780/528
f 1181/781/529 1199/782/530 351/783/531
f 1208/784/532 352/785/533 1196/786/534
f 1211/787/535 353/788/536 1193/789/537
f 1190/790/538 354/791/539 1212/792/540
f 1184/793/541 356/794/542 355/795/543
f 1185/796/544 1182/797/545 1209/798/546
f 1221/799/547 1210/800/548 358/801/549
f 1222/802/550 1224/803/551 359/804/552
f 1214/805/553 1217/806/554 1225/807/555
f 1213/808/556 1216/809/557 1226/810/558
f 362/811/559 1227/812/560 353/813/536
f 1208/814/532 363/815/561 1228/816/562
f 351/817/531 1229/818/563 1223/819/564
f 367/820/565 366/821/565 365/822/565
f 1252/823/566 376/824/566 1244/825/566
f 372/826/567 1245/827/568 377/828/569
f 1249/829/570 1247/830/570 1246/831/570
f 378/832/571 379/833/571 1247/834/571
f 377/835/569 1245/836/568 380/837/572
f 376/838/573 1252/839/573 381/840/573
f 1253/841/574 1250/842/574 374/843/574
f 1253/844/575 383/845/575 382/846/575
f 1251/847/576 381/848/576 1255/849/576
f 380/850/572 1256/851/577 385/852/578
f 1254/853/579 1257/854/579 379/855/579
f 392/856/580 386/857/580 389/858/580
f 391/859/581 387/860/582 1258/861/583
f 1261/862/584 1260/863/584 388/864/584
f 1263/865/585 1262/866/585 1264/867/585
f 1263/868/586 1265/869/586 1568/870/586
f 395/871/587 1261/872/587 390/873/587
f 394/874/588 1266/875/589 391/876/581
f 1267/877/590 392/878/590 393/879/590
f 399/880/591 396/881/591 1267/882/591
f 397/883/592 1266/884/589 394/885/588
f 1569/886/593 1269/887/593 395/888/593
f 1281/889/594 1278/890/594 1275/891/594
f 400/892/595 404/893/595 405/894/595
f 406/895/596 407/896/596 403/897/596
f 1276/898/597 408/899/598 409/900/599
f 1279/901/600 409/902/599 410/903/601
f 411/904/602 408/905/598 1276/906/597
f 410/907/601 411/908/602 1271/909/603
f 1286/910/604 1288/911/604 412/912/604
f 1289/913/605 1282/914/605 414/915/605
f 1284/916/606 1287/917/606 1292/918/606
f 1285/919/607 1296/920/607 1294/921/607
f 1295/922/608 1297/923/609 417/924/610
f 1297/925/609 1293/926/611 418/927/612
f 1295/928/608 416/929/613 419/930/614
f 1291/931/615 419/932/614 418/933/612
f 1317/934/616 428/935/616 429/936/616
f 1331/937/617 1326/938/617 433/939/617
f 1331/940/618 432/941/618 434/942/618
f 1328/943/619 434/944/619 435/945/619
f 1326/946/620 1324/947/620 435/948/620
f 1340/949/621 437/950/621 436/951/621
f 1342/952/622 438/953/622 1338/954/622
f 1339/955/623 1346/956/623 439/957/623
f 1335/958/624 1348/959/624 1344/960/624
f 1343/961/625 1347/962/625 1349/963/625
f 431/964/626 440/965/626 441/966/626
f 425/967/627 442/968/627 440/969/627
f 1316/970/628 1327/971/628 441/972/628
f 425/973/629 1316/974/629 443/975/629
f 1354/976/630 1356/977/630 445/978/630
f 1357/979/631 1352/980/631 446/981/631
f 447/982/632 1360/983/632 1355/984/632
f 1362/985/633 1364/986/633 1351/987/633
f 1359/988/634 1363/989/634 1365/990/634
f 430/991/635 1325/992/635 448/993/635
f 1320/994/636 430/995/636 449/996/636
f 427/997/637 451/998/637 448/999/637
f 1320/1000/638 450/1001/638 451/1002/638
f 1372/1003/639 1370/1004/639 452/1005/639
f 1373/1006/640 1376/1007/640 454/1008/640
f 1374/1009/641 455/1010/641 1368/1011/641
f 1369/1012/642 1380/1013/642 1378/1014/642
f 1375/1015/643 1381/1016/643 1379/1017/643
f 420/1018/644 457/1019/644 456/1020/644
f 1318/1021/645 456/1022/645 458/1023/645
f 1302/1024/646 424/1025/646 458/1026/646
f 420/1027/647 1302/1028/647 459/1029/647
f 1384/1030/648 460/1031/648 461/1032/648
f 1386/1033/649 462/1034/649 1390/1035/649
f 1382/1036/650 463/1037/650 1394/1038/650
f 1383/1039/651 1396/1040/651 1392/1041/651
f 1393/1042/652 1391/1043/652 1395/1044/652
f 1322/1045/653 1304/1046/653 464/1047/653
f 426/1048/654 1322/1049/654 465/1050/654
f 426/1051/655 466/1052/655 467/1053/655
f 421/1054/656 467/1055/656 464/1056/656
f 468/1057/657 469/1058/657 1404/1059/657
f 1405/1060/658 1406/1061/658 470/1062/658
f 1403/1063/659 1400/1064/659 471/1065/659
f 1399/1066/660 1408/1067/660 1412/1068/660
f 1409/1069/661 1407/1070/661 1411/1071/661
f 422/1072/662 1306/1073/662 472/1074/662
f 422/1075/663 473/1076/663 474/1077/663
f 1306/1078/664 1305/1079/664 475/1080/664
f 1298/1081/665 474/1082/665 475/1083/665
f 1420/1084/666 1418/1085/666 477/1086/666
f 478/1087/667 1424/1088/667 1421/1089/667
f 1419/1090/668 1422/1091/668 479/1092/668
f 1428/1093/669 1426/1094/669 1415/1095/669
f 1423/1096/670 1429/1097/670 1427/1098/670
f 1310/1099/671 480/1100/671 481/1101/671
f 1313/1102/672 481/1103/672 482/1104/672
f 1310/1105/673 1299/1106/673 483/1107/673
f 1300/1108/674 482/1109/674 483/1110/674
f 1434/1111/675 485/1112/675 484/1113/675
f 486/1114/676 1440/1115/676 1437/1116/676
f 1435/1117/677 1438/1118/677 487/1119/677
f 1433/1120/678 1444/1121/678 1442/1122/678
f 1441/1123/679 1439/1124/679 1445/1125/679
f 423/1126/680 1301/1127/680 488/1128/680
f 423/1129/681 489/1130/681 490/1131/681
f 1308/1132/682 490/1133/682 491/1134/682
f 1301/1135/683 1303/1136/683 491/1137/683
f 1446/1138/684 1452/1139/684 492/1140/684
f 1454/1141/685 494/1142/685 1450/1143/685
f 1451/1144/686 1458/1145/686 495/1146/686
f 1460/1147/687 1456/1148/687 1447/1149/687
f 1457/1150/688 1455/1151/688 1459/1152/688
f 1332/1153/689 497/1154/690 496/1155/691
f 1572/1156/692 1465/1157/693 1333/1158/694
f 1330/1159/695 1462/1160/696 1575/1161/697
f 498/1162/698 499/1163/699 1314/1164/700
f 1315/1165/701 1468/1166/702 500/1167/703
f 501/1168/704 1471/1169/705 1312/1170/706
f 1477/1171/707 1472/1172/708 504/1173/709
f 1474/1174/710 502/1175/711 505/1176/712
f 1470/1177/713 1486/1178/714 1484/1179/715
f 1277/1180/716 507/1181/716 506/1182/716
f 1274/1183/717 506/1184/717 508/1185/717
f 1270/1186/718 1272/1187/718 508/1188/718
f 1491/1189/719 511/1190/720 510/1191/721
f 1492/1192/722 1488/1193/723 513/1194/724
f 1489/1195/725 1490/1196/726 1499/1197/727
f 512/1198/728 514/1199/728 515/1200/728
f 1495/1201/729 1498/1202/729 515/1203/729
f 1496/1204/730 517/1205/730 514/1206/730
f 1496/1207/731 1495/1208/731 516/1209/731
f 519/1210/732 518/1211/732 1504/1212/732
f 1507/1213/733 1510/1214/733 520/1215/733
f 1505/1216/734 1508/1217/734 521/1218/734
f 1503/1219/735 1514/1220/735 1512/1221/735
f 1524/1222/736 1516/1223/736 526/1224/736
f 522/1225/737 1517/1226/738 527/1227/739
f 1521/1228/740 1518/1229/740 1519/1230/740
f 1519/1231/741 529/1232/741 528/1233/741
f 527/1234/739 1517/1235/738 530/1236/742
f 526/1237/743 1523/1238/743 531/1239/743
f 1525/1240/744 1522/1241/744 524/1242/744
f 1525/1243/745 533/1244/745 532/1245/745
f 1523/1246/746 534/1247/746 1527/1248/746
f 530/1249/742 1528/1250/747 535/1251/748
f 529/1252/749 1529/1253/749 1526/1254/749
f 539/1255/750 536/1256/750 542/1257/750
f 541/1258/751 537/1259/752 1530/1260/753
f 1533/1261/754 540/1262/754 538/1263/754
f 1535/1264/755 1534/1265/755 1536/1266/755
f 1535/1267/756 1537/1268/756 1570/1269/756
f 545/1270/757 1571/1271/757 540/1272/757
f 544/1273/758 1538/1274/759 541/1275/751
f 543/1276/760 542/1277/760 1539/1278/760
f 549/1279/761 1539/1280/761 546/1281/761
f 547/1282/762 1538/1283/759 544/1284/758
f 1571/1285/763 545/1286/763 1541/1287/763
f 1542/1288/764 555/1289/764 554/1290/764
f 551/1291/765 1550/1292/765 556/1293/765
f 1544/1294/766 1552/1295/766 557/1296/766
f 1553/1297/767 553/1298/767 1546/1299/767
f 1549/1300/768 563/1301/768 562/1302/768
f 1547/1303/769 564/1304/769 563/1305/769
f 1547/1306/770 1543/1307/770 565/1308/770
f 1543/1309/771 1545/1310/771 562/1311/771
f 1562/1312/772 1558/1313/772 1560/1314/772
f 1564/1315/773 1554/1316/773 1561/1317/773
f 1565/1318/774 1556/1319/774 1555/1320/774
f 559/1321/775 1557/1322/775 1559/1323/775
f 420/1324/776 1318/1325/777 566/1326/778
f 421/1327/779 1478/1328/780 567/1329/781
f 1583/1330/782 572/1331/782 573/1332/782
f 570/1333/783 1584/1334/783 574/1335/783
f 1589/1336/784 575/1337/784 1581/1338/784
f 569/1339/785 1585/1340/785 1587/1341/785
f 1580/1342/786 1582/1343/786 1588/1344/786
f 1515/1345/787 1513/1346/787 1511/1347/787
f 1242/1348/788 577/1349/788 576/1350/788
f 1238/1351/789 1230/1352/789 580/1353/789
f 371/1354/790 370/1355/790 1600/1356/790
f 369/1357/791 368/1358/791 1598/1359/791
f 1234/1360/792 576/1361/792 580/1362/792
f 578/1363/793 579/1364/793 1593/1365/793
f 582/1366/794 1601/1367/794 1599/1368/794
f 1595/1369/795 1602/1370/795 1603/1371/795
f 1573/1372/796 1466/1373/797 584/1374/798
f 1576/1375/799 587/1376/800 585/1377/801
f 1464/1378/802 1605/1379/803 1604/1380/804
f 587/1381/805 586/1382/805 584/1383/805
f 586/1384/806 587/1385/806 1485/1386/806
f 1482/1387/807 586/1388/807 1487/1389/807
f 587/1390/808 1480/1391/808 1485/1392/808
f 1481/1393/809 1607/1394/810 1577/1395/811
f 1574/1396/812 1606/1397/813 1483/1398/814
f 1608/1399/815 1239/1400/815 1231/1401/815
f 1240/1402/816 1239/1403/816 1608/1404/816
f 588/1405/817 1232/1406/817 1233/1407/817
f 1609/1408/818 1243/1409/818 1235/1410/818
f 1237/1411/819 1236/1412/819 589/1413/819
f 1609/1414/820 1241/1415/820 1243/1416/820
f 1188/1417/821 1219/1418/822 1215/1419/823
f 601/1420/824 600/1421/824 599/1422/824
f 590/1423/825 1610/1424/826 595/1425/827
f 591/1426/828 1618/1427/829 596/1428/830
f 1620/1429/831 597/1430/832 1616/1431/833
f 1621/1432/834 593/1433/835 1614/1434/836
f 1617/1435/837 603/1436/837 602/1437/837
f 1615/1438/838 604/1439/838 603/1440/838
f 1615/1441/839 1611/1442/839 605/1443/839
f 1611/1444/840 1613/1445/840 602/1446/840
f 1634/1447/841 1636/1448/842 1628/1449/843
f 1626/1450/844 1630/1451/845 1637/1452/846
f 1632/1453/847 1631/1454/848 1627/1455/849
f 1625/1456/850 1633/1457/851 1635/1458/852
f 617/1459/853 616/1460/853 615/1461/853
f 606/1462/854 610/1463/855 611/1464/856
f 607/1465/857 1646/1466/858 612/1467/859
f 1648/1468/860 613/1469/861 1644/1470/862
f 1649/1471/863 609/1472/864 1642/1473/865
f 1645/1474/866 619/1475/866 618/1476/866
f 1643/1477/867 620/1478/867 619/1479/867
f 1643/1480/868 1639/1481/868 621/1482/868
f 1639/1483/869 1641/1484/869 618/1485/869
f 1656/1486/870 1664/1487/871 1662/1488/872
f 1654/1489/873 1658/1490/874 1665/1491/875
f 1660/1492/876 1659/1493/877 1655/1494/878
f 1653/1495/879 1661/1496/880 1663/1497/881
f 633/1498/882 632/1499/882 631/1500/882
f 622/1501/883 626/1502/884 627/1503/885
f 623/1504/886 1674/1505/887 628/1506/888
f 1672/1507/889 629/1508/890 1676/1509/891
f 1677/1510/892 625/1511/893 1670/1512/894
f 1673/1513/895 635/1514/895 634/1515/895
f 1671/1516/896 636/1517/896 635/1518/896
f 1671/1519/897 1667/1520/897 637/1521/897
f 1667/1522/898 1669/1523/898 634/1524/898
f 1684/1525/899 1692/1526/900 1690/1527/901
f 1682/1528/902 1686/1529/903 1693/1530/904
f 1683/1531/905 1687/1532/906 1688/1533/907
f 1681/1534/908 1689/1535/909 1691/1536/910
f 638/1537/911 649/1538/911 652/1539/911
f 651/1540/912 639/1541/912 641/1542/912
f 1694/1543/913 1695/1544/913 666/1545/913
f 1698/1546/914 1697/1547/914 642/1548/914
f 1700/1549/915 1702/1550/915 674/1551/915
f 1705/1552/916 1703/1553/916 669/1554/916
f 1700/1555/917 674/1556/917 669/1557/917
f 656/1558/918 644/1559/918 645/1560/918
f 645/1561/919 646/1562/919 655/1563/919
f 658/1564/920 647/1565/920 648/1566/920
f 652/1567/921 649/1568/921 650/1569/921
f 648/1570/922 651/1571/922 654/1572/922
f 646/1573/923 647/1574/923 658/1575/923
f 653/1576/924 650/1577/924 644/1578/924
f 1704/1579/925 1696/1580/925 1706/1581/925
f 1708/1582/926 1707/1583/926 1710/1584/926
f 661/1585/927 1714/1586/927 1712/1587/927
f 1716/1588/928 1699/1589/928 1701/1590/928
f 1718/1591/929 1713/1592/929 1720/1593/929
f 1723/1594/930 1711/1595/930 1715/1596/930
f 1727/1597/931 1721/1598/931 1717/1599/931
f 672/1600/932 673/1601/932 1725/1602/932
f 673/1603/933 670/1604/933 1719/1605/933
f 675/1606/934 1729/1607/934 1726/1608/934
f 670/1609/935 668/1610/935 1726/1611/935
f 671/1612/936 1709/1613/936 1705/1614/936
f 675/1615/937 674/1616/937 1702/1617/937
f 672/1618/938 1722/1619/938 1709/1620/938
f 9/1621/939 12/1622/939 10/1623/939
f 5/1624/940 1/1625/2 6/1626/4
f 3/1627/941 2/1628/5 7/1629/7
f 678/1630/942 686/1631/8 682/1632/10
f 685/1633/943 687/1634/11 680/1635/13
f 679/1636/944 683/1637/944 13/1638/944
f 14/1639/945 683/1640/945 15/1641/945
f 15/1642/946 681/1643/946 16/1644/946
f 677/1645/947 679/1646/947 16/1647/947
f 688/1648/948 700/1649/948 694/1650/948
f 695/1651/949 692/1652/949 703/1653/949
f 690/1654/950 698/1655/950 693/1656/950
f 689/1657/951 691/1658/951 701/1659/951
f 25/1660/952 28/1661/952 26/1662/952
f 704/1663/953 17/1664/23 22/1665/25
f 19/1666/954 18/1667/26 23/1668/28
f 706/1669/955 710/1670/29 714/1671/31
f 713/1672/956 715/1673/32 708/1674/34
f 707/1675/957 711/1676/957 29/1677/957
f 30/1678/958 711/1679/958 31/1680/958
f 31/1681/959 709/1682/959 32/1683/959
f 705/1684/960 707/1685/960 32/1686/960
f 716/1687/961 722/1688/961 728/1689/961
f 723/1690/962 720/1691/962 731/1692/962
f 718/1693/963 721/1694/963 726/1695/963
f 717/1696/964 719/1697/964 729/1698/964
f 44/1699/965 43/1700/965 41/1701/965
f 732/1702/966 33/1703/44 38/1704/46
f 35/1705/967 34/1706/47 39/1707/49
f 734/1708/968 738/1709/50 742/1710/52
f 741/1711/969 743/1712/53 736/1713/55
f 735/1714/970 739/1715/970 45/1716/970
f 739/1717/971 737/1718/971 46/1719/971
f 47/1720/972 737/1721/972 48/1722/972
f 48/1723/973 733/1724/973 45/1725/973
f 744/1726/974 750/1727/974 756/1728/974
f 751/1729/975 748/1730/975 759/1731/975
f 746/1732/976 749/1733/976 754/1734/976
f 745/1735/977 747/1736/977 757/1737/977
f 60/1738/978 59/1739/978 57/1740/978
f 53/1741/979 49/1742/65 54/1743/67
f 51/1744/980 50/1745/68 55/1746/70
f 762/1747/981 770/1748/71 766/1749/73
f 769/1750/982 771/1751/74 764/1752/76
f 763/1753/983 767/1754/983 61/1755/983
f 767/1756/984 765/1757/984 62/1758/984
f 63/1759/985 765/1760/985 64/1761/985
f 64/1762/986 761/1763/986 61/1764/986
f 772/1765/987 784/1766/987 778/1767/987
f 779/1768/988 776/1769/988 787/1770/988
f 774/1771/989 782/1772/989 777/1773/989
f 773/1774/990 775/1775/990 785/1776/990
f 72/1777/991 71/1778/85 66/1779/87
f 790/1780/992 70/1781/88 788/1782/90
f 69/1783/993 794/1784/91 65/1785/93
f 802/1786/994 798/1787/94 800/1788/96
f 797/1789/995 79/1790/995 793/1791/995
f 801/1792/996 80/1793/996 797/1794/996
f 77/1795/997 80/1796/997 789/1797/997
f 78/1798/998 77/1799/998 793/1800/998
f 76/1801/999 73/1802/101 811/1803/103
f 808/1804/1000 806/1805/104 74/1806/106
f 809/1807/1001 814/1808/107 807/1809/109
f 815/1810/1002 812/1811/110 813/1812/112
f 803/1813/1003 799/1814/1003 791/1815/1003
f 88/1816/1004 87/1817/114 82/1818/116
f 818/1819/1005 816/1820/117 86/1821/119
f 85/1822/1006 822/1823/120 81/1824/122
f 830/1825/1007 828/1826/123 826/1827/125
f 825/1828/1008 95/1829/1008 821/1830/1008
f 829/1831/1009 96/1832/1009 825/1833/1009
f 93/1834/1010 96/1835/1010 817/1836/1010
f 94/1837/1011 93/1838/1011 821/1839/1011
f 92/1840/1012 89/1841/130 839/1842/132
f 836/1843/1013 90/1844/133 834/1845/135
f 837/1846/1014 842/1847/136 835/1848/138
f 838/1849/1015 840/1850/139 841/1851/141
f 831/1852/1016 827/1853/1016 819/1854/1016
f 104/1855/1017 103/1856/143 98/1857/145
f 846/1858/1018 844/1859/146 102/1860/148
f 101/1861/1019 850/1862/149 97/1863/151
f 858/1864/1020 856/1865/152 854/1866/154
f 853/1867/1021 111/1868/1021 849/1869/1021
f 857/1870/1022 112/1871/1022 853/1872/1022
f 109/1873/1023 112/1874/1023 845/1875/1023
f 110/1876/1024 109/1877/1024 849/1878/1024
f 108/1879/1025 105/1880/159 867/1881/161
f 864/1882/1026 106/1883/162 862/1884/164
f 865/1885/1027 870/1886/165 863/1887/167
f 866/1888/1028 868/1889/168 869/1890/170
f 859/1891/1029 855/1892/1029 847/1893/1029
f 120/1894/1030 119/1895/172 114/1896/174
f 874/1897/1031 872/1898/175 118/1899/177
f 117/1900/1032 878/1901/178 113/1902/180
f 886/1903/1033 884/1904/181 882/1905/183
f 881/1906/1034 127/1907/1034 877/1908/1034
f 885/1909/1035 128/1910/1035 881/1911/1035
f 125/1912/1036 128/1913/1036 873/1914/1036
f 126/1915/1037 125/1916/1037 877/1917/1037
f 124/1918/1038 121/1919/188 895/1920/190
f 892/1921/1039 122/1922/191 890/1923/193
f 893/1924/1040 898/1925/194 891/1926/196
f 894/1927/1041 896/1928/197 897/1929/199
f 887/1930/1042 883/1931/1042 875/1932/1042
f 136/1933/1043 135/1934/201 130/1935/203
f 902/1936/1044 134/1937/204 900/1938/206
f 133/1939/1045 906/1940/207 129/1941/209
f 914/1942/1046 910/1943/210 912/1944/212
f 909/1945/1047 143/1946/1047 905/1947/1047
f 913/1948/1048 144/1949/1048 909/1950/1048
f 141/1951/1049 144/1952/1049 901/1953/1049
f 142/1954/1050 141/1955/1050 905/1956/1050
f 140/1957/1051 137/1958/217 923/1959/219
f 920/1960/1052 918/1961/220 138/1962/222
f 921/1963/1053 926/1964/223 919/1965/225
f 927/1966/1054 924/1967/226 925/1968/228
f 915/1969/1055 911/1970/1055 903/1971/1055
f 152/1972/1056 151/1973/230 146/1974/232
f 930/1975/1057 150/1976/233 928/1977/235
f 149/1978/1058 934/1979/236 145/1980/238
f 942/1981/1059 938/1982/239 940/1983/241
f 937/1984/1060 159/1985/1060 933/1986/1060
f 941/1987/1061 160/1988/1061 937/1989/1061
f 157/1990/1062 160/1991/1062 929/1992/1062
f 158/1993/1063 157/1994/1063 933/1995/1063
f 156/1996/1064 153/1997/246 951/1998/248
f 948/1999/1065 946/2000/249 154/2001/251
f 949/2002/1066 954/2003/252 947/2004/254
f 955/2005/1067 952/2006/255 953/2007/257
f 943/2008/1068 939/2009/1068 931/2010/1068
f 168/2011/1069 167/2012/259 162/2013/261
f 958/2014/1070 166/2015/262 956/2016/264
f 165/2017/1071 962/2018/265 161/2019/267
f 970/2020/1072 966/2021/268 968/2022/270
f 965/2023/1073 175/2024/1073 961/2025/1073
f 969/2026/1074 176/2027/1074 965/2028/1074
f 173/2029/1075 176/2030/1075 957/2031/1075
f 174/2032/1076 173/2033/1076 961/2034/1076
f 172/2035/1077 169/2036/275 979/2037/277
f 976/2038/1078 974/2039/278 170/2040/280
f 977/2041/1079 982/2042/281 975/2043/283
f 983/2044/1080 980/2045/284 981/2046/286
f 971/2047/1081 967/2048/1081 959/2049/1081
f 184/2050/1082 183/2051/288 178/2052/290
f 986/2053/1083 984/2054/291 182/2055/293
f 181/2056/1084 990/2057/294 177/2058/296
f 998/2059/1085 996/2060/297 994/2061/299
f 993/2062/1086 191/2063/1086 989/2064/1086
f 997/2065/1087 192/2066/1087 993/2067/1087
f 189/2068/1088 192/2069/1088 985/2070/1088
f 190/2071/1089 189/2072/1089 989/2073/1089
f 188/2074/1090 185/2075/304 1007/2076/306
f 1004/2077/1091 186/2078/307 1002/2079/309
f 1005/2080/1092 1010/2081/310 1003/2082/312
f 1006/2083/1093 1008/2084/313 1009/2085/315
f 999/2086/1094 995/2087/1094 987/2088/1094
f 200/2089/1095 199/2090/317 194/2091/319
f 1014/2092/1096 1012/2093/320 198/2094/322
f 197/2095/1097 1018/2096/323 193/2097/325
f 1026/2098/1098 1024/2099/326 1022/2100/328
f 1021/2101/1099 207/2102/1099 1017/2103/1099
f 1025/2104/1100 208/2105/1100 1021/2106/1100
f 205/2107/1101 208/2108/1101 1013/2109/1101
f 206/2110/1102 205/2111/1102 1017/2112/1102
f 204/2113/1103 201/2114/333 1035/2115/335
f 1032/2116/1104 202/2117/336 1030/2118/338
f 1033/2119/1105 1038/2120/339 1031/2121/341
f 1034/2122/1106 1036/2123/342 1037/2124/344
f 1027/2125/1107 1023/2126/1107 1015/2127/1107
f 216/2128/1108 215/2129/346 210/2130/348
f 1042/2131/1109 214/2132/349 1040/2133/351
f 213/2134/1110 1046/2135/352 209/2136/354
f 1054/2137/1111 1050/2138/355 1052/2139/357
f 1049/2140/1112 223/2141/1112 1045/2142/1112
f 1053/2143/1113 224/2144/1113 1049/2145/1113
f 221/2146/1114 224/2147/1114 1041/2148/1114
f 222/2149/1115 221/2150/1115 1045/2151/1115
f 220/2152/1116 217/2153/362 1063/2154/364
f 1060/2155/1117 1058/2156/365 218/2157/367
f 1061/2158/1118 1066/2159/368 1059/2160/370
f 1067/2161/1119 1064/2162/371 1065/2163/373
f 1055/2164/1120 1051/2165/1120 1043/2166/1120
f 232/2167/1121 231/2168/375 226/2169/377
f 1070/2170/1122 1068/2171/378 230/2172/380
f 229/2173/1123 1074/2174/381 225/2175/383
f 1082/2176/1124 1078/2177/384 1080/2178/386
f 1077/2179/1125 239/2180/1125 1073/2181/1125
f 1081/2182/1126 240/2183/1126 1077/2184/1126
f 237/2185/1127 240/2186/1127 1069/2187/1127
f 238/2188/1128 237/2189/1128 1073/2190/1128
f 236/2191/1129 233/2192/391 1091/2193/393
f 1088/2194/1130 234/2195/394 1086/2196/396
f 1089/2197/1131 1094/2198/397 1087/2199/399
f 1095/2200/1132 1092/2201/400 1093/2202/402
f 1083/2203/1133 1079/2204/1133 1071/2205/1133
f 241/2206/1134 245/2207/404 1096/2208/406
f 242/2209/1135 1097/2210/407 243/2211/409
f 1100/2212/1136 1102/2213/410 1101/2214/412
f 1098/2215/1137 1099/2216/413 244/2217/415
f 1099/2218/413 249/2219/416 1103/2220/414
f 248/2221/411 1104/2222/418 1101/2223/412
f 1106/2224/1138 247/2225/408 252/2226/420
f 1107/2227/1139 246/2228/405 1105/2229/421
f 253/2230/1140 1107/2231/1140 254/2232/1140
f 255/2233/1141 1106/2234/1141 1110/2235/1141
f 1104/2236/1142 256/2237/1142 251/2238/1142
f 250/2239/1143 249/2240/1143 1114/2241/1143
f 1109/2242/1144 1115/2243/1144 257/2244/1144
f 1115/2245/1145 1113/2246/1145 258/2247/1145
f 1113/2248/1146 1111/2249/1146 259/2250/1146
f 1111/2251/1147 1109/2252/1147 260/2253/1147
f 1116/2254/1148 1122/2255/1148 262/2256/1148
f 1120/2257/1149 263/2258/1149 1123/2259/1149
f 264/2260/1150 1118/2261/1150 1126/2262/1150
f 1117/2263/1151 1119/2264/1151 1124/2265/1151
f 1591/2266/1152 265/2267/1152 267/2268/1152
f 268/2269/1153 269/2270/1153 1590/2271/1153
f 1128/2272/1154 1131/2273/1154 1129/2274/1154
f 1136/2275/1155 272/2276/1155 1134/2277/1155
f 1130/2278/1156 1133/2279/1156 273/2280/1156
f 278/2281/1157 1591/2282/1157 275/2283/1157
f 1138/2284/1158 276/2285/1158 1590/2286/1158
f 1141/2287/1159 1139/2288/1159 1142/2289/1159
f 278/2290/1160 275/2291/1160 280/2292/1160
f 277/2293/1161 276/2294/1161 281/2295/1161
f 1142/2296/1162 1143/2297/1162 1144/2298/1162
f 1135/2299/1163 1137/2300/1163 284/2301/1163
f 1131/2302/1164 1128/2303/1164 287/2304/1164
f 269/2305/1165 268/2306/1165 1155/2307/1165
f 266/2308/1166 265/2309/1166 1154/2310/1166
f 288/2311/1167 292/2312/454 289/2313/456
f 290/2314/1168 1156/2315/457 294/2316/459
f 1158/2317/1169 1159/2318/460 291/2319/462
f 297/2320/1170 296/2321/463 301/2322/465
f 298/2323/1171 1160/2324/466 302/2325/468
f 1163/2326/1172 303/2327/469 1162/2328/471
f 305/2329/1173 304/2330/472 309/2331/474
f 306/2332/1174 1164/2333/475 310/2334/477
f 1167/2335/1175 311/2336/478 1166/2337/480
f 312/2338/1176 316/2339/481 313/2340/483
f 314/2341/1177 1168/2342/484 318/2343/486
f 1170/2344/1178 1171/2345/487 315/2346/489
f 321/2347/1179 320/2348/490 325/2349/492
f 322/2350/1180 1172/2351/493 326/2352/495
f 1174/2353/1181 1175/2354/496 323/2355/498
f 328/2356/1182 332/2357/499 329/2358/501
f 330/2359/1183 1176/2360/502 334/2361/504
f 1179/2362/1184 335/2363/505 1178/2364/507
f 343/2365/1185 336/2366/508 344/2367/510
f 1183/2368/1186 1201/2369/511 345/2370/513
f 1203/2371/1187 339/2372/514 1186/2373/516
f 1204/2374/1188 340/2375/517 1189/2376/519
f 1205/2377/1189 1192/2378/520 341/2379/522
f 1206/2380/1190 1195/2381/523 342/2382/525
f 1198/2383/1191 1180/2384/526 1207/2385/528
f 350/2386/1192 1181/2387/529 351/2388/531
f 1200/2389/1193 1208/2390/532 1196/2391/534
f 1197/2392/1194 1211/2393/535 1193/2394/537
f 1194/2395/1195 1190/2396/538 1212/2397/540
f 1187/2398/1196 1184/2399/541 355/2400/543
f 1220/2401/1197 1185/2402/544 1209/2403/546
f 357/2404/1198 1221/2405/547 358/2406/549
f 1218/2407/1199 1222/2408/550 359/2409/552
f 360/2410/1200 1214/2411/553 1225/2412/555
f 361/2413/1201 1213/2414/556 1226/2415/558
f 1211/2416/535 362/2417/559 353/2418/536
f 352/2419/533 1208/2420/532 1228/2421/562
f 350/2422/1192 351/2423/531 1223/2424/564
f 364/2425/1202 367/2426/1202 365/2427/1202
f 373/2428/1203 372/2429/567 377/2430/569
f 1249/2431/1204 378/2432/1204 1247/2433/1204
f 1248/2434/1205 377/2435/569 380/2436/572
f 1251/2437/1206 376/2438/1206 381/2439/1206
f 375/2440/1207 1253/2441/1207 374/2442/1207
f 1250/2443/1208 1253/2444/1208 382/2445/1208
f 384/2446/1209 1251/2447/1209 1255/2448/1209
f 1248/2449/1205 380/2450/572 385/2451/578
f 378/2452/1210 1254/2453/1210 379/2454/1210
f 393/2455/1211 392/2456/1211 389/2457/1211
f 1259/2458/1212 391/2459/581 1258/2460/583
f 390/2461/1213 1261/2462/1213 388/2463/1213
f 1265/2464/1214 1263/2465/1214 1264/2466/1214
f 398/2467/1215 1263/2468/1215 1568/2469/1215
f 1569/2470/1216 395/2471/1216 390/2472/1216
f 1259/2473/1212 394/2474/588 391/2475/581
f 399/2476/1217 1267/2477/1217 393/2478/1217
f 1268/2479/1218 397/2480/592 394/2481/588
f 1280/2482/1219 1281/2483/1219 1275/2484/1219
f 401/2485/1220 400/2486/1220 405/2487/1220
f 1273/2488/1221 406/2489/1221 403/2490/1221
f 1279/2491/600 1276/2492/597 409/2493/599
f 402/2494/1222 1279/2495/600 410/2496/601
f 1271/2497/603 411/2498/602 1276/2499/597
f 402/2500/1222 410/2501/601 1271/2502/603
f 413/2503/1223 1286/2504/1223 412/2505/1223
f 1290/2506/1224 1289/2507/1224 414/2508/1224
f 415/2509/1225 1284/2510/1225 1292/2511/1225
f 1283/2512/1226 1285/2513/1226 1294/2514/1226
f 416/2515/613 1295/2516/608 417/2517/610
f 417/2518/610 1297/2519/609 418/2520/612
f 1291/2521/615 1295/2522/608 419/2523/614
f 1293/2524/611 1291/2525/615 418/2526/612
f 1323/2527/1227 1317/2528/1227 429/2529/1227
f 432/2530/1228 1331/2531/1228 433/2532/1228
f 1328/2533/1229 1331/2534/1229 434/2535/1229
f 1324/2536/1230 1328/2537/1230 435/2538/1230
f 433/2539/1231 1326/2540/1231 435/2541/1231
f 1336/2542/1232 1340/2543/1232 436/2544/1232
f 1341/2545/1233 1342/2546/1233 1338/2547/1233
f 1334/2548/1234 1339/2549/1234 439/2550/1234
f 1337/2551/1235 1335/2552/1235 1344/2553/1235
f 1345/2554/1236 1343/2555/1236 1349/2556/1236
f 1327/2557/1237 431/2558/1237 441/2559/1237
f 431/2560/1238 425/2561/1238 440/2562/1238
f 443/2563/1239 1316/2564/1239 441/2565/1239
f 442/2566/1240 425/2567/1240 443/2568/1240
f 444/2569/1241 1354/2570/1241 445/2571/1241
f 1358/2572/1242 1357/2573/1242 446/2574/1242
f 1350/2575/1243 447/2576/1243 1355/2577/1243
f 1353/2578/1244 1362/2579/1244 1351/2580/1244
f 1361/2581/1245 1359/2582/1245 1365/2583/1245
f 449/2584/1246 430/2585/1246 448/2586/1246
f 450/2587/1247 1320/2588/1247 449/2589/1247
f 1325/2590/1248 427/2591/1248 448/2592/1248
f 427/2593/1249 1320/2594/1249 451/2595/1249
f 453/2596/1250 1372/2597/1250 452/2598/1250
f 1366/2599/1251 1373/2600/1251 454/2601/1251
f 1371/2602/1252 1374/2603/1252 1368/2604/1252
f 1367/2605/1253 1369/2606/1253 1378/2607/1253
f 1377/2608/1254 1375/2609/1254 1379/2610/1254
f 1318/2611/1255 420/2612/1255 456/2613/1255
f 424/2614/1256 1318/2615/1256 458/2616/1256
f 459/2617/1257 1302/2618/1257 458/2619/1257
f 457/2620/1258 420/2621/1258 459/2622/1258
f 1388/2623/1259 1384/2624/1259 461/2625/1259
f 1389/2626/1260 1386/2627/1260 1390/2628/1260
f 1387/2629/1261 1382/2630/1261 1394/2631/1261
f 1385/2632/1262 1383/2633/1262 1392/2634/1262
f 1397/2635/1263 1393/2636/1263 1395/2637/1263
f 465/2638/1264 1322/2639/1264 464/2640/1264
f 466/2641/1265 426/2642/1265 465/2643/1265
f 421/2644/1266 426/2645/1266 467/2646/1266
f 1304/2647/1267 421/2648/1267 464/2649/1267
f 1398/2650/1268 468/2651/1268 1404/2652/1268
f 1402/2653/1269 1405/2654/1269 470/2655/1269
f 1410/2656/1270 1403/2657/1270 471/2658/1270
f 1401/2659/1271 1399/2660/1271 1412/2661/1271
f 1413/2662/1272 1409/2663/1272 1411/2664/1272
f 473/2665/1273 422/2666/1273 472/2667/1273
f 1298/2668/1274 422/2669/1274 474/2670/1274
f 472/2671/1275 1306/2672/1275 475/2673/1275
f 1305/2674/1276 1298/2675/1276 475/2676/1276
f 476/2677/1277 1420/2678/1277 477/2679/1277
f 1414/2680/1278 478/2681/1278 1421/2682/1278
f 1416/2683/1279 1419/2684/1279 479/2685/1279
f 1417/2686/1280 1428/2687/1280 1415/2688/1280
f 1425/2689/1281 1423/2690/1281 1427/2691/1281
f 1313/2692/1282 1310/2693/1282 481/2694/1282
f 1300/2695/1283 1313/2696/1283 482/2697/1283
f 480/2698/1284 1310/2699/1284 483/2700/1284
f 1299/2701/1285 1300/2702/1285 483/2703/1285
f 1436/2704/1286 1434/2705/1286 484/2706/1286
f 1430/2707/1287 486/2708/1287 1437/2709/1287
f 1432/2710/1288 1435/2711/1288 487/2712/1288
f 1431/2713/1289 1433/2714/1289 1442/2715/1289
f 1443/2716/1290 1441/2717/1290 1445/2718/1290
f 489/2719/1291 423/2720/1291 488/2721/1291
f 1308/2722/1292 423/2723/1292 490/2724/1292
f 1303/2725/1293 1308/2726/1293 491/2727/1293
f 488/2728/1294 1301/2729/1294 491/2730/1294
f 493/2731/1295 1446/2732/1295 492/2733/1295
f 1453/2734/1296 1454/2735/1296 1450/2736/1296
f 1448/2737/1297 1451/2738/1297 495/2739/1297
f 1449/2740/1298 1460/2741/1298 1447/2742/1298
f 1461/2743/1299 1457/2744/1299 1459/2745/1299
f 1329/2746/1300 1332/2747/689 496/2748/691
f 1319/2749/1301 1572/2750/692 1333/2751/694
f 1321/2752/1302 1330/2753/695 1575/2754/697
f 1311/2755/1303 498/2756/698 1314/2757/700
f 1309/2758/1304 1315/2759/701 500/2760/703
f 1307/2761/1305 501/2762/704 1312/2763/706
f 503/2764/1306 1477/2765/707 504/2766/709
f 1469/2767/1307 1474/2768/710 505/2769/712
f 1473/2770/1308 1470/2771/713 1484/2772/715
f 1274/2773/1309 1277/2774/1309 506/2775/1309
f 1272/2776/1310 1274/2777/1310 508/2778/1310
f 509/2779/1311 1270/2780/1311 508/2781/1311
f 1493/2782/1312 1491/2783/719 510/2784/721
f 1494/2785/1313 1492/2786/722 513/2787/724
f 1497/2788/1314 1489/2789/725 1499/2790/727
f 1498/2791/1315 512/2792/1315 515/2793/1315
f 516/2794/1316 1495/2795/1316 515/2796/1316
f 512/2797/1317 1496/2798/1317 514/2799/1317
f 517/2800/1318 1496/2801/1318 516/2802/1318
f 1506/2803/1319 519/2804/1319 1504/2805/1319
f 1500/2806/1320 1507/2807/1320 520/2808/1320
f 1502/2809/1321 1505/2810/1321 521/2811/1321
f 1501/2812/1322 1503/2813/1322 1512/2814/1322
f 523/2815/1323 522/2816/737 527/2817/739
f 1521/2818/1324 1519/2819/1324 528/2820/1324
f 1520/2821/1325 527/2822/739 530/2823/742
f 1524/2824/1326 526/2825/1326 531/2826/1326
f 525/2827/1327 1525/2828/1327 524/2829/1327
f 1522/2830/1328 1525/2831/1328 532/2832/1328
f 531/2833/1329 1523/2834/1329 1527/2835/1329
f 1520/2836/1325 530/2837/742 535/2838/748
f 528/2839/1330 529/2840/1330 1526/2841/1330
f 543/2842/1331 539/2843/1331 542/2844/1331
f 1531/2845/1332 541/2846/751 1530/2847/753
f 1532/2848/1333 1533/2849/1333 538/2850/1333
f 1537/2851/1334 1535/2852/1334 1536/2853/1334
f 548/2854/1335 1535/2855/1335 1570/2856/1335
f 1533/2857/1336 545/2858/1336 540/2859/1336
f 1531/2860/1332 544/2861/758 541/2862/751
f 549/2863/1337 543/2864/1337 1539/2865/1337
f 1540/2866/1338 547/2867/762 544/2868/758
f 550/2869/1339 1542/2870/1339 554/2871/1339
f 552/2872/1340 551/2873/1340 556/2874/1340
f 1548/2875/1341 1544/2876/1341 557/2877/1341
f 1551/2878/1342 1553/2879/1342 1546/2880/1342
f 1545/2881/1343 1549/2882/1343 562/2883/1343
f 1549/2884/1344 1547/2885/1344 563/2886/1344
f 564/2887/1345 1547/2888/1345 565/2889/1345
f 565/2890/1346 1543/2891/1346 562/2892/1346
f 1563/2893/1347 1562/2894/1347 1560/2895/1347
f 561/2896/1348 1564/2897/1348 1561/2898/1348
f 560/2899/1349 1565/2900/1349 1555/2901/1349
f 558/2902/1350 559/2903/1350 1559/2904/1350
f 1475/2905/1351 420/2906/776 566/2907/778
f 426/2908/1352 421/2909/779 567/2910/781
f 1578/2911/1353 1583/2912/1353 573/2913/1353
f 1579/2914/1354 570/2915/1354 574/2916/1354
f 571/2917/1355 1589/2918/1355 1581/2919/1355
f 568/2920/1356 569/2921/1356 1587/2922/1356
f 1586/2923/1357 1580/2924/1357 1588/2925/1357
f 1509/2926/1358 1515/2927/1358 1511/2928/1358
f 1234/2929/1359 1242/2930/1359 576/2931/1359
f 581/2932/1360 1238/2933/1360 580/2934/1360
f 1592/2935/1361 371/2936/1361 1600/2937/1361
f 583/2938/1362 369/2939/1362 1598/2940/1362
f 1230/2941/1363 1234/2942/1363 580/2943/1363
f 1594/2944/1364 578/2945/1364 1593/2946/1364
f 1596/2947/1365 582/2948/1365 1599/2949/1365
f 1597/2950/1366 1595/2951/1366 1603/2952/1366
f 586/2953/1367 1573/2954/796 584/2955/798
f 1463/2956/1368 1576/2957/799 585/2958/801
f 1467/2959/1369 1464/2960/802 1604/2961/804
f 585/2962/1370 587/2963/1370 584/2964/1370
f 1487/2965/1371 586/2966/1371 1485/2967/1371
f 1479/2968/1372 1481/2969/809 1577/2970/811
f 1476/2971/1373 1574/2972/812 1483/2973/814
f 1191/2974/1374 1188/2975/821 1215/2976/823
f 598/2977/1375 601/2978/1375 599/2979/1375
f 594/2980/1376 590/2981/825 595/2982/827
f 592/2983/1377 591/2984/828 596/2985/830
f 1612/2986/1378 1620/2987/831 1616/2988/833
f 1619/2989/1379 1621/2990/834 1614/2991/836
f 1613/2992/1380 1617/2993/1380 602/2994/1380
f 1617/2995/1381 1615/2996/1381 603/2997/1381
f 604/2998/1382 1615/2999/1382 605/3000/1382
f 605/3001/1383 1611/3002/1383 602/3003/1383
f 1622/3004/1384 1634/3005/841 1628/3006/843
f 1629/3007/1385 1626/3008/844 1637/3009/846
f 1624/3010/1386 1632/3011/847 1627/3012/849
f 1623/3013/1387 1625/3014/850 1635/3015/852
f 614/3016/1388 617/3017/1388 615/3018/1388
f 1638/3019/1389 606/3020/854 611/3021/856
f 608/3022/1390 607/3023/857 612/3024/859
f 1640/3025/1391 1648/3026/860 1644/3027/862
f 1647/3028/1392 1649/3029/863 1642/3030/865
f 1641/3031/1393 1645/3032/1393 618/3033/1393
f 1645/3034/1394 1643/3035/1394 619/3036/1394
f 620/3037/1395 1643/3038/1395 621/3039/1395
f 621/3040/1396 1639/3041/1396 618/3042/1396
f 1650/3043/1397 1656/3044/870 1662/3045/872
f 1657/3046/1398 1654/3047/873 1665/3048/875
f 1652/3049/1399 1660/3050/876 1655/3051/878
f 1651/3052/1400 1653/3053/879 1663/3054/881
f 630/3055/1401 633/3056/1401 631/3057/1401
f 1666/3058/1402 622/3059/883 627/3060/885
f 624/3061/1403 623/3062/886 628/3063/888
f 1668/3064/1404 1672/3065/889 1676/3066/891
f 1675/3067/1405 1677/3068/892 1670/3069/894
f 1669/3070/1406 1673/3071/1406 634/3072/1406
f 1673/3073/1407 1671/3074/1407 635/3075/1407
f 636/3076/1408 1671/3077/1408 637/3078/1408
f 637/3079/1409 1667/3080/1409 634/3081/1409
f 1678/3082/1410 1684/3083/899 1690/3084/901
f 1685/3085/1411 1682/3086/902 1693/3087/904
f 1680/3088/1412 1683/3089/905 1688/3090/907
f 1679/3091/1413 1681/3092/908 1691/3093/910
f 640/3094/1414 638/3095/1414 652/3096/1414
f 654/3097/1415 651/3098/1415 641/3099/1415
f 643/3100/1416 1694/3101/1416 666/3102/1416
f 665/3103/1417 1698/3104/1417 642/3105/1417
f 1703/3106/1418 1700/3107/1418 669/3108/1418
f 657/3109/1419 656/3110/1419 645/3111/1419
f 657/3112/1420 645/3113/1420 655/3114/1420
f 659/3115/1421 658/3116/1421 648/3117/1421
f 653/3118/1422 652/3119/1422 650/3120/1422
f 659/3121/1423 648/3122/1423 654/3123/1423
f 655/3124/1424 646/3125/1424 658/3126/1424
f 656/3127/1425 653/3128/1425 644/3129/1425
f 667/3130/1426 1704/3131/1426 1706/3132/1426
f 660/3133/1427 1708/3134/1427 1710/3135/1427
f 662/3136/1428 661/3137/1428 1712/3138/1428
f 664/3139/1429 1716/3140/1429 1701/3141/1429
f 663/3142/1430 1718/3143/1430 1720/3144/1430
f 1724/3145/1431 1723/3146/1431 1715/3147/1431
f 1728/3148/1432 1727/3149/1432 1717/3150/1432
f 1722/3151/1433 672/3152/1433 1725/3153/1433
f 1725/3154/1434 673/3155/1434 1719/3156/1434
f 668/3157/1435 675/3158/1435 1726/3159/1435
f 1719/3160/1436 670/3161/1436 1726/3162/1436
f 669/3163/1437 671/3164/1437 1705/3165/1437
f 1729/3166/1438 675/3167/1438 1702/3168/1438
f 671/3169/1439 672/3170/1439 1709/3171/1439
