v 1.404153 -1.321655 0.259412
v 1.404153 -1.321655 1.364615
v 0.885506 -1.321655 0.259412
v 0.885506 -1.321655 1.360795
v 0.885506 -1.355603 1.360795
v 0.885506 -1.355603 0.259412
v 1.404153 -1.355603 1.364615
v 1.404153 -1.355603 0.259412
v 1.361839 -1.355603 0.259412
v 0.927821 -1.355603 0.259412
v 1.361839 -1.355603 1.313820
v 0.927821 -1.355603 1.310176
v 0.927821 -1.338607 0.259412
v 0.927821 -1.338607 1.310176
v 1.361839 -1.338607 0.259412
v 1.361839 -1.338607 1.313820
v 1.326224 -1.338607 0.763183
v 1.326224 -1.338607 0.739664
v 1.209221 -1.338607 0.763101
v 1.209221 -1.338607 0.739664
v 1.209221 -1.357388 0.739664
v 1.209221 -1.357388 0.763101
v 1.326224 -1.357388 0.739664
v 1.326224 -1.357388 0.763183
v 1.361839 -1.338607 1.131141
v 1.361839 -1.338607 1.052821
v 0.927821 -1.338607 1.130871
v 0.927821 -1.338607 1.052821
v 0.927821 -1.352568 1.130871
v 0.927821 -1.352568 1.052821
v 1.361839 -1.352568 1.131141
v 1.361839 -1.352568 1.052821
v 1.361839 -1.352568 0.436844
v 1.361839 -1.352568 0.515164
v 0.927821 -1.352568 0.436844
v 0.927821 -1.352568 0.514893
v 0.927821 -1.338607 0.436844
v 0.927821 -1.338607 0.514893
v 1.361839 -1.338607 0.436844
v 1.361839 -1.338607 0.515164
v -0.452561 -1.668745 0.737366
v -0.409761 -1.668745 0.737473
v -0.409761 -1.648896 0.737473
v -0.452561 -1.638671 0.737366
v -0.409761 -1.648897 1.421842
v -0.409761 -1.668745 1.421841
v -0.452561 -1.638671 1.421734
v -0.452561 -1.668745 1.421734
v -0.388171 -1.668746 1.535974
v -0.354403 -1.668746 1.515264
v -0.354403 -1.648896 1.515264
v -0.388171 -1.638671 1.535974
v -0.176530 -1.648897 1.559605
v -0.176530 -1.668746 1.559605
v -0.176606 -1.638671 1.593309
v -0.176606 -1.668746 1.593309
v 0.037060 -1.668746 1.532715
v -0.000006 -1.668746 1.515863
v -0.000006 -1.648897 1.515863
v 0.037060 -1.638671 1.532715
v 0.056209 -1.648897 1.424026
v 0.056209 -1.668746 1.424026
v 0.099010 -1.668746 1.424026
v 0.099010 -1.638671 1.424026
v 0.056209 -1.648897 0.742882
v 0.056209 -1.668746 0.742882
v 0.099010 -1.668746 0.742882
v 0.099010 -1.638671 0.742882
v 0.116477 -1.638671 0.715777
v -0.477783 -1.638671 0.715777
v -0.477783 -1.713555 0.715777
v 0.116477 -1.713555 0.715777
v 0.116477 -1.638671 0.742882
v -0.477783 -1.638671 0.742882
v -0.477783 -1.713555 0.742882
v 0.116477 -1.713555 0.742882
v -0.409761 -1.660544 0.978812
v 0.056209 -1.660544 0.978812
v 0.056209 -1.648897 0.978812
v -0.409761 -1.648897 0.978812
v -0.409761 -1.660544 0.956747
v 0.056209 -1.660544 0.956747
v 0.056209 -1.648897 0.956747
v -0.409761 -1.648897 0.956747
v -0.409761 -1.660544 1.209507
v 0.056209 -1.660544 1.209507
v 0.056209 -1.648897 1.209507
v -0.409761 -1.648897 1.209507
v -0.409761 -1.660544 1.187443
v 0.056209 -1.660544 1.187443
v 0.056209 -1.648897 1.187443
v -0.409761 -1.648896 1.187443
v -1.481519 -1.668745 0.737366
v -1.438718 -1.668745 0.737473
v -1.438718 -1.648896 0.737473
v -1.481519 -1.638671 0.737366
v -1.438718 -1.648897 1.421842
v -1.438718 -1.668745 1.421841
v -1.481519 -1.638671 1.421734
v -1.481519 -1.668745 1.421734
v -1.417129 -1.668746 1.535974
v -1.383361 -1.668746 1.515264
v -1.383361 -1.648896 1.515264
v -1.417129 -1.638671 1.535974
v -1.205487 -1.648897 1.559605
v -1.205487 -1.668746 1.559605
v -1.205564 -1.638671 1.593309
v -1.205564 -1.668746 1.593309
v -0.991897 -1.668746 1.532715
v -1.028964 -1.668746 1.515863
v -1.028964 -1.648897 1.515863
v -0.991897 -1.638671 1.532715
v -0.972748 -1.648897 1.424026
v -0.972748 -1.668746 1.424026
v -0.929948 -1.668746 1.424026
v -0.929948 -1.638671 1.424026
v -0.972748 -1.648897 0.742882
v -0.972748 -1.668746 0.742882
v -0.929948 -1.668746 0.742882
v -0.929948 -1.638671 0.742882
v -0.912481 -1.638671 0.715777
v -1.506740 -1.638671 0.715777
v -1.506740 -1.713555 0.715777
v -0.912481 -1.713555 0.715777
v -0.912481 -1.638671 0.742882
v -1.506740 -1.638671 0.742882
v -1.506740 -1.713555 0.742882
v -0.912481 -1.713555 0.742882
v -1.438718 -1.660544 0.978812
v -0.972748 -1.660544 0.978812
v -0.972748 -1.648897 0.978812
v -1.438718 -1.648897 0.978812
v -1.438718 -1.660544 0.956747
v -0.972748 -1.660544 0.956747
v -0.972748 -1.648897 0.956747
v -1.438718 -1.648897 0.956747
v -1.438718 -1.660544 1.209507
v -0.972748 -1.660544 1.209507
v -0.972748 -1.648897 1.209507
v -1.438718 -1.648897 1.209507
v -1.438718 -1.660544 1.187443
v -0.972748 -1.660544 1.187443
v -0.972748 -1.648897 1.187443
v -1.438718 -1.648896 1.187443
v -1.737990 -0.763901 0.737365
v -1.737990 -0.806701 0.737472
v -1.718142 -0.806701 0.737472
v -1.707916 -0.763901 0.737366
v -1.718142 -0.806701 1.421842
v -1.737990 -0.806702 1.421841
v -1.707917 -0.763901 1.421734
v -1.737990 -0.763901 1.421734
v -1.737991 -0.828291 1.535974
v -1.737991 -0.862059 1.515264
v -1.718142 -0.862059 1.515264
v -1.707916 -0.828291 1.535974
v -1.718142 -1.039932 1.559605
v -1.737991 -1.039932 1.559605
v -1.707916 -1.039856 1.593309
v -1.737991 -1.039856 1.593309
v -1.737991 -1.253523 1.532715
v -1.737991 -1.216456 1.515863
v -1.718142 -1.216456 1.515863
v -1.707916 -1.253523 1.532715
v -1.718142 -1.272672 1.424026
v -1.737991 -1.272672 1.424026
v -1.737991 -1.315472 1.424026
v -1.707916 -1.315472 1.424026
v -1.718142 -1.272672 0.742882
v -1.737991 -1.272672 0.742882
v -1.737991 -1.315472 0.742882
v -1.707916 -1.315472 0.742882
v -1.707916 -1.332939 0.715776
v -1.707916 -0.738680 0.715776
v -1.782800 -0.738680 0.715776
v -1.782800 -1.332939 0.715776
v -1.707916 -1.332939 0.742882
v -1.707916 -0.738680 0.742882
v -1.782801 -0.738680 0.742882
v -1.782800 -1.332939 0.742882
v -1.729789 -0.806701 0.978812
v -1.729789 -1.272672 0.978812
v -1.718142 -1.272672 0.978812
v -1.718142 -0.806701 0.978812
v -1.729789 -0.806701 0.956747
v -1.729789 -1.272672 0.956747
v -1.718142 -1.272672 0.956747
v -1.718142 -0.806701 0.956747
v -1.729789 -0.806701 1.209507
v -1.729789 -1.272672 1.209507
v -1.718142 -1.272672 1.209507
v -1.718142 -0.806701 1.209507
v -1.729789 -0.806701 1.187443
v -1.729789 -1.272672 1.187443
v -1.718142 -1.272672 1.187443
v -1.718142 -0.806701 1.187443
v -1.737990 1.500707 0.737365
v -1.737990 1.457907 0.737472
v -1.718142 1.457907 0.737472
v -1.707916 1.500707 0.737366
v -1.718142 1.457907 1.421841
v -1.737990 1.457907 1.421841
v -1.707916 1.500707 1.421734
v -1.737990 1.500707 1.421734
v -1.737991 1.436317 1.535974
v -1.737991 1.402549 1.515264
v -1.718142 1.402549 1.515264
v -1.707916 1.436317 1.535974
v -1.718142 1.224676 1.559605
v -1.737991 1.224676 1.559605
v -1.707916 1.224752 1.593309
v -1.737991 1.224752 1.593309
v -1.737991 1.011086 1.532715
v -1.737991 1.048152 1.515863
v -1.718142 1.048152 1.515863
v -1.707916 1.011086 1.532715
v -1.718142 0.991937 1.424026
v -1.737991 0.991937 1.424026
v -1.737991 0.949136 1.424026
v -1.707916 0.949136 1.424026
v -1.718142 0.991936 0.742882
v -1.737991 0.991936 0.742882
v -1.737991 0.949136 0.742882
v -1.707916 0.949136 0.742882
v -1.707916 0.931669 0.715776
v -1.707916 1.525928 0.715776
v -1.782800 1.525929 0.715776
v -1.782800 0.931669 0.715776
v -1.707916 0.931669 0.742882
v -1.707916 1.525928 0.742882
v -1.782801 1.525928 0.742882
v -1.782800 0.931669 0.742881
v -1.729789 1.457907 0.978812
v -1.729789 0.991936 0.978812
v -1.718142 0.991936 0.978812
v -1.718142 1.457907 0.978812
v -1.729789 1.457907 0.956747
v -1.729789 0.991936 0.956747
v -1.718142 0.991936 0.956747
v -1.718142 1.457907 0.956747
v -1.729789 1.457907 1.209507
v -1.729789 0.991937 1.209507
v -1.718142 0.991937 1.209507
v -1.718142 1.457907 1.209507
v -1.729789 1.457907 1.187443
v -1.729789 0.991937 1.187443
v -1.718142 0.991937 1.187443
v -1.718142 1.457907 1.187443
v -1.737990 0.309193 0.737365
v -1.737990 0.266392 0.737472
v -1.718142 0.266392 0.737472
v -1.707916 0.309193 0.737365
v -1.718142 0.266392 1.421841
v -1.737990 0.266392 1.421841
v -1.707916 0.309193 1.421734
v -1.737990 0.309193 1.421734
v -1.737991 0.244803 1.535974
v -1.737991 0.211035 1.515264
v -1.718142 0.211035 1.515264
v -1.707916 0.244803 1.535974
v -1.718142 0.033161 1.559605
v -1.737991 0.033161 1.559605
v -1.707916 0.033238 1.593309
v -1.737991 0.033238 1.593309
v -1.737991 -0.180429 1.532715
v -1.737991 -0.143362 1.515863
v -1.718142 -0.143362 1.515863
v -1.707916 -0.180429 1.532715
v -1.718142 -0.199578 1.424026
v -1.737991 -0.199578 1.424026
v -1.737991 -0.242379 1.424026
v -1.707916 -0.242378 1.424026
v -1.718142 -0.199578 0.742882
v -1.737991 -0.199578 0.742882
v -1.737991 -0.242379 0.742882
v -1.707916 -0.242379 0.742882
v -1.707916 -0.259846 0.715776
v -1.707916 0.334414 0.715776
v -1.782800 0.334414 0.715776
v -1.782800 -0.259845 0.715776
v -1.707916 -0.259846 0.742882
v -1.707916 0.334414 0.742882
v -1.782801 0.334414 0.742882
v -1.782800 -0.259846 0.742881
v -1.729789 0.266392 0.978812
v -1.729789 -0.199578 0.978812
v -1.718142 -0.199578 0.978812
v -1.718142 0.266392 0.978812
v -1.729789 0.266392 0.956747
v -1.729789 -0.199578 0.956747
v -1.718142 -0.199578 0.956747
v -1.718142 0.266392 0.956747
v -1.729789 0.266392 1.209507
v -1.729789 -0.199578 1.209507
v -1.718142 -0.199578 1.209507
v -1.718142 0.266392 1.209507
v -1.729789 0.266392 1.187443
v -1.729789 -0.199578 1.187443
v -1.718142 -0.199578 1.187443
v -1.718142 0.266392 1.187443
v -2.677563 0.330092 2.267942
v -2.677563 0.287292 2.268049
v -2.657715 0.287292 2.268049
v -2.647490 0.330092 2.267942
v -2.657715 0.287292 2.952418
v -2.677563 0.287292 2.952418
v -2.647490 0.330092 2.952311
v -2.677563 0.330092 2.952311
v -2.677565 0.265702 3.066550
v -2.677564 0.231934 3.045840
v -2.657715 0.231934 3.045840
v -2.647490 0.265702 3.066550
v -2.657715 0.054061 3.090181
v -2.677564 0.054061 3.090181
v -2.647490 0.054137 3.123885
v -2.677565 0.054137 3.123885
v -2.677564 -0.159529 3.063292
v -2.677564 -0.122463 3.046439
v -2.657715 -0.122463 3.046440
v -2.647490 -0.159529 3.063292
v -2.657715 -0.178678 2.954602
v -2.677564 -0.178678 2.954602
v -2.677564 -0.221479 2.954602
v -2.647490 -0.221479 2.954602
v -2.657715 -0.178678 2.273458
v -2.677564 -0.178678 2.273458
v -2.677564 -0.221479 2.273458
v -2.647490 -0.221479 2.273458
v -2.647490 -0.238946 2.246353
v -2.647490 0.355314 2.246353
v -2.722374 0.355314 2.246353
v -2.722374 -0.238946 2.246353
v -2.647490 -0.238946 2.273458
v -2.647490 0.355314 2.273458
v -2.722374 0.355314 2.273458
v -2.722374 -0.238946 2.273458
v -2.669362 0.287292 2.509388
v -2.669362 -0.178678 2.509388
v -2.657715 -0.178678 2.509388
v -2.657715 0.287292 2.509388
v -2.669362 0.287292 2.487324
v -2.669362 -0.178678 2.487324
v -2.657715 -0.178678 2.487324
v -2.657715 0.287292 2.487324
v -2.669362 0.287292 2.740084
v -2.669362 -0.178678 2.740084
v -2.657715 -0.178678 2.740084
v -2.657715 0.287292 2.740084
v -2.669362 0.287292 2.718019
v -2.669362 -0.178678 2.718019
v -2.657715 -0.178678 2.718019
v -2.657715 0.287292 2.718019
v -0.925500 -1.863227 2.267942
v -0.925500 -1.906027 2.268049
v -0.905652 -1.906027 2.268049
v -0.895427 -1.863227 2.267942
v -0.905652 -1.906027 2.952418
v -0.925500 -1.906027 2.952418
v -0.895427 -1.863227 2.952311
v -0.925500 -1.863227 2.952311
v -0.925501 -1.927617 3.066550
v -0.925501 -1.961385 3.045840
v -0.905652 -1.961385 3.045841
v -0.895427 -1.927617 3.066550
v -0.905652 -2.139258 3.090181
v -0.925501 -2.139258 3.090181
v -0.895427 -2.139181 3.123886
v -0.925501 -2.139182 3.123886
v -0.925501 -2.352848 3.063292
v -0.925501 -2.315782 3.046440
v -0.905652 -2.315782 3.046440
v -0.895427 -2.352848 3.063292
v -0.905652 -2.371997 2.954602
v -0.925501 -2.371997 2.954602
v -0.925501 -2.414798 2.954602
v -0.895427 -2.414798 2.954602
v -0.905652 -2.371997 2.273458
v -0.925501 -2.371997 2.273458
v -0.925501 -2.414798 2.273458
v -0.895427 -2.414798 2.273458
v -0.895427 -2.432265 2.246353
v -0.895427 -1.838005 2.246353
v -0.970310 -1.838005 2.246353
v -0.970311 -2.432265 2.246353
v -0.895427 -2.432265 2.273458
v -0.895427 -1.838005 2.273458
v -0.970311 -1.838005 2.273459
v -0.970311 -2.432265 2.273458
v -0.917299 -1.906027 2.509388
v -0.917299 -2.371997 2.509388
v -0.905652 -2.371997 2.509388
v -0.905652 -1.906027 2.509388
v -0.917299 -1.906027 2.487324
v -0.917299 -2.371997 2.487324
v -0.905652 -2.371997 2.487324
v -0.905652 -1.906027 2.487324
v -0.917299 -1.906027 2.740084
v -0.917299 -2.371997 2.740084
v -0.905652 -2.371997 2.740084
v -0.905652 -1.906027 2.740084
v -0.917299 -1.906027 2.718019
v -0.917299 -2.371997 2.718019
v -0.905652 -2.371997 2.718019
v -0.905652 -1.906027 2.718019
v 0.544327 -2.433993 2.267942
v 0.544327 -2.391192 2.268049
v 0.524479 -2.391192 2.268049
v 0.514254 -2.433993 2.267942
v 0.524479 -2.391192 2.952418
v 0.544328 -2.391192 2.952418
v 0.514254 -2.433992 2.952311
v 0.544328 -2.433992 2.952311
v 0.544329 -2.369602 3.066550
v 0.544329 -2.335834 3.045840
v 0.524479 -2.335834 3.045841
v 0.514254 -2.369602 3.066550
v 0.524479 -2.157961 3.090181
v 0.544329 -2.157961 3.090181
v 0.514254 -2.158037 3.123886
v 0.544329 -2.158037 3.123886
v 0.544329 -1.944371 3.063292
v 0.544329 -1.981437 3.046439
v 0.524479 -1.981437 3.046440
v 0.514254 -1.944371 3.063292
v 0.524479 -1.925222 2.954602
v 0.544329 -1.925222 2.954602
v 0.544328 -1.882421 2.954602
v 0.514254 -1.882421 2.954602
v 0.524479 -1.925222 2.273458
v 0.544328 -1.925222 2.273458
v 0.544328 -1.882421 2.273458
v 0.514254 -1.882421 2.273458
v 0.514254 -1.864954 2.246353
v 0.514254 -2.459214 2.246353
v 0.589138 -2.459214 2.246353
v 0.589138 -1.864954 2.246353
v 0.514254 -1.864954 2.273458
v 0.514254 -2.459214 2.273458
v 0.589138 -2.459214 2.273458
v 0.589138 -1.864954 2.273458
v 0.536126 -2.391192 2.509388
v 0.536126 -1.925222 2.509388
v 0.524479 -1.925222 2.509388
v 0.524479 -2.391192 2.509388
v 0.536126 -2.391192 2.487324
v 0.536127 -1.925222 2.487324
v 0.524479 -1.925222 2.487324
v 0.524479 -2.391192 2.487324
v 0.536127 -2.391192 2.740084
v 0.536126 -1.925222 2.740084
v 0.524479 -1.925222 2.740084
v 0.524479 -2.391192 2.740084
v 0.536127 -2.391192 2.718019
v 0.536126 -1.925222 2.718019
v 0.524479 -1.925222 2.718019
v 0.524479 -2.391192 2.718019
v -0.480959 -2.675364 2.267942
v -0.438159 -2.675364 2.268049
v -0.438159 -2.655516 2.268049
v -0.480959 -2.645291 2.267942
v -0.438159 -2.655516 2.952418
v -0.438159 -2.675364 2.952418
v -0.480959 -2.645291 2.952311
v -0.480959 -2.675364 2.952311
v -0.416569 -2.675366 3.066550
v -0.382801 -2.675365 3.045840
v -0.382801 -2.655516 3.045841
v -0.416569 -2.645291 3.066550
v -0.204928 -2.655516 3.090181
v -0.204928 -2.675365 3.090181
v -0.205004 -2.645291 3.123886
v -0.205004 -2.675365 3.123886
v 0.008662 -2.675365 3.063292
v -0.028404 -2.675365 3.046440
v -0.028404 -2.655516 3.046440
v 0.008662 -2.645291 3.063292
v 0.027812 -2.655516 2.954602
v 0.027812 -2.675365 2.954602
v 0.070612 -2.675365 2.954602
v 0.070612 -2.645291 2.954602
v 0.027812 -2.655516 2.273458
v 0.027812 -2.675365 2.273458
v 0.070612 -2.675365 2.273458
v 0.070612 -2.645291 2.273458
v 0.088079 -2.645291 2.246353
v -0.506180 -2.645291 2.246353
v -0.506181 -2.720175 2.246353
v 0.088079 -2.720175 2.246353
v 0.088079 -2.645291 2.273458
v -0.506180 -2.645291 2.273458
v -0.506180 -2.720175 2.273458
v 0.088079 -2.720175 2.273458
v -0.438159 -2.667163 2.509388
v 0.027812 -2.667163 2.509388
v 0.027812 -2.655516 2.509388
v -0.438159 -2.655516 2.509388
v -0.438159 -2.667163 2.487324
v 0.027812 -2.667163 2.487324
v 0.027812 -2.655516 2.487324
v -0.438159 -2.655516 2.487324
v -0.438159 -2.667163 2.740084
v 0.027812 -2.667163 2.740084
v 0.027812 -2.655516 2.740084
v -0.438159 -2.655516 2.740084
v -0.438159 -2.667163 2.718019
v 0.027812 -2.667163 2.718019
v 0.027812 -2.655516 2.718019
v -0.438159 -2.655516 2.718019
v -2.434172 -0.715861 2.267942
v -2.391371 -0.715860 2.268049
v -2.391371 -0.696012 2.268049
v -2.434172 -0.685787 2.267942
v -2.391371 -0.696012 2.952418
v -2.391371 -0.715861 2.952418
v -2.434172 -0.685787 2.952311
v -2.434172 -0.715861 2.952311
v -2.369781 -0.715862 3.066550
v -2.336014 -0.715862 3.045840
v -2.336014 -0.696012 3.045840
v -2.369781 -0.685787 3.066550
v -2.158140 -0.696012 3.090181
v -2.158140 -0.715862 3.090181
v -2.158217 -0.685787 3.123885
v -2.158217 -0.715862 3.123885
v -1.944550 -0.715862 3.063292
v -1.981616 -0.715862 3.046439
v -1.981616 -0.696012 3.046440
v -1.944550 -0.685787 3.063292
v -1.925401 -0.696012 2.954602
v -1.925401 -0.715862 2.954602
v -1.882600 -0.715862 2.954602
v -1.882600 -0.685787 2.954602
v -1.925401 -0.696013 2.273458
v -1.925401 -0.715862 2.273458
v -1.882600 -0.715862 2.273458
v -1.882600 -0.685787 2.273458
v -1.865133 -0.685787 2.246353
v -2.459393 -0.685787 2.246353
v -2.459393 -0.760671 2.246353
v -1.865133 -0.760671 2.246353
v -1.865133 -0.685787 2.273458
v -2.459393 -0.685787 2.273458
v -2.459393 -0.760671 2.273458
v -1.865133 -0.760671 2.273458
v -2.391371 -0.707659 2.509388
v -1.925401 -0.707660 2.509388
v -1.925401 -0.696012 2.509388
v -2.391371 -0.696012 2.509388
v -2.391371 -0.707659 2.487324
v -1.925401 -0.707660 2.487324
v -1.925401 -0.696012 2.487324
v -2.391371 -0.696012 2.487324
v -2.391371 -0.707659 2.740084
v -1.925401 -0.707659 2.740084
v -1.925401 -0.696012 2.740084
v -2.391371 -0.696013 2.740084
v -2.391371 -0.707659 2.718019
v -1.925401 -0.707659 2.718019
v -1.925401 -0.696012 2.718019
v -2.391371 -0.696012 2.718019
v -1.890354 0.760207 2.267942
v -1.933155 0.760207 2.268049
v -1.933155 0.740359 2.268049
v -1.890354 0.730133 2.267942
v -1.933155 0.740359 2.952418
v -1.933155 0.760207 2.952418
v -1.890354 0.730134 2.952311
v -1.890354 0.760207 2.952311
v -1.954744 0.760209 3.066550
v -1.988512 0.760208 3.045840
v -1.988512 0.740359 3.045840
v -1.954744 0.730133 3.066550
v -2.166386 0.740359 3.090181
v -2.166386 0.760208 3.090181
v -2.166309 0.730133 3.123885
v -2.166309 0.760208 3.123885
v -2.379976 0.760208 3.063292
v -2.342909 0.760208 3.046439
v -2.342909 0.740359 3.046440
v -2.379976 0.730134 3.063292
v -2.399125 0.740359 2.954602
v -2.399125 0.760208 2.954602
v -2.441926 0.760208 2.954602
v -2.441926 0.730134 2.954602
v -2.399125 0.740359 2.273458
v -2.399125 0.760208 2.273458
v -2.441926 0.760208 2.273458
v -2.441926 0.730133 2.273458
v -2.459393 0.730133 2.246353
v -1.865133 0.730134 2.246353
v -1.865133 0.805018 2.246353
v -2.459393 0.805018 2.246353
v -2.459393 0.730133 2.273458
v -1.865133 0.730134 2.273458
v -1.865133 0.805018 2.273458
v -2.459393 0.805018 2.273458
v -1.933155 0.752006 2.509388
v -2.399125 0.752006 2.509388
v -2.399125 0.740359 2.509388
v -1.933155 0.740359 2.509388
v -1.933155 0.752006 2.487324
v -2.399125 0.752006 2.487324
v -2.399125 0.740359 2.487324
v -1.933155 0.740359 2.487324
v -1.933155 0.752006 2.740084
v -2.399125 0.752006 2.740084
v -2.399125 0.740359 2.740084
v -1.933155 0.740359 2.740084
v -1.933155 0.752006 2.718019
v -2.399125 0.752006 2.718019
v -2.399125 0.740359 2.718019
v -1.933155 0.740359 2.718019
v -0.633182 1.889329 2.267942
v -0.675983 1.889329 2.268049
v -0.675983 1.869481 2.268049
v -0.633182 1.859256 2.267942
v -0.675983 1.869481 2.952418
v -0.675983 1.889329 2.952418
v -0.633182 1.859256 2.952311
v -0.633182 1.889329 2.952311
v -0.697573 1.889330 3.066550
v -0.731340 1.889330 3.045840
v -0.731340 1.869481 3.045840
v -0.697573 1.859256 3.066550
v -0.909214 1.869481 3.090181
v -0.909214 1.889330 3.090181
v -0.909137 1.859256 3.123885
v -0.909137 1.889330 3.123885
v -1.122804 1.889330 3.063292
v -1.085737 1.889330 3.046439
v -1.085737 1.869481 3.046440
v -1.122804 1.859256 3.063292
v -1.141953 1.869481 2.954602
v -1.141953 1.889330 2.954602
v -1.184754 1.889330 2.954602
v -1.184754 1.859256 2.954602
v -1.141953 1.869481 2.273458
v -1.141953 1.889330 2.273458
v -1.184754 1.889330 2.273458
v -1.184754 1.859256 2.273458
v -1.202221 1.859256 2.246353
v -0.607961 1.859256 2.246353
v -0.607961 1.934140 2.246353
v -1.202221 1.934140 2.246353
v -1.202221 1.859256 2.273458
v -0.607961 1.859256 2.273458
v -0.607961 1.934140 2.273458
v -1.202221 1.934140 2.273458
v -0.675983 1.881128 2.509388
v -1.141953 1.881128 2.509388
v -1.141953 1.869481 2.509388
v -0.675983 1.869481 2.509388
v -0.675983 1.881128 2.487324
v -1.141953 1.881128 2.487324
v -1.141953 1.869481 2.487324
v -0.675983 1.869481 2.487324
v -0.675983 1.881128 2.740084
v -1.141953 1.881128 2.740084
v -1.141953 1.869481 2.740084
v -0.675983 1.869481 2.740084
v -0.675983 1.881128 2.718019
v -1.141953 1.881128 2.718019
v -1.141953 1.869481 2.718019
v -0.675983 1.869481 2.718019
v 0.425919 1.889329 2.267942
v 0.383118 1.889329 2.268049
v 0.383118 1.869481 2.268049
v 0.425919 1.859256 2.267942
v 0.383118 1.869481 2.952418
v 0.383118 1.889329 2.952418
v 0.425919 1.859256 2.952311
v 0.425919 1.889329 2.952311
v 0.361529 1.889330 3.066550
v 0.327761 1.889330 3.045840
v 0.327761 1.869481 3.045840
v 0.361529 1.859256 3.066550
v 0.149888 1.869481 3.090181
v 0.149888 1.889330 3.090181
v 0.149964 1.859256 3.123885
v 0.149964 1.889330 3.123885
v -0.063703 1.889330 3.063292
v -0.026636 1.889330 3.046439
v -0.026636 1.869481 3.046440
v -0.063703 1.859256 3.063292
v -0.082852 1.869481 2.954602
v -0.082852 1.889330 2.954602
v -0.125653 1.889330 2.954602
v -0.125652 1.859256 2.954602
v -0.082852 1.869481 2.273458
v -0.082852 1.889330 2.273458
v -0.125653 1.889330 2.273458
v -0.125653 1.859256 2.273458
v -0.143119 1.859256 2.246353
v 0.451140 1.859256 2.246353
v 0.451140 1.934139 2.246353
v -0.143119 1.934139 2.246353
v -0.143120 1.859256 2.273458
v 0.451140 1.859256 2.273458
v 0.451140 1.934139 2.273458
v -0.143120 1.934139 2.273458
v 0.383118 1.881128 2.509388
v -0.082852 1.881128 2.509388
v -0.082852 1.869481 2.509388
v 0.383118 1.869481 2.509388
v 0.383118 1.881128 2.487324
v -0.082852 1.881128 2.487324
v -0.082852 1.869481 2.487324
v 0.383118 1.869481 2.487324
v 0.383118 1.881128 2.740084
v -0.082852 1.881128 2.740084
v -0.082852 1.869481 2.740083
v 0.383118 1.869481 2.740084
v 0.383118 1.881128 2.718019
v -0.082852 1.881128 2.718019
v -0.082852 1.869481 2.718019
v 0.383118 1.869481 2.718019
v 1.410821 1.889329 2.267942
v 1.368021 1.889329 2.268049
v 1.368021 1.869481 2.268049
v 1.410821 1.859255 2.267942
v 1.368021 1.869481 2.952418
v 1.368021 1.889329 2.952418
v 1.410821 1.859255 2.952311
v 1.410821 1.889329 2.952311
v 1.346431 1.889330 3.066550
v 1.312663 1.889330 3.045840
v 1.312663 1.869480 3.045840
v 1.346431 1.859255 3.066550
v 1.134790 1.869481 3.090181
v 1.134790 1.889330 3.090181
v 1.134866 1.859256 3.123885
v 1.134866 1.889330 3.123885
v 0.921199 1.889330 3.063292
v 0.958266 1.889330 3.046439
v 0.958266 1.869481 3.046440
v 0.921199 1.859255 3.063292
v 0.902050 1.869481 2.954602
v 0.902050 1.889330 2.954602
v 0.859250 1.889330 2.954602
v 0.859250 1.859255 2.954602
v 0.902050 1.869481 2.273458
v 0.902050 1.889330 2.273458
v 0.859250 1.889330 2.273458
v 0.859250 1.859255 2.273458
v 0.841783 1.859255 2.246353
v 1.436042 1.859255 2.246353
v 1.436043 1.934139 2.246353
v 0.841783 1.934139 2.246353
v 0.841783 1.859255 2.273458
v 1.436042 1.859255 2.273458
v 1.436042 1.934139 2.273458
v 0.841783 1.934139 2.273458
v 1.368021 1.881128 2.509388
v 0.902050 1.881128 2.509388
v 0.902050 1.869481 2.509388
v 1.368021 1.869481 2.509388
v 1.368021 1.881128 2.487324
v 0.902050 1.881128 2.487324
v 0.902050 1.869481 2.487324
v 1.368021 1.869481 2.487324
v 1.368021 1.881128 2.740084
v 0.902050 1.881128 2.740084
v 0.902050 1.869481 2.740083
v 1.368021 1.869481 2.740084
v 1.368021 1.881128 2.718019
v 0.902050 1.881128 2.718019
v 0.902050 1.869481 2.718019
v 1.368021 1.869481 2.718019
v -1.707177 -0.420401 1.222074
v -1.707177 -0.578789 1.222074
v -1.707389 -0.578789 0.945269
v -1.707389 -0.420401 0.945269
v -1.820842 -0.420401 1.473779
v -1.923838 -0.420401 1.428760
v -1.923838 -0.578789 1.428760
v -1.820842 -0.578789 1.473779
v -2.063486 -0.578789 1.928027
v -2.063486 -0.420401 1.928027
v -2.166482 -0.578789 1.883007
v -2.166482 -0.420401 1.883007
v -2.212424 -0.420401 2.130049
v -2.350783 -0.420401 2.131555
v -2.350783 -0.578789 2.131555
v -2.212424 -0.578789 2.130049
v -2.212424 0.466772 2.130049
v -2.350783 0.466771 2.131555
v -2.350783 0.625159 2.131555
v -2.212424 0.625159 2.130049
v -2.166482 0.625159 1.883007
v -2.166482 0.466772 1.883007
v -2.063486 0.625159 1.928027
v -2.063486 0.466771 1.928027
v -1.820842 0.466772 1.473779
v -1.923838 0.466771 1.428760
v -1.923838 0.625159 1.428760
v -1.820842 0.625159 1.473779
v -1.707389 0.625159 0.945269
v -1.707389 0.466771 0.945269
v -1.707177 0.466771 1.222074
v -1.707177 0.625159 1.222074
v 0.253549 -1.641458 1.140766
v 0.411937 -1.641458 1.140766
v 0.411937 -1.638642 0.853666
v 0.253549 -1.638642 0.853666
v 0.253549 -1.793942 1.473779
v 0.253549 -1.896938 1.428760
v 0.411937 -1.896938 1.428760
v 0.411937 -1.793942 1.473779
v 0.411937 -2.036587 1.928027
v 0.253549 -2.036587 1.928027
v 0.411937 -2.139583 1.883007
v 0.253549 -2.139583 1.883007
v 0.253549 -2.185285 2.129728
v 0.253549 -2.323592 2.131162
v 0.411937 -2.323592 2.131162
v 0.411937 -2.185285 2.129728
v -0.604518 -2.185285 2.129728
v -0.604518 -2.323592 2.131162
v -0.762906 -2.323592 2.131162
v -0.762906 -2.185285 2.129728
v -0.762906 -2.139583 1.883007
v -0.604518 -2.139583 1.883008
v -0.762906 -2.036587 1.928027
v -0.604518 -2.036587 1.928027
v -0.604518 -1.793942 1.473779
v -0.604518 -1.896938 1.428760
v -0.762906 -1.896938 1.428760
v -0.762906 -1.793942 1.473779
v -0.762906 -1.638641 0.853666
v -0.604518 -1.638642 0.853666
v -0.604518 -1.641458 1.140766
v -0.762906 -1.641458 1.140766
v 1.931441 1.859255 4.029468
v 1.931443 -1.724440 4.029467
v -1.703613 -1.724442 4.029466
v -1.703614 0.733696 2.296351
v -1.703613 -0.687296 2.296351
v -1.703614 0.733694 4.029469
v -2.647003 0.733695 4.029469
v -2.647003 0.733695 2.296353
v -2.647003 -0.687296 4.029466
v -2.647003 -0.687296 2.296353
v 0.513524 -1.724438 2.296351
v -0.895808 -1.724439 2.296351
v 0.513524 -1.724440 4.029467
v 0.513525 -2.646323 4.029466
v 0.513525 -2.646321 2.296351
v -0.895807 -2.646323 4.029465
v -0.895807 -2.646323 2.296351
v -0.895808 -1.724441 4.029466
v -1.703614 -0.687296 4.029466
v -1.703615 1.859254 4.029469
v 1.964327 1.894779 4.079118
v 1.964329 -1.743129 4.079118
v -1.716490 1.894776 4.079118
v -1.716488 -1.743131 4.079118
v -2.674150 0.761687 4.079172
v -2.674149 -0.680800 4.079170
v 0.534190 -2.678959 4.079169
v -0.896462 -2.678960 4.079169
v 0.501877 -2.587692 4.158430
v -0.843022 -2.587694 4.158429
v -0.843023 -1.807958 4.158430
v 0.501876 -1.807957 4.158431
v -1.804703 -0.630722 4.158430
v -2.584961 -0.630723 4.158430
v -2.584962 0.725302 4.158432
v -1.804703 0.725302 4.158432
v 1.708437 1.777708 0.000001
v 1.708436 1.777707 2.089201
v 1.708439 -1.639619 -0.000001
v -1.708439 1.777707 0.000001
v -1.708438 1.777704 2.089201
v -1.708438 -1.639619 2.089201
v -1.708437 -1.639619 -0.000001
v -1.854395 2.047319 2.089201
v -1.854393 -1.882207 2.089201
v 2.072575 -1.882205 2.089201
v 2.072573 2.047322 2.089201
v 2.121406 -1.940056 2.131253
v 2.121404 2.105173 2.131253
v -1.903226 2.105170 2.131253
v -1.903224 -1.940058 2.131253
v -1.903226 2.105170 2.236997
v -1.903224 -1.940058 2.236997
v 2.121406 -1.940056 2.236997
v 2.121405 2.105173 2.236997
v 2.067263 -1.883141 2.296351
v 2.067262 2.048258 2.296353
v -1.849083 2.048254 2.296352
v -1.849081 -1.883143 2.296353
v 0.806059 -1.721834 0.259412
v 0.889575 -1.721833 0.259412
v 0.889575 -1.721833 1.690361
v 0.806059 -1.721833 1.690176
v 0.885274 -1.721835 1.887372
v 0.953161 -1.721835 1.823769
v 1.145640 -1.721835 1.882838
v 1.145546 -1.721835 1.986342
v 1.408404 -1.721835 1.881747
v 1.336642 -1.721834 1.824803
v 1.405154 -1.721835 1.694131
v 1.484616 -1.721835 1.694131
v 1.484616 -1.639619 1.694131
v 1.405154 -1.721835 0.259412
v 1.484616 -1.721835 0.259412
v 1.496761 -1.639618 0.154173
v 0.775032 -1.639618 0.154173
v 0.775031 -1.837458 0.154173
v 1.496761 -1.837458 0.154173
v 1.496761 -1.639618 0.259412
v 0.775032 -1.639618 0.259412
v 0.775032 -1.837458 0.259412
v 1.496762 -1.837458 0.259412
v 1.637983 -2.014107 0.154173
v 0.633810 -2.014107 0.154173
v 0.633810 -1.639618 0.154173
v 1.637983 -1.639618 0.154173
v 1.637983 -2.014107 0.000127
v 0.633810 -2.014107 0.000127
v 0.633811 -1.639618 0.000127
v 1.637983 -1.639618 0.000127
v 0.806060 -1.639619 1.690176
v 0.806060 -1.639619 0.259412
v 1.484616 -1.639619 0.259412
v 1.408404 -1.639619 1.881747
v 1.158155 -1.639619 1.979646
v 1.708438 -1.639619 2.089201
v 0.885274 -1.639619 1.887372
v 0.556698 -2.674562 2.236997
v -0.938981 -2.674563 2.236997
v -0.938982 -1.937445 2.236997
v 0.556697 -1.937443 2.236997
v -0.938982 -1.907068 2.131253
v 0.556697 -1.907066 2.131253
v 0.556698 -2.674562 2.131253
v -0.938981 -2.674563 2.131253
v -2.674093 0.774501 2.236997
v -2.674093 -0.728101 2.236997
v -1.903224 -0.728100 2.236997
v -1.903224 0.774502 2.236997
v -1.708438 -0.728100 2.131253
v -1.708438 0.774502 2.131253
v -2.674093 0.774501 2.131253
v -2.674093 -0.728101 2.131253
v 0.889575 -1.639619 0.259412
v 0.889575 -1.639619 1.690361
v 0.953161 -1.639619 1.823769
v 1.145640 -1.639619 1.882838
v 1.405154 -1.639619 1.694131
v -1.703614 1.859254 2.296351
v -1.703613 -1.724440 2.296351
v 1.931443 -1.724438 2.296351
v 1.931441 1.859256 2.296351
v 1.336642 -1.639619 1.824803
v 1.405154 -1.639619 0.259412
v 0.850461 -1.639619 0.259412
v 0.850461 -1.639619 1.709108
v 0.921205 -1.639619 1.851215
v 1.145522 -1.639619 1.904107
v 1.368137 -1.639619 1.852263
v 1.444558 -1.639619 1.712928
v 1.444558 -1.639619 0.259412
v 0.850461 -1.321655 1.709108
v 0.850461 -1.321655 0.259412
v 0.921205 -1.321655 1.851215
v 1.145522 -1.321655 1.904107
v 1.368137 -1.321655 1.852263
v 1.444557 -1.321655 1.712928
v 1.444558 -1.321655 0.259412
v 0.534189 -1.743130 4.079118
v -0.896463 -1.743131 4.079118
v -1.716489 0.761688 4.079118
v -1.716489 -0.680799 4.079118
v -1.542773 1.750279 4.225765
v -1.542771 -1.513215 4.225765
v 1.759215 -1.513213 4.225765
v 1.759213 1.750281 4.225765
v 1.931441 1.859255 4.029468
v 1.931443 -1.724440 4.029467
v 1.931443 -1.724438 2.296351
v 1.931441 1.859256 2.296351
v 0.513524 -1.724438 2.296351
v 0.513524 -1.724440 4.029467
v 0.513525 -2.646323 4.029466
v 0.513525 -2.646321 2.296351
v 0.513525 -2.646323 4.029466
v 0.513525 -2.646321 2.296351
v -0.895807 -2.646323 4.029465
v -0.895807 -2.646323 2.296351
v -0.895808 -1.724439 2.296351
v -0.895807 -2.646323 4.029465
v -0.895807 -2.646323 2.296351
v -0.895808 -1.724441 4.029466
v -1.703613 -1.724442 4.029466
v -0.895808 -1.724439 2.296351
v -0.895808 -1.724441 4.029466
v -1.703613 -1.724440 2.296351
v -1.703613 -1.724442 4.029466
v -1.703613 -0.687296 2.296351
v -1.703614 -0.687296 4.029466
v -1.703613 -1.724440 2.296351
v -1.703613 -0.687296 2.296351
v -2.647003 -0.687296 4.029466
v -2.647003 -0.687296 2.296353
v -1.703614 -0.687296 4.029466
v -2.647003 0.733695 4.029469
v -2.647003 0.733695 2.296353
v -2.647003 -0.687296 4.029466
v -2.647003 -0.687296 2.296353
v 0.885506 -1.321655 1.360795
v 0.885506 -1.355603 1.360795
v 0.885506 -1.355603 1.360795
v 0.885506 -1.355603 0.259412
v 1.404153 -1.355603 1.364615
v 1.404153 -1.355603 1.364615
v 1.404153 -1.355603 0.259412
v 1.404153 -1.321655 1.364615
v 1.361839 -1.355603 1.313820
v 1.361839 -1.355603 1.313820
v 0.927821 -1.355603 1.310176
v 0.927821 -1.355603 1.310176
v 1.361839 -1.355603 0.259412
v 0.927821 -1.355603 0.259412
v 0.927821 -1.338607 0.259412
v 0.927821 -1.338607 1.310176
v 0.927821 -1.338607 1.310176
v 1.361839 -1.338607 1.313820
v 1.361839 -1.338607 1.313820
v 1.361839 -1.338607 0.259412
v 1.209221 -1.338607 0.763101
v 1.209221 -1.357388 0.763101
v 1.209221 -1.357388 0.763101
v 1.209221 -1.357388 0.739664
v 1.209221 -1.357388 0.739664
v 1.209221 -1.338607 0.739664
v 1.326224 -1.338607 0.739664
v 1.326224 -1.357388 0.739664
v 1.326224 -1.357388 0.739664
v 1.326224 -1.357388 0.763183
v 1.326224 -1.357388 0.763183
v 1.326224 -1.338607 0.763183
v 0.927821 -1.352568 1.130871
v 1.361839 -1.352568 1.131141
v 0.927821 -1.352568 1.052821
v 1.361839 -1.352568 1.052821
v 1.361839 -1.352568 0.436844
v 0.927821 -1.352568 0.436844
v 1.361839 -1.352568 0.515164
v 0.927821 -1.352568 0.514893
v -0.452561 -1.668745 0.737366
v -0.452561 -1.668745 1.421734
v -0.409761 -1.668745 0.737473
v -0.409761 -1.668745 1.421841
v -0.409761 -1.668745 1.421841
v -0.409761 -1.648896 0.737473
v -0.409761 -1.648897 1.421842
v -0.409761 -1.648897 1.421842
v -0.354403 -1.648896 1.515264
v -0.354403 -1.648896 1.515264
v -0.354403 -1.668746 1.515264
v -0.354403 -1.668746 1.515264
v -0.388171 -1.668746 1.535974
v -0.388171 -1.668746 1.535974
v -0.388171 -1.638671 1.535974
v -0.176606 -1.668746 1.593309
v -0.176606 -1.668746 1.593309
v -0.176530 -1.668746 1.559605
v -0.176530 -1.648897 1.559605
v -0.000006 -1.648897 1.515863
v -0.000006 -1.648897 1.515863
v -0.000006 -1.668746 1.515863
v -0.000006 -1.668746 1.515863
v 0.037060 -1.668746 1.532715
v 0.037060 -1.668746 1.532715
v -0.176606 -1.638671 1.593309
v 0.037060 -1.638671 1.532715
v 0.099010 -1.668746 1.424026
v 0.056209 -1.668746 1.424026
v 0.056209 -1.668746 1.424026
v 0.056209 -1.648897 1.424026
v 0.056209 -1.648897 1.424026
v 0.056209 -1.648897 0.742882
v 0.056209 -1.668746 0.742882
v 0.099010 -1.668746 0.742882
v 0.116477 -1.713555 0.715777
v 0.116477 -1.713555 0.715777
v 0.116477 -1.713555 0.742882
v 0.116477 -1.713555 0.742882
v -0.477783 -1.713555 0.715777
v -0.477783 -1.713555 0.715777
v -0.477783 -1.713555 0.742882
v -0.477783 -1.713555 0.742882
v 0.116477 -1.638671 0.715777
v -0.477783 -1.638671 0.715777
v 0.116477 -1.638671 0.742882
v -0.477783 -1.638671 0.742882
v -0.409761 -1.660544 0.978812
v 0.056209 -1.660544 0.978812
v -0.409761 -1.660544 0.956747
v 0.056209 -1.660544 0.956747
v -0.409761 -1.660544 1.209507
v 0.056209 -1.660544 1.209507
v -0.409761 -1.660544 1.187443
v 0.056209 -1.660544 1.187443
v -1.481519 -1.668745 0.737366
v -1.481519 -1.668745 1.421734
v -1.438718 -1.668745 0.737473
v -1.438718 -1.668745 1.421841
v -1.438718 -1.668745 1.421841
v -1.438718 -1.648896 0.737473
v -1.438718 -1.648897 1.421842
v -1.438718 -1.648897 1.421842
v -1.383361 -1.648896 1.515264
v -1.383361 -1.648896 1.515264
v -1.383361 -1.668746 1.515264
v -1.383361 -1.668746 1.515264
v -1.417129 -1.668746 1.535974
v -1.417129 -1.668746 1.535974
v -1.417129 -1.638671 1.535974
v -1.205564 -1.668746 1.593309
v -1.205564 -1.668746 1.593309
v -1.205487 -1.668746 1.559605
v -1.205487 -1.648897 1.559605
v -1.028964 -1.648897 1.515863
v -1.028964 -1.648897 1.515863
v -1.028964 -1.668746 1.515863
v -1.028964 -1.668746 1.515863
v -0.991897 -1.668746 1.532715
v -0.991897 -1.668746 1.532715
v -1.205564 -1.638671 1.593309
v -0.991897 -1.638671 1.532715
v -0.929948 -1.668746 1.424026
v -0.972748 -1.668746 1.424026
v -0.972748 -1.668746 1.424026
v -0.972748 -1.648897 1.424026
v -0.972748 -1.648897 1.424026
v -0.972748 -1.648897 0.742882
v -0.972748 -1.668746 0.742882
v -0.929948 -1.668746 0.742882
v -0.912481 -1.713555 0.715777
v -0.912481 -1.713555 0.715777
v -0.912481 -1.713555 0.742882
v -0.912481 -1.713555 0.742882
v -1.506740 -1.713555 0.715777
v -1.506740 -1.713555 0.715777
v -1.506740 -1.713555 0.742882
v -1.506740 -1.713555 0.742882
v -0.912481 -1.638671 0.715777
v -1.506740 -1.638671 0.715777
v -0.912481 -1.638671 0.742882
v -1.506740 -1.638671 0.742882
v -1.438718 -1.660544 0.978812
v -0.972748 -1.660544 0.978812
v -1.438718 -1.660544 0.956747
v -0.972748 -1.660544 0.956747
v -1.438718 -1.660544 1.209507
v -0.972748 -1.660544 1.209507
v -1.438718 -1.660544 1.187443
v -0.972748 -1.660544 1.187443
v -1.737990 -0.763901 0.737365
v -1.737990 -0.763901 1.421734
v -1.737990 -0.806701 0.737472
v -1.737990 -0.806702 1.421841
v -1.737990 -0.806702 1.421841
v -1.718142 -0.806701 0.737472
v -1.718142 -0.806701 1.421842
v -1.718142 -0.806701 1.421842
v -1.718142 -0.862059 1.515264
v -1.718142 -0.862059 1.515264
v -1.737991 -0.862059 1.515264
v -1.737991 -0.862059 1.515264
v -1.737991 -0.828291 1.535974
v -1.737991 -0.828291 1.535974
v -1.707916 -0.828291 1.535974
v -1.737991 -1.039856 1.593309
v -1.737991 -1.039856 1.593309
v -1.737991 -1.039932 1.559605
v -1.718142 -1.039932 1.559605
v -1.718142 -1.216456 1.515863
v -1.718142 -1.216456 1.515863
v -1.737991 -1.216456 1.515863
v -1.737991 -1.216456 1.515863
v -1.737991 -1.253523 1.532715
v -1.737991 -1.253523 1.532715
v -1.707916 -1.039856 1.593309
v -1.707916 -1.253523 1.532715
v -1.737991 -1.315472 1.424026
v -1.737991 -1.272672 1.424026
v -1.737991 -1.272672 1.424026
v -1.718142 -1.272672 1.424026
v -1.718142 -1.272672 1.424026
v -1.718142 -1.272672 0.742882
v -1.737991 -1.272672 0.742882
v -1.737991 -1.315472 0.742882
v -1.782800 -1.332939 0.715776
v -1.782800 -1.332939 0.715776
v -1.782800 -1.332939 0.742882
v -1.782800 -1.332939 0.742882
v -1.782800 -0.738680 0.715776
v -1.782800 -0.738680 0.715776
v -1.782801 -0.738680 0.742882
v -1.782801 -0.738680 0.742882
v -1.707916 -1.332939 0.715776
v -1.707916 -0.738680 0.715776
v -1.707916 -1.332939 0.742882
v -1.707916 -0.738680 0.742882
v -1.729789 -0.806701 0.978812
v -1.729789 -1.272672 0.978812
v -1.729789 -0.806701 0.956747
v -1.729789 -1.272672 0.956747
v -1.729789 -0.806701 1.209507
v -1.729789 -1.272672 1.209507
v -1.729789 -0.806701 1.187443
v -1.729789 -1.272672 1.187443
v -1.737990 1.500707 0.737365
v -1.737990 1.500707 1.421734
v -1.737990 1.457907 0.737472
v -1.737990 1.457907 1.421841
v -1.737990 1.457907 1.421841
v -1.718142 1.457907 0.737472
v -1.718142 1.457907 1.421841
v -1.718142 1.457907 1.421841
v -1.718142 1.402549 1.515264
v -1.718142 1.402549 1.515264
v -1.737991 1.402549 1.515264
v -1.737991 1.402549 1.515264
v -1.737991 1.436317 1.535974
v -1.737991 1.436317 1.535974
v -1.707916 1.436317 1.535974
v -1.737991 1.224752 1.593309
v -1.737991 1.224752 1.593309
v -1.737991 1.224676 1.559605
v -1.718142 1.224676 1.559605
v -1.718142 1.048152 1.515863
v -1.718142 1.048152 1.515863
v -1.737991 1.048152 1.515863
v -1.737991 1.048152 1.515863
v -1.737991 1.011086 1.532715
v -1.737991 1.011086 1.532715
v -1.707916 1.224752 1.593309
v -1.707916 1.011086 1.532715
v -1.737991 0.949136 1.424026
v -1.737991 0.991937 1.424026
v -1.737991 0.991937 1.424026
v -1.718142 0.991937 1.424026
v -1.718142 0.991937 1.424026
v -1.718142 0.991936 0.742882
v -1.737991 0.991936 0.742882
v -1.737991 0.949136 0.742882
v -1.782800 0.931669 0.715776
v -1.782800 0.931669 0.715776
v -1.782800 0.931669 0.742881
v -1.782800 0.931669 0.742881
v -1.782800 1.525929 0.715776
v -1.782800 1.525929 0.715776
v -1.782801 1.525928 0.742882
v -1.782801 1.525928 0.742882
v -1.707916 0.931669 0.715776
v -1.707916 1.525928 0.715776
v -1.707916 0.931669 0.742882
v -1.707916 1.525928 0.742882
v -1.729789 1.457907 0.978812
v -1.729789 0.991936 0.978812
v -1.729789 1.457907 0.956747
v -1.729789 0.991936 0.956747
v -1.729789 1.457907 1.209507
v -1.729789 0.991937 1.209507
v -1.729789 1.457907 1.187443
v -1.729789 0.991937 1.187443
v -1.737990 0.309193 0.737365
v -1.737990 0.309193 1.421734
v -1.737990 0.266392 0.737472
v -1.737990 0.266392 1.421841
v -1.737990 0.266392 1.421841
v -1.718142 0.266392 0.737472
v -1.718142 0.266392 1.421841
v -1.718142 0.266392 1.421841
v -1.718142 0.211035 1.515264
v -1.718142 0.211035 1.515264
v -1.737991 0.211035 1.515264
v -1.737991 0.211035 1.515264
v -1.737991 0.244803 1.535974
v -1.737991 0.244803 1.535974
v -1.707916 0.244803 1.535974
v -1.737991 0.033238 1.593309
v -1.737991 0.033238 1.593309
v -1.737991 0.033161 1.559605
v -1.718142 0.033161 1.559605
v -1.718142 -0.143362 1.515863
v -1.718142 -0.143362 1.515863
v -1.737991 -0.143362 1.515863
v -1.737991 -0.143362 1.515863
v -1.737991 -0.180429 1.532715
v -1.737991 -0.180429 1.532715
v -1.707916 0.033238 1.593309
v -1.707916 -0.180429 1.532715
v -1.737991 -0.242379 1.424026
v -1.737991 -0.199578 1.424026
v -1.737991 -0.199578 1.424026
v -1.718142 -0.199578 1.424026
v -1.718142 -0.199578 1.424026
v -1.718142 -0.199578 0.742882
v -1.737991 -0.199578 0.742882
v -1.737991 -0.242379 0.742882
v -1.782800 -0.259845 0.715776
v -1.782800 -0.259845 0.715776
v -1.782800 -0.259846 0.742881
v -1.782800 -0.259846 0.742881
v -1.782800 0.334414 0.715776
v -1.782800 0.334414 0.715776
v -1.782801 0.334414 0.742882
v -1.782801 0.334414 0.742882
v -1.707916 -0.259846 0.715776
v -1.707916 0.334414 0.715776
v -1.707916 -0.259846 0.742882
v -1.707916 0.334414 0.742882
v -1.729789 0.266392 0.978812
v -1.729789 -0.199578 0.978812
v -1.729789 0.266392 0.956747
v -1.729789 -0.199578 0.956747
v -1.729789 0.266392 1.209507
v -1.729789 -0.199578 1.209507
v -1.729789 0.266392 1.187443
v -1.729789 -0.199578 1.187443
v -2.677563 0.330092 2.267942
v -2.677563 0.330092 2.952311
v -2.677563 0.287292 2.268049
v -2.677563 0.287292 2.952418
v -2.677563 0.287292 2.952418
v -2.657715 0.287292 2.268049
v -2.657715 0.287292 2.952418
v -2.657715 0.287292 2.952418
v -2.657715 0.231934 3.045840
v -2.657715 0.231934 3.045840
v -2.677564 0.231934 3.045840
v -2.677564 0.231934 3.045840
v -2.677565 0.265702 3.066550
v -2.677565 0.265702 3.066550
v -2.647490 0.265702 3.066550
v -2.677565 0.054137 3.123885
v -2.677565 0.054137 3.123885
v -2.677564 0.054061 3.090181
v -2.657715 0.054061 3.090181
v -2.657715 -0.122463 3.046440
v -2.657715 -0.122463 3.046440
v -2.677564 -0.122463 3.046439
v -2.677564 -0.122463 3.046439
v -2.677564 -0.159529 3.063292
v -2.677564 -0.159529 3.063292
v -2.647490 0.054137 3.123885
v -2.647490 -0.159529 3.063292
v -2.677564 -0.221479 2.954602
v -2.677564 -0.178678 2.954602
v -2.677564 -0.178678 2.954602
v -2.657715 -0.178678 2.954602
v -2.657715 -0.178678 2.954602
v -2.657715 -0.178678 2.273458
v -2.677564 -0.178678 2.273458
v -2.677564 -0.221479 2.273458
v -2.722374 -0.238946 2.246353
v -2.722374 -0.238946 2.246353
v -2.722374 -0.238946 2.273458
v -2.722374 -0.238946 2.273458
v -2.722374 0.355314 2.246353
v -2.722374 0.355314 2.246353
v -2.722374 0.355314 2.273458
v -2.722374 0.355314 2.273458
v -2.647490 -0.238946 2.246353
v -2.647490 0.355314 2.246353
v -2.647490 -0.238946 2.273458
v -2.647490 0.355314 2.273458
v -2.669362 0.287292 2.509388
v -2.669362 -0.178678 2.509388
v -2.669362 0.287292 2.487324
v -2.669362 -0.178678 2.487324
v -2.669362 0.287292 2.740084
v -2.669362 -0.178678 2.740084
v -2.669362 0.287292 2.718019
v -2.669362 -0.178678 2.718019
v -0.925500 -1.863227 2.267942
v -0.925500 -1.863227 2.952311
v -0.925500 -1.906027 2.268049
v -0.925500 -1.906027 2.952418
v -0.925500 -1.906027 2.952418
v -0.905652 -1.906027 2.268049
v -0.905652 -1.906027 2.952418
v -0.905652 -1.906027 2.952418
v -0.905652 -1.961385 3.045841
v -0.905652 -1.961385 3.045841
v -0.925501 -1.961385 3.045840
v -0.925501 -1.961385 3.045840
v -0.925501 -1.927617 3.066550
v -0.925501 -1.927617 3.066550
v -0.895427 -1.927617 3.066550
v -0.925501 -2.139182 3.123886
v -0.925501 -2.139182 3.123886
v -0.925501 -2.139258 3.090181
v -0.905652 -2.139258 3.090181
v -0.905652 -2.315782 3.046440
v -0.905652 -2.315782 3.046440
v -0.925501 -2.315782 3.046440
v -0.925501 -2.315782 3.046440
v -0.925501 -2.352848 3.063292
v -0.925501 -2.352848 3.063292
v -0.895427 -2.139181 3.123886
v -0.895427 -2.352848 3.063292
v -0.925501 -2.414798 2.954602
v -0.925501 -2.371997 2.954602
v -0.925501 -2.371997 2.954602
v -0.905652 -2.371997 2.954602
v -0.905652 -2.371997 2.954602
v -0.905652 -2.371997 2.273458
v -0.925501 -2.371997 2.273458
v -0.925501 -2.414798 2.273458
v -0.970311 -2.432265 2.246353
v -0.970311 -2.432265 2.246353
v -0.970311 -2.432265 2.273458
v -0.970311 -2.432265 2.273458
v -0.970310 -1.838005 2.246353
v -0.970310 -1.838005 2.246353
v -0.970311 -1.838005 2.273459
v -0.970311 -1.838005 2.273459
v -0.895427 -2.432265 2.246353
v -0.895427 -1.838005 2.246353
v -0.895427 -2.432265 2.273458
v -0.895427 -1.838005 2.273458
v -0.917299 -1.906027 2.509388
v -0.917299 -2.371997 2.509388
v -0.917299 -1.906027 2.487324
v -0.917299 -2.371997 2.487324
v -0.917299 -1.906027 2.740084
v -0.917299 -2.371997 2.740084
v -0.917299 -1.906027 2.718019
v -0.917299 -2.371997 2.718019
v 0.544327 -2.433993 2.267942
v 0.544328 -2.433992 2.952311
v 0.544327 -2.391192 2.268049
v 0.544328 -2.391192 2.952418
v 0.544328 -2.391192 2.952418
v 0.524479 -2.391192 2.268049
v 0.524479 -2.391192 2.952418
v 0.524479 -2.391192 2.952418
v 0.524479 -2.335834 3.045841
v 0.524479 -2.335834 3.045841
v 0.544329 -2.335834 3.045840
v 0.544329 -2.335834 3.045840
v 0.544329 -2.369602 3.066550
v 0.544329 -2.369602 3.066550
v 0.514254 -2.369602 3.066550
v 0.544329 -2.158037 3.123886
v 0.544329 -2.158037 3.123886
v 0.544329 -2.157961 3.090181
v 0.524479 -2.157961 3.090181
v 0.524479 -1.981437 3.046440
v 0.524479 -1.981437 3.046440
v 0.544329 -1.981437 3.046439
v 0.544329 -1.981437 3.046439
v 0.544329 -1.944371 3.063292
v 0.544329 -1.944371 3.063292
v 0.514254 -2.158037 3.123886
v 0.514254 -1.944371 3.063292
v 0.544328 -1.882421 2.954602
v 0.544329 -1.925222 2.954602
v 0.544329 -1.925222 2.954602
v 0.524479 -1.925222 2.954602
v 0.524479 -1.925222 2.954602
v 0.524479 -1.925222 2.273458
v 0.544328 -1.925222 2.273458
v 0.544328 -1.882421 2.273458
v 0.589138 -1.864954 2.246353
v 0.589138 -1.864954 2.246353
v 0.589138 -1.864954 2.273458
v 0.589138 -1.864954 2.273458
v 0.589138 -2.459214 2.246353
v 0.589138 -2.459214 2.246353
v 0.589138 -2.459214 2.273458
v 0.589138 -2.459214 2.273458
v 0.514254 -1.864954 2.246353
v 0.514254 -2.459214 2.246353
v 0.514254 -1.864954 2.273458
v 0.514254 -2.459214 2.273458
v 0.536126 -2.391192 2.509388
v 0.536126 -1.925222 2.509388
v 0.536126 -2.391192 2.487324
v 0.536127 -1.925222 2.487324
v 0.536127 -2.391192 2.740084
v 0.536126 -1.925222 2.740084
v 0.536127 -2.391192 2.718019
v 0.536126 -1.925222 2.718019
v -0.480959 -2.675364 2.267942
v -0.480959 -2.675364 2.952311
v -0.438159 -2.675364 2.268049
v -0.438159 -2.675364 2.952418
v -0.438159 -2.675364 2.952418
v -0.438159 -2.655516 2.268049
v -0.438159 -2.655516 2.952418
v -0.438159 -2.655516 2.952418
v -0.382801 -2.655516 3.045841
v -0.382801 -2.655516 3.045841
v -0.382801 -2.675365 3.045840
v -0.382801 -2.675365 3.045840
v -0.416569 -2.675366 3.066550
v -0.416569 -2.675366 3.066550
v -0.416569 -2.645291 3.066550
v -0.205004 -2.675365 3.123886
v -0.205004 -2.675365 3.123886
v -0.204928 -2.675365 3.090181
v -0.204928 -2.655516 3.090181
v -0.028404 -2.655516 3.046440
v -0.028404 -2.655516 3.046440
v -0.028404 -2.675365 3.046440
v -0.028404 -2.675365 3.046440
v 0.008662 -2.675365 3.063292
v 0.008662 -2.675365 3.063292
v -0.205004 -2.645291 3.123886
v 0.008662 -2.645291 3.063292
v 0.070612 -2.675365 2.954602
v 0.027812 -2.675365 2.954602
v 0.027812 -2.675365 2.954602
v 0.027812 -2.655516 2.954602
v 0.027812 -2.655516 2.954602
v 0.027812 -2.655516 2.273458
v 0.027812 -2.675365 2.273458
v 0.070612 -2.675365 2.273458
v 0.088079 -2.720175 2.246353
v 0.088079 -2.720175 2.246353
v 0.088079 -2.720175 2.273458
v 0.088079 -2.720175 2.273458
v -0.506181 -2.720175 2.246353
v -0.506181 -2.720175 2.246353
v -0.506180 -2.720175 2.273458
v -0.506180 -2.720175 2.273458
v 0.088079 -2.645291 2.246353
v -0.506180 -2.645291 2.246353
v 0.088079 -2.645291 2.273458
v -0.506180 -2.645291 2.273458
v -0.438159 -2.667163 2.509388
v 0.027812 -2.667163 2.509388
v -0.438159 -2.667163 2.487324
v 0.027812 -2.667163 2.487324
v -0.438159 -2.667163 2.740084
v 0.027812 -2.667163 2.740084
v -0.438159 -2.667163 2.718019
v 0.027812 -2.667163 2.718019
v -2.434172 -0.715861 2.267942
v -2.434172 -0.715861 2.952311
v -2.391371 -0.715860 2.268049
v -2.391371 -0.715861 2.952418
v -2.391371 -0.715861 2.952418
v -2.391371 -0.696012 2.268049
v -2.391371 -0.696012 2.952418
v -2.391371 -0.696012 2.952418
v -2.336014 -0.696012 3.045840
v -2.336014 -0.696012 3.045840
v -2.336014 -0.715862 3.045840
v -2.336014 -0.715862 3.045840
v -2.369781 -0.715862 3.066550
v -2.369781 -0.715862 3.066550
v -2.369781 -0.685787 3.066550
v -2.158217 -0.715862 3.123885
v -2.158217 -0.715862 3.123885
v -2.158140 -0.715862 3.090181
v -2.158140 -0.696012 3.090181
v -1.981616 -0.696012 3.046440
v -1.981616 -0.696012 3.046440
v -1.981616 -0.715862 3.046439
v -1.981616 -0.715862 3.046439
v -1.944550 -0.715862 3.063292
v -1.944550 -0.715862 3.063292
v -2.158217 -0.685787 3.123885
v -1.944550 -0.685787 3.063292
v -1.882600 -0.715862 2.954602
v -1.925401 -0.715862 2.954602
v -1.925401 -0.715862 2.954602
v -1.925401 -0.696012 2.954602
v -1.925401 -0.696012 2.954602
v -1.925401 -0.696013 2.273458
v -1.925401 -0.715862 2.273458
v -1.882600 -0.715862 2.273458
v -1.865133 -0.760671 2.246353
v -1.865133 -0.760671 2.246353
v -1.865133 -0.760671 2.273458
v -1.865133 -0.760671 2.273458
v -2.459393 -0.760671 2.246353
v -2.459393 -0.760671 2.246353
v -2.459393 -0.760671 2.273458
v -2.459393 -0.760671 2.273458
v -1.865133 -0.685787 2.246353
v -2.459393 -0.685787 2.246353
v -1.865133 -0.685787 2.273458
v -2.459393 -0.685787 2.273458
v -2.391371 -0.707659 2.509388
v -1.925401 -0.707660 2.509388
v -2.391371 -0.707659 2.487324
v -1.925401 -0.707660 2.487324
v -2.391371 -0.707659 2.740084
v -1.925401 -0.707659 2.740084
v -2.391371 -0.707659 2.718019
v -1.925401 -0.707659 2.718019
v -1.890354 0.760207 2.267942
v -1.890354 0.760207 2.952311
v -1.933155 0.760207 2.268049
v -1.933155 0.760207 2.952418
v -1.933155 0.760207 2.952418
v -1.933155 0.740359 2.268049
v -1.933155 0.740359 2.952418
v -1.933155 0.740359 2.952418
v -1.988512 0.740359 3.045840
v -1.988512 0.740359 3.045840
v -1.988512 0.760208 3.045840
v -1.988512 0.760208 3.045840
v -1.954744 0.760209 3.066550
v -1.954744 0.760209 3.066550
v -1.954744 0.730133 3.066550
v -2.166309 0.760208 3.123885
v -2.166309 0.760208 3.123885
v -2.166386 0.760208 3.090181
v -2.166386 0.740359 3.090181
v -2.342909 0.740359 3.046440
v -2.342909 0.740359 3.046440
v -2.342909 0.760208 3.046439
v -2.342909 0.760208 3.046439
v -2.379976 0.760208 3.063292
v -2.379976 0.760208 3.063292
v -2.166309 0.730133 3.123885
v -2.379976 0.730134 3.063292
v -2.441926 0.760208 2.954602
v -2.399125 0.760208 2.954602
v -2.399125 0.760208 2.954602
v -2.399125 0.740359 2.954602
v -2.399125 0.740359 2.954602
v -2.399125 0.740359 2.273458
v -2.399125 0.760208 2.273458
v -2.441926 0.760208 2.273458
v -2.459393 0.805018 2.246353
v -2.459393 0.805018 2.246353
v -2.459393 0.805018 2.273458
v -2.459393 0.805018 2.273458
v -1.865133 0.805018 2.246353
v -1.865133 0.805018 2.246353
v -1.865133 0.805018 2.273458
v -1.865133 0.805018 2.273458
v -2.459393 0.730133 2.246353
v -1.865133 0.730134 2.246353
v -2.459393 0.730133 2.273458
v -1.865133 0.730134 2.273458
v -1.933155 0.752006 2.509388
v -2.399125 0.752006 2.509388
v -1.933155 0.752006 2.487324
v -2.399125 0.752006 2.487324
v -1.933155 0.752006 2.740084
v -2.399125 0.752006 2.740084
v -1.933155 0.752006 2.718019
v -2.399125 0.752006 2.718019
v -0.633182 1.889329 2.267942
v -0.633182 1.889329 2.952311
v -0.675983 1.889329 2.268049
v -0.675983 1.889329 2.952418
v -0.675983 1.889329 2.952418
v -0.675983 1.869481 2.268049
v -0.675983 1.869481 2.952418
v -0.675983 1.869481 2.952418
v -0.731340 1.869481 3.045840
v -0.731340 1.869481 3.045840
v -0.731340 1.889330 3.045840
v -0.731340 1.889330 3.045840
v -0.697573 1.889330 3.066550
v -0.697573 1.889330 3.066550
v -0.697573 1.859256 3.066550
v -0.909137 1.889330 3.123885
v -0.909137 1.889330 3.123885
v -0.909214 1.889330 3.090181
v -0.909214 1.869481 3.090181
v -1.085737 1.869481 3.046440
v -1.085737 1.869481 3.046440
v -1.085737 1.889330 3.046439
v -1.085737 1.889330 3.046439
v -1.122804 1.889330 3.063292
v -1.122804 1.889330 3.063292
v -0.909137 1.859256 3.123885
v -1.122804 1.859256 3.063292
v -1.184754 1.889330 2.954602
v -1.141953 1.889330 2.954602
v -1.141953 1.889330 2.954602
v -1.141953 1.869481 2.954602
v -1.141953 1.869481 2.954602
v -1.141953 1.869481 2.273458
v -1.141953 1.889330 2.273458
v -1.184754 1.889330 2.273458
v -1.202221 1.934140 2.246353
v -1.202221 1.934140 2.246353
v -1.202221 1.934140 2.273458
v -1.202221 1.934140 2.273458
v -0.607961 1.934140 2.246353
v -0.607961 1.934140 2.246353
v -0.607961 1.934140 2.273458
v -0.607961 1.934140 2.273458
v -1.202221 1.859256 2.246353
v -0.607961 1.859256 2.246353
v -1.202221 1.859256 2.273458
v -0.607961 1.859256 2.273458
v -0.675983 1.881128 2.509388
v -1.141953 1.881128 2.509388
v -0.675983 1.881128 2.487324
v -1.141953 1.881128 2.487324
v -0.675983 1.881128 2.740084
v -1.141953 1.881128 2.740084
v -0.675983 1.881128 2.718019
v -1.141953 1.881128 2.718019
v 0.425919 1.889329 2.267942
v 0.425919 1.889329 2.952311
v 0.383118 1.889329 2.268049
v 0.383118 1.889329 2.952418
v 0.383118 1.889329 2.952418
v 0.383118 1.869481 2.268049
v 0.383118 1.869481 2.952418
v 0.383118 1.869481 2.952418
v 0.327761 1.869481 3.045840
v 0.327761 1.869481 3.045840
v 0.327761 1.889330 3.045840
v 0.327761 1.889330 3.045840
v 0.361529 1.889330 3.066550
v 0.361529 1.889330 3.066550
v 0.361529 1.859256 3.066550
v 0.149964 1.889330 3.123885
v 0.149964 1.889330 3.123885
v 0.149888 1.889330 3.090181
v 0.149888 1.869481 3.090181
v -0.026636 1.869481 3.046440
v -0.026636 1.869481 3.046440
v -0.026636 1.889330 3.046439
v -0.026636 1.889330 3.046439
v -0.063703 1.889330 3.063292
v -0.063703 1.889330 3.063292
v 0.149964 1.859256 3.123885
v -0.063703 1.859256 3.063292
v -0.125653 1.889330 2.954602
v -0.082852 1.889330 2.954602
v -0.082852 1.889330 2.954602
v -0.082852 1.869481 2.954602
v -0.082852 1.869481 2.954602
v -0.082852 1.869481 2.273458
v -0.082852 1.889330 2.273458
v -0.125653 1.889330 2.273458
v -0.143119 1.934139 2.246353
v -0.143119 1.934139 2.246353
v -0.143120 1.934139 2.273458
v -0.143120 1.934139 2.273458
v 0.451140 1.934139 2.246353
v 0.451140 1.934139 2.246353
v 0.451140 1.934139 2.273458
v 0.451140 1.934139 2.273458
v -0.143119 1.859256 2.246353
v 0.451140 1.859256 2.246353
v -0.143120 1.859256 2.273458
v 0.451140 1.859256 2.273458
v 0.383118 1.881128 2.509388
v -0.082852 1.881128 2.509388
v 0.383118 1.881128 2.487324
v -0.082852 1.881128 2.487324
v 0.383118 1.881128 2.740084
v -0.082852 1.881128 2.740084
v 0.383118 1.881128 2.718019
v -0.082852 1.881128 2.718019
v 1.410821 1.889329 2.267942
v 1.410821 1.889329 2.952311
v 1.368021 1.889329 2.268049
v 1.368021 1.889329 2.952418
v 1.368021 1.889329 2.952418
v 1.368021 1.869481 2.268049
v 1.368021 1.869481 2.952418
v 1.368021 1.869481 2.952418
v 1.312663 1.869480 3.045840
v 1.312663 1.869480 3.045840
v 1.312663 1.889330 3.045840
v 1.312663 1.889330 3.045840
v 1.346431 1.889330 3.066550
v 1.346431 1.889330 3.066550
v 1.346431 1.859255 3.066550
v 1.134866 1.889330 3.123885
v 1.134866 1.889330 3.123885
v 1.134790 1.889330 3.090181
v 1.134790 1.869481 3.090181
v 0.958266 1.869481 3.046440
v 0.958266 1.869481 3.046440
v 0.958266 1.889330 3.046439
v 0.958266 1.889330 3.046439
v 0.921199 1.889330 3.063292
v 0.921199 1.889330 3.063292
v 1.134866 1.859256 3.123885
v 0.921199 1.859255 3.063292
v 0.859250 1.889330 2.954602
v 0.902050 1.889330 2.954602
v 0.902050 1.889330 2.954602
v 0.902050 1.869481 2.954602
v 0.902050 1.869481 2.954602
v 0.902050 1.869481 2.273458
v 0.902050 1.889330 2.273458
v 0.859250 1.889330 2.273458
v 0.841783 1.934139 2.246353
v 0.841783 1.934139 2.246353
v 0.841783 1.934139 2.273458
v 0.841783 1.934139 2.273458
v 1.436043 1.934139 2.246353
v 1.436043 1.934139 2.246353
v 1.436042 1.934139 2.273458
v 1.436042 1.934139 2.273458
v 0.841783 1.859255 2.246353
v 1.436042 1.859255 2.246353
v 0.841783 1.859255 2.273458
v 1.436042 1.859255 2.273458
v 1.368021 1.881128 2.509388
v 0.902050 1.881128 2.509388
v 1.368021 1.881128 2.487324
v 0.902050 1.881128 2.487324
v 1.368021 1.881128 2.740084
v 0.902050 1.881128 2.740084
v 1.368021 1.881128 2.718019
v 0.902050 1.881128 2.718019
v -1.707177 -0.420401 1.222074
v -1.820842 -0.420401 1.473779
v -1.707389 -0.420401 0.945269
v -1.923838 -0.420401 1.428760
v -1.707389 -0.578789 0.945269
v -1.923838 -0.578789 1.428760
v -1.707177 -0.578789 1.222074
v -1.820842 -0.578789 1.473779
v -2.063486 -0.578789 1.928027
v -2.063486 -0.420401 1.928027
v -2.166482 -0.578789 1.883007
v -2.166482 -0.420401 1.883007
v -2.212424 -0.420401 2.130049
v -2.350783 -0.420401 2.131555
v -2.350783 -0.578789 2.131555
v -2.212424 -0.578789 2.130049
v -2.212424 0.466772 2.130049
v -2.063486 0.466771 1.928027
v -2.350783 0.466771 2.131555
v -2.166482 0.466772 1.883007
v -2.350783 0.625159 2.131555
v -2.166482 0.625159 1.883007
v -2.212424 0.625159 2.130049
v -2.063486 0.625159 1.928027
v -1.923838 0.625159 1.428760
v -1.923838 0.466771 1.428760
v -1.820842 0.625159 1.473779
v -1.820842 0.466772 1.473779
v -1.707177 0.466771 1.222074
v -1.707389 0.466771 0.945269
v -1.707389 0.625159 0.945269
v -1.707177 0.625159 1.222074
v 0.253549 -1.641458 1.140766
v 0.253549 -1.793942 1.473779
v 0.253549 -1.638642 0.853666
v 0.253549 -1.896938 1.428760
v 0.411937 -1.638642 0.853666
v 0.411937 -1.896938 1.428760
v 0.411937 -1.641458 1.140766
v 0.411937 -1.793942 1.473779
v 0.411937 -2.036587 1.928027
v 0.253549 -2.036587 1.928027
v 0.411937 -2.139583 1.883007
v 0.253549 -2.139583 1.883007
v 0.253549 -2.185285 2.129728
v 0.253549 -2.323592 2.131162
v 0.411937 -2.323592 2.131162
v 0.411937 -2.185285 2.129728
v -0.604518 -2.185285 2.129728
v -0.604518 -2.036587 1.928027
v -0.604518 -2.323592 2.131162
v -0.604518 -2.139583 1.883008
v -0.762906 -2.323592 2.131162
v -0.762906 -2.139583 1.883007
v -0.762906 -2.185285 2.129728
v -0.762906 -2.036587 1.928027
v -0.762906 -1.896938 1.428760
v -0.604518 -1.896938 1.428760
v -0.762906 -1.793942 1.473779
v -0.604518 -1.793942 1.473779
v -0.604518 -1.641458 1.140766
v -0.604518 -1.638642 0.853666
v -0.762906 -1.638641 0.853666
v -0.762906 -1.641458 1.140766
v -1.703614 0.733696 2.296351
v -1.703614 0.733696 2.296351
v -1.703614 0.733694 4.029469
v -2.647003 0.733695 2.296353
v -2.647003 0.733695 2.296353
v 1.964327 1.894779 4.079118
v 1.964327 1.894779 4.079118
v 1.964327 1.894779 4.079118
v 1.964329 -1.743129 4.079118
v 1.964329 -1.743129 4.079118
v 1.964329 -1.743129 4.079118
v -1.703615 1.859254 4.029469
v -1.703615 1.859254 4.029469
v -1.716490 1.894776 4.079118
v -1.716490 1.894776 4.079118
v -1.716490 1.894776 4.079118
v -2.674150 0.761687 4.079172
v -2.674150 0.761687 4.079172
v -2.674150 0.761687 4.079172
v -2.674149 -0.680800 4.079170
v -2.674149 -0.680800 4.079170
v 0.534190 -2.678959 4.079169
v 0.534190 -2.678959 4.079169
v 0.534190 -2.678959 4.079169
v -0.896462 -2.678960 4.079169
v -0.896462 -2.678960 4.079169
v -0.896462 -2.678960 4.079169
v -0.843022 -2.587694 4.158429
v -0.843022 -2.587694 4.158429
v 0.501877 -2.587692 4.158430
v 0.501877 -2.587692 4.158430
v -0.843023 -1.807958 4.158430
v -0.843023 -1.807958 4.158430
v 0.501876 -1.807957 4.158431
v 0.501876 -1.807957 4.158431
v -2.584961 -0.630723 4.158430
v -2.584961 -0.630723 4.158430
v -1.804703 -0.630722 4.158430
v -1.804703 -0.630722 4.158430
v -2.584962 0.725302 4.158432
v -2.584962 0.725302 4.158432
v -1.804703 0.725302 4.158432
v -1.804703 0.725302 4.158432
v 1.708437 1.777708 0.000001
v 1.708436 1.777707 2.089201
v 1.708436 1.777707 2.089201
v -1.708438 1.777704 2.089201
v -1.708438 1.777704 2.089201
v -1.708439 1.777707 0.000001
v -1.708438 -1.639619 2.089201
v -1.708438 -1.639619 2.089201
v -1.708437 -1.639619 -0.000001
v -1.854395 2.047319 2.089201
v -1.854395 2.047319 2.089201
v -1.854393 -1.882207 2.089201
v -1.854393 -1.882207 2.089201
v 2.072575 -1.882205 2.089201
v 2.072575 -1.882205 2.089201
v 2.072573 2.047322 2.089201
v 2.072573 2.047322 2.089201
v 2.121404 2.105173 2.131253
v 2.121404 2.105173 2.131253
v 2.121404 2.105173 2.131253
v 2.121406 -1.940056 2.131253
v 2.121406 -1.940056 2.131253
v 2.121406 -1.940056 2.131253
v -1.903226 2.105170 2.131253
v -1.903226 2.105170 2.131253
v -1.903226 2.105170 2.131253
v -1.903224 -1.940058 2.131253
v -1.903224 -1.940058 2.131253
v -1.903224 -1.940058 2.131253
v -1.903224 -1.940058 2.236997
v -1.903224 -1.940058 2.236997
v -1.903224 -1.940058 2.236997
v -1.903226 2.105170 2.236997
v -1.903226 2.105170 2.236997
v -1.903226 2.105170 2.236997
v 2.121406 -1.940056 2.236997
v 2.121406 -1.940056 2.236997
v 2.121406 -1.940056 2.236997
v 2.121405 2.105173 2.236997
v 2.121405 2.105173 2.236997
v 2.121405 2.105173 2.236997
v 2.067262 2.048258 2.296353
v 2.067262 2.048258 2.296353
v 2.067263 -1.883141 2.296351
v 2.067263 -1.883141 2.296351
v -1.849083 2.048254 2.296352
v -1.849083 2.048254 2.296352
v -1.849081 -1.883143 2.296353
v -1.849081 -1.883143 2.296353
v 0.806059 -1.721834 0.259412
v 0.806059 -1.721833 1.690176
v 0.889575 -1.721833 0.259412
v 0.889575 -1.721833 1.690361
v 0.953161 -1.721835 1.823769
v 0.953161 -1.721835 1.823769
v 0.885274 -1.721835 1.887372
v 0.885274 -1.721835 1.887372
v 1.145546 -1.721835 1.986342
v 1.145546 -1.721835 1.986342
v 1.145640 -1.721835 1.882838
v 1.145640 -1.721835 1.882838
v 1.336642 -1.721834 1.824803
v 1.336642 -1.721834 1.824803
v 1.408404 -1.721835 1.881747
v 1.408404 -1.721835 1.881747
v 1.484616 -1.721835 1.694131
v 1.405154 -1.721835 1.694131
v 1.405154 -1.721835 0.259412
v 1.484616 -1.721835 0.259412
v 1.496761 -1.837458 0.154173
v 1.496762 -1.837458 0.259412
v 1.496762 -1.837458 0.259412
v 0.775031 -1.837458 0.154173
v 0.775032 -1.837458 0.259412
v 0.775032 -1.837458 0.259412
v 1.496761 -1.639618 0.259412
v 0.775032 -1.639618 0.259412
v 0.633810 -2.014107 0.154173
v 0.633810 -2.014107 0.154173
v 0.633810 -1.639618 0.154173
v 1.637983 -2.014107 0.154173
v 1.637983 -2.014107 0.154173
v 1.637983 -1.639618 0.154173
v 0.633810 -2.014107 0.000127
v 1.637983 -2.014107 0.000127
v 0.806060 -1.639619 1.690176
v 0.806060 -1.639619 0.259412
v 1.708438 -1.639619 2.089201
v 1.708438 -1.639619 2.089201
v 0.885274 -1.639619 1.887372
v 0.885274 -1.639619 1.887372
v -0.895807 -2.646323 2.296351
v -0.938981 -2.674563 2.236997
v -0.938981 -2.674563 2.236997
v 0.513525 -2.646321 2.296351
v 0.556698 -2.674562 2.236997
v 0.556698 -2.674562 2.236997
v -0.938982 -1.937445 2.236997
v 0.556697 -1.937443 2.236997
v 0.556698 -2.674562 2.131253
v 0.556698 -2.674562 2.131253
v 0.556697 -1.907066 2.131253
v -0.938982 -1.907068 2.131253
v -0.938981 -2.674563 2.131253
v -0.938981 -2.674563 2.131253
v -2.674093 0.774501 2.236997
v -2.674093 0.774501 2.236997
v -2.647003 -0.687296 2.296353
v -2.674093 -0.728101 2.236997
v -2.674093 -0.728101 2.236997
v -1.903224 -0.728100 2.236997
v -1.903224 0.774502 2.236997
v -1.708438 0.774502 2.131253
v -2.674093 0.774501 2.131253
v -2.674093 0.774501 2.131253
v -2.674093 -0.728101 2.131253
v -2.674093 -0.728101 2.131253
v -1.708438 -0.728100 2.131253
v -0.895807 -2.646323 4.029465
v 0.513525 -2.646323 4.029466
v -2.647003 -0.687296 4.029466
v -2.647003 0.733695 4.029469
v -1.703613 -1.724442 4.029466
v -1.716488 -1.743131 4.079118
v -1.716488 -1.743131 4.079118
v -1.716488 -1.743131 4.079118
v 1.931441 1.859255 4.029468
v 1.931441 1.859255 4.029468
v 1.931443 -1.724440 4.029467
v 0.889575 -1.639619 0.259412
v 0.889575 -1.639619 0.259412
v 0.889575 -1.639619 1.690361
v 0.953161 -1.639619 1.823769
v 0.953161 -1.639619 1.823769
v 1.145640 -1.639619 1.882838
v 1.145640 -1.639619 1.882838
v -1.703614 1.859254 2.296351
v -1.703614 1.859254 2.296351
v 1.931441 1.859256 2.296351
v 1.158155 -1.639619 1.979646
v 1.158155 -1.639619 1.979646
v 1.408404 -1.639619 1.881747
v 1.408404 -1.639619 1.881747
v 1.484616 -1.639619 1.694131
v 1.484616 -1.639619 0.259412
v 0.850461 -1.639619 0.259412
v 0.850461 -1.639619 0.259412
v 0.850461 -1.639619 1.709108
v 0.921205 -1.639619 1.851215
v 0.921205 -1.639619 1.851215
v 1.145522 -1.639619 1.904107
v 1.368137 -1.639619 1.852263
v 1.368137 -1.639619 1.852263
v 1.444558 -1.639619 1.712928
v 1.444558 -1.639619 0.259412
v 1.444558 -1.639619 0.259412
v 1.405154 -1.639619 0.259412
v 1.405154 -1.639619 0.259412
v 0.850461 -1.321655 0.259412
v 0.850461 -1.321655 0.259412
v 0.850461 -1.321655 1.709108
v 0.921205 -1.321655 1.851215
v 0.921205 -1.321655 1.851215
v 1.145522 -1.321655 1.904107
v 1.368137 -1.321655 1.852263
v 1.368137 -1.321655 1.852263
v 1.444557 -1.321655 1.712928
v 1.444558 -1.321655 0.259412
v 1.444558 -1.321655 0.259412
v 0.534189 -1.743130 4.079118
v 0.534189 -1.743130 4.079118
v 0.534189 -1.743130 4.079118
v 0.534189 -1.743130 4.079118
v -0.896463 -1.743131 4.079118
v -0.896463 -1.743131 4.079118
v -0.896463 -1.743131 4.079118
v -0.896463 -1.743131 4.079118
v 0.513524 -1.724440 4.029467
v -0.895808 -1.724441 4.029466
v -1.716489 0.761688 4.079118
v -1.716489 0.761688 4.079118
v -1.716489 0.761688 4.079118
v -1.716489 0.761688 4.079118
v -1.716489 -0.680799 4.079118
v -1.716489 -0.680799 4.079118
v -1.716489 -0.680799 4.079118
v -1.703614 -0.687296 4.029466
v 1.405154 -1.639619 1.694131
v 1.336642 -1.639619 1.824803
v 1.336642 -1.639619 1.824803
v 1.708439 -1.639619 -0.000001
v -1.542773 1.750279 4.225765
v -1.542773 1.750279 4.225765
v 1.759215 -1.513213 4.225765
v 1.759215 -1.513213 4.225765
v 1.759213 1.750281 4.225765
v 1.759213 1.750281 4.225765
v -1.542771 -1.513215 4.225765
v -1.542771 -1.513215 4.225765
vt 0.160029 0.001819
vt 0.160029 0.118442
vt 0.152459 0.123545
vt 0.282090 0.001504
vt 0.282090 0.123545
vt 0.272826 0.118442
vt 0.160029 0.118442
vt 0.272826 0.118442
vt 0.282090 0.123545
vt 0.160029 0.118442
vt 0.169232 0.110801
vt 0.263624 0.110801
vt 0.272826 0.001819
vt 0.272826 0.118442
vt 0.263624 0.110801
vt 0.160029 0.001819
vt 0.169232 0.001819
vt 0.169232 0.110801
vt 0.169232 0.001819
vt 0.178027 0.001819
vt 0.178027 0.104557
vt 0.263624 0.110801
vt 0.253768 0.104557
vt 0.253768 0.001819
vt 0.169232 0.110801
vt 0.178027 0.104557
vt 0.253768 0.104557
vt 0.178027 0.104557
vt 0.178027 0.001819
vt 0.253768 0.001819
vt 0.209173 0.166582
vt 0.209173 0.168921
vt 0.205787 0.172172
vt 0.220851 0.168929
vt 0.220851 0.166582
vt 0.224232 0.163328
vt 0.209173 0.168921
vt 0.220851 0.168929
vt 0.225989 0.171113
vt 0.220851 0.166582
vt 0.209173 0.166582
vt 0.204031 0.164402
vt 0.220851 0.166582
vt 0.220851 0.168929
vt 0.209173 0.168921
vt 0.386499 0.074115
vt 0.449026 0.074154
vt 0.449026 0.082308
vt 0.449026 0.062887
vt 0.386499 0.062887
vt 0.386499 0.054733
vt 0.449026 0.062887
vt 0.449026 0.074154
vt 0.386499 0.074115
vt 0.449026 0.097203
vt 0.449026 0.108502
vt 0.386499 0.108463
vt 0.449026 0.097203
vt 0.386499 0.097203
vt 0.386499 0.089026
vt 0.386499 0.108463
vt 0.449026 0.108502
vt 0.449026 0.116680
vt 0.584599 0.151305
vt 0.584599 0.041080
vt 0.588707 0.041080
vt 0.637551 0.041080
vt 0.637551 0.151676
vt 0.633441 0.150815
vt 0.630456 0.170201
vt 0.628044 0.165659
vt 0.633441 0.150815
vt 0.628044 0.165659
vt 0.630456 0.170201
vt 0.611091 0.178176
vt 0.611091 0.178176
vt 0.591928 0.170698
vt 0.594022 0.165562
vt 0.591928 0.170698
vt 0.584599 0.151305
vt 0.588707 0.150463
vt 0.580682 0.041080
vt 0.584599 0.041080
vt 0.584599 0.151305
vt 0.588707 0.150463
vt 0.588707 0.041080
vt 0.591990 0.041080
vt 0.594022 0.165562
vt 0.588707 0.150463
vt 0.591990 0.149841
vt 0.588088 0.175910
vt 0.580682 0.151931
vt 0.584599 0.151305
vt 0.611123 0.183756
vt 0.588088 0.175910
vt 0.591928 0.170698
vt 0.611098 0.172729
vt 0.594022 0.165562
vt 0.596421 0.159570
vt 0.626499 0.159644
vt 0.628044 0.165659
vt 0.611098 0.172729
vt 0.630456 0.170201
vt 0.634742 0.175910
vt 0.611123 0.183756
vt 0.637551 0.151676
vt 0.641681 0.152477
vt 0.634742 0.175910
vt 0.629901 0.149722
vt 0.633441 0.150815
vt 0.628044 0.165659
vt 0.633441 0.150815
vt 0.629901 0.149722
vt 0.629901 0.041080
vt 0.641681 0.152477
vt 0.637551 0.151676
vt 0.637551 0.041080
vt 0.646459 0.010423
vt 0.641636 0.010423
vt 0.641636 0.022872
vt 0.580565 0.010423
vt 0.575725 0.010423
vt 0.575725 0.022872
vt 0.580565 0.022872
vt 0.580565 0.027253
vt 0.641636 0.027253
vt 0.641636 0.027253
vt 0.580565 0.027253
vt 0.580565 0.039694
vt 0.641636 0.022872
vt 0.641636 0.010423
vt 0.580565 0.010423
vt 0.575506 0.023958
vt 0.577623 0.023958
vt 0.577623 0.099272
vt 0.577623 0.099272
vt 0.577623 0.023958
vt 0.579378 0.023958
vt 0.573683 0.023958
vt 0.575506 0.023958
vt 0.575506 0.099272
vt 0.644200 0.023974
vt 0.646318 0.023974
vt 0.646318 0.099287
vt 0.646318 0.099287
vt 0.646318 0.023974
vt 0.648055 0.023974
vt 0.642394 0.023974
vt 0.644200 0.023974
vt 0.644200 0.099287
vt 0.629901 0.041080
vt 0.629901 0.149722
vt 0.591990 0.149841
vt 0.611101 0.166804
vt 0.629901 0.149722
vt 0.626499 0.159644
vt 0.591990 0.149841
vt 0.611101 0.166804
vt 0.596421 0.159570
vt 0.591990 0.149841
vt 0.629901 0.149722
vt 0.611101 0.166804
vt 0.933896 0.551165
vt 0.933896 0.440940
vt 0.938005 0.440940
vt 0.986847 0.440940
vt 0.986847 0.551536
vt 0.982738 0.550675
vt 0.979752 0.570061
vt 0.977341 0.565519
vt 0.982738 0.550675
vt 0.977341 0.565519
vt 0.979752 0.570061
vt 0.960387 0.578036
vt 0.960387 0.578036
vt 0.941224 0.570558
vt 0.943319 0.565422
vt 0.941224 0.570558
vt 0.933896 0.551165
vt 0.938005 0.550323
vt 0.929979 0.440940
vt 0.933896 0.440940
vt 0.933896 0.551165
vt 0.938005 0.550323
vt 0.938005 0.440940
vt 0.941287 0.440940
vt 0.943319 0.565422
vt 0.938005 0.550323
vt 0.941287 0.549701
vt 0.937386 0.575770
vt 0.929979 0.551791
vt 0.933896 0.551165
vt 0.960419 0.583617
vt 0.937386 0.575770
vt 0.941224 0.570558
vt 0.960395 0.572589
vt 0.943319 0.565422
vt 0.945717 0.559430
vt 0.975795 0.559504
vt 0.977341 0.565519
vt 0.960395 0.572589
vt 0.979752 0.570061
vt 0.984038 0.575770
vt 0.960419 0.583617
vt 0.986847 0.551536
vt 0.990978 0.552338
vt 0.984038 0.575770
vt 0.979197 0.549582
vt 0.982738 0.550675
vt 0.977341 0.565519
vt 0.982738 0.550675
vt 0.979197 0.549582
vt 0.979197 0.440940
vt 0.990978 0.552338
vt 0.986847 0.551536
vt 0.986847 0.440940
vt 0.995756 0.410283
vt 0.990932 0.410283
vt 0.990932 0.422732
vt 0.929862 0.410283
vt 0.925022 0.410283
vt 0.925022 0.422732
vt 0.929862 0.422732
vt 0.929862 0.427113
vt 0.990932 0.427113
vt 0.990932 0.427113
vt 0.929862 0.427113
vt 0.929862 0.439554
vt 0.990932 0.422732
vt 0.990932 0.410283
vt 0.929862 0.410283
vt 0.926921 0.423818
vt 0.926921 0.499132
vt 0.924802 0.499132
vt 0.926921 0.499132
vt 0.926921 0.423818
vt 0.928674 0.423818
vt 0.922980 0.423818
vt 0.924802 0.423818
vt 0.924802 0.499132
vt 0.995615 0.423834
vt 0.995615 0.499148
vt 0.993497 0.499148
vt 0.995615 0.499148
vt 0.995615 0.423834
vt 0.997352 0.423834
vt 0.991690 0.423834
vt 0.993497 0.423834
vt 0.993497 0.499148
vt 0.979197 0.440940
vt 0.979197 0.549582
vt 0.941287 0.549701
vt 0.960397 0.566664
vt 0.979197 0.549582
vt 0.975795 0.559504
vt 0.941287 0.549701
vt 0.960397 0.566664
vt 0.945717 0.559430
vt 0.941287 0.549701
vt 0.979197 0.549582
vt 0.960397 0.566664
vt 0.856235 0.550571
vt 0.856235 0.440346
vt 0.860344 0.440346
vt 0.909186 0.550942
vt 0.905077 0.550081
vt 0.905077 0.440346
vt 0.902092 0.569467
vt 0.899680 0.564925
vt 0.905077 0.550081
vt 0.899680 0.564925
vt 0.902092 0.569467
vt 0.882726 0.577442
vt 0.882726 0.577442
vt 0.863563 0.569964
vt 0.865658 0.564828
vt 0.863563 0.569964
vt 0.856235 0.550571
vt 0.860344 0.549729
vt 0.852318 0.440346
vt 0.856235 0.440346
vt 0.856235 0.550571
vt 0.860344 0.549729
vt 0.860344 0.440346
vt 0.863626 0.440346
vt 0.865658 0.564828
vt 0.860344 0.549729
vt 0.863626 0.549107
vt 0.859725 0.575176
vt 0.852318 0.551197
vt 0.856235 0.550571
vt 0.882726 0.577442
vt 0.882759 0.583023
vt 0.859725 0.575176
vt 0.882734 0.571995
vt 0.865658 0.564828
vt 0.868057 0.558836
vt 0.898135 0.558910
vt 0.899680 0.564925
vt 0.882734 0.571995
vt 0.902092 0.569467
vt 0.906377 0.575176
vt 0.882759 0.583023
vt 0.913317 0.551743
vt 0.906377 0.575176
vt 0.902092 0.569467
vt 0.901536 0.548988
vt 0.905077 0.550081
vt 0.899680 0.564925
vt 0.905077 0.550081
vt 0.901536 0.548988
vt 0.901536 0.440346
vt 0.913317 0.551743
vt 0.909186 0.550942
vt 0.909186 0.440346
vt 0.918095 0.409689
vt 0.913272 0.409689
vt 0.913272 0.422138
vt 0.852201 0.409689
vt 0.847361 0.409689
vt 0.847361 0.422138
vt 0.852201 0.422138
vt 0.852201 0.426519
vt 0.913272 0.426519
vt 0.913272 0.426519
vt 0.852201 0.426519
vt 0.852201 0.438960
vt 0.913272 0.422138
vt 0.913272 0.409689
vt 0.852201 0.409689
vt 0.849260 0.423224
vt 0.849260 0.498538
vt 0.847142 0.498538
vt 0.849260 0.498538
vt 0.849260 0.423224
vt 0.851013 0.423224
vt 0.845319 0.423224
vt 0.847142 0.423224
vt 0.847142 0.498538
vt 0.917954 0.423240
vt 0.917954 0.498553
vt 0.915836 0.498553
vt 0.919691 0.498553
vt 0.917954 0.498553
vt 0.917954 0.423240
vt 0.914030 0.423240
vt 0.915836 0.423240
vt 0.915836 0.498553
vt 0.901536 0.440346
vt 0.901536 0.548988
vt 0.863626 0.549107
vt 0.882737 0.566070
vt 0.901536 0.548988
vt 0.898135 0.558910
vt 0.863626 0.549107
vt 0.882737 0.566070
vt 0.868057 0.558836
vt 0.863626 0.549107
vt 0.901536 0.548988
vt 0.882737 0.566070
vt 0.934311 0.734284
vt 0.934311 0.624058
vt 0.938419 0.624058
vt 0.987262 0.734655
vt 0.983153 0.733794
vt 0.983153 0.624058
vt 0.980167 0.753180
vt 0.977756 0.748638
vt 0.983153 0.733794
vt 0.977756 0.748638
vt 0.980167 0.753180
vt 0.960802 0.761155
vt 0.960802 0.761155
vt 0.941639 0.753677
vt 0.943734 0.748541
vt 0.941639 0.753677
vt 0.934311 0.734284
vt 0.938419 0.733441
vt 0.930394 0.624058
vt 0.934311 0.624058
vt 0.934311 0.734284
vt 0.938419 0.733441
vt 0.938419 0.624058
vt 0.941702 0.624058
vt 0.943734 0.748541
vt 0.938419 0.733441
vt 0.941702 0.732820
vt 0.937801 0.758889
vt 0.930394 0.734910
vt 0.934311 0.734284
vt 0.960835 0.766736
vt 0.937801 0.758889
vt 0.941639 0.753677
vt 0.960810 0.755708
vt 0.943734 0.748541
vt 0.946133 0.742549
vt 0.976211 0.742623
vt 0.977756 0.748638
vt 0.960810 0.755708
vt 0.980167 0.753180
vt 0.984453 0.758889
vt 0.960835 0.766736
vt 0.987262 0.734655
vt 0.991393 0.735456
vt 0.984453 0.758889
vt 0.979612 0.732701
vt 0.983153 0.733794
vt 0.977756 0.748638
vt 0.983153 0.624058
vt 0.983153 0.733794
vt 0.979612 0.732701
vt 0.991393 0.735456
vt 0.987262 0.734655
vt 0.987262 0.624058
vt 0.996171 0.593402
vt 0.991347 0.593402
vt 0.991347 0.605851
vt 0.930277 0.593402
vt 0.925436 0.593402
vt 0.925436 0.605851
vt 0.930277 0.605851
vt 0.930277 0.610231
vt 0.991347 0.610231
vt 0.991347 0.610231
vt 0.930277 0.610231
vt 0.930277 0.622673
vt 0.991347 0.593402
vt 0.930277 0.593402
vt 0.930277 0.605851
vt 0.927336 0.606937
vt 0.927336 0.682250
vt 0.925218 0.682250
vt 0.927336 0.682250
vt 0.927336 0.606937
vt 0.929089 0.606937
vt 0.923395 0.606937
vt 0.925218 0.606937
vt 0.925218 0.682250
vt 0.996030 0.606953
vt 0.996030 0.682266
vt 0.993912 0.682266
vt 0.996030 0.682266
vt 0.996030 0.606953
vt 0.997767 0.606953
vt 0.992106 0.606953
vt 0.993912 0.606953
vt 0.993912 0.682266
vt 0.979612 0.624058
vt 0.979612 0.732701
vt 0.941702 0.732820
vt 0.960812 0.749783
vt 0.979612 0.732701
vt 0.976211 0.742623
vt 0.941702 0.732820
vt 0.960812 0.749783
vt 0.946133 0.742549
vt 0.941702 0.732820
vt 0.979612 0.732701
vt 0.960812 0.749783
vt 0.584111 0.333966
vt 0.584111 0.223740
vt 0.588219 0.223740
vt 0.637061 0.334336
vt 0.632953 0.333476
vt 0.632953 0.223740
vt 0.629967 0.352861
vt 0.627556 0.348320
vt 0.632953 0.333476
vt 0.627556 0.348320
vt 0.629967 0.352861
vt 0.610602 0.360837
vt 0.610602 0.360837
vt 0.591439 0.353359
vt 0.593534 0.348223
vt 0.591439 0.353359
vt 0.584111 0.333966
vt 0.588219 0.333123
vt 0.580194 0.223740
vt 0.584111 0.223740
vt 0.584111 0.333966
vt 0.588219 0.333123
vt 0.588219 0.223740
vt 0.591502 0.223740
vt 0.593534 0.348223
vt 0.588219 0.333123
vt 0.591502 0.332502
vt 0.587601 0.358571
vt 0.580194 0.334591
vt 0.584111 0.333966
vt 0.610635 0.366417
vt 0.587601 0.358571
vt 0.591439 0.353359
vt 0.610610 0.355389
vt 0.593534 0.348223
vt 0.595932 0.342231
vt 0.626011 0.342305
vt 0.627556 0.348320
vt 0.610610 0.355389
vt 0.634253 0.358571
vt 0.610635 0.366417
vt 0.610602 0.360837
vt 0.641193 0.335138
vt 0.634253 0.358571
vt 0.629967 0.352861
vt 0.629412 0.332382
vt 0.632953 0.333476
vt 0.627556 0.348320
vt 0.632953 0.333476
vt 0.629412 0.332382
vt 0.629412 0.223740
vt 0.641193 0.335138
vt 0.637061 0.334336
vt 0.637061 0.223740
vt 0.645971 0.193084
vt 0.641147 0.193084
vt 0.641147 0.205532
vt 0.580077 0.193084
vt 0.575237 0.193084
vt 0.575237 0.205532
vt 0.580077 0.205532
vt 0.580077 0.209913
vt 0.641147 0.209913
vt 0.641147 0.209913
vt 0.580077 0.209913
vt 0.580077 0.222354
vt 0.641147 0.205532
vt 0.641147 0.193084
vt 0.580077 0.193084
vt 0.577136 0.206619
vt 0.577136 0.281932
vt 0.575017 0.281932
vt 0.577136 0.281932
vt 0.577136 0.206619
vt 0.578889 0.206619
vt 0.573195 0.206619
vt 0.575017 0.206619
vt 0.575017 0.281932
vt 0.645830 0.206635
vt 0.645830 0.281948
vt 0.643711 0.281948
vt 0.645830 0.281948
vt 0.645830 0.206635
vt 0.647567 0.206635
vt 0.641905 0.206635
vt 0.643711 0.206635
vt 0.643711 0.281948
vt 0.629412 0.223740
vt 0.629412 0.332382
vt 0.591502 0.332502
vt 0.610612 0.349464
vt 0.629412 0.332382
vt 0.626011 0.342305
vt 0.591502 0.332502
vt 0.610612 0.349464
vt 0.595932 0.342231
vt 0.591502 0.332502
vt 0.629412 0.332382
vt 0.610612 0.349464
vt 0.749151 0.338157
vt 0.749151 0.227932
vt 0.753260 0.227932
vt 0.802102 0.338528
vt 0.797993 0.337668
vt 0.797993 0.227932
vt 0.795007 0.357053
vt 0.792596 0.352511
vt 0.797993 0.337668
vt 0.792596 0.352511
vt 0.795007 0.357053
vt 0.775642 0.365029
vt 0.775642 0.365029
vt 0.756479 0.357551
vt 0.758575 0.352415
vt 0.756479 0.357551
vt 0.749151 0.338157
vt 0.753260 0.337315
vt 0.745234 0.227932
vt 0.749151 0.227932
vt 0.749151 0.338157
vt 0.753260 0.337315
vt 0.753260 0.227932
vt 0.756543 0.227932
vt 0.758575 0.352415
vt 0.753260 0.337315
vt 0.756543 0.336694
vt 0.752641 0.362762
vt 0.745234 0.338784
vt 0.749151 0.338157
vt 0.775675 0.370609
vt 0.752641 0.362762
vt 0.756479 0.357551
vt 0.775650 0.359581
vt 0.758575 0.352415
vt 0.760973 0.346423
vt 0.791051 0.346496
vt 0.792596 0.352511
vt 0.775650 0.359581
vt 0.795007 0.357053
vt 0.799293 0.362762
vt 0.775675 0.370609
vt 0.802102 0.338528
vt 0.806234 0.339330
vt 0.799293 0.362762
vt 0.794452 0.336574
vt 0.797993 0.337668
vt 0.792596 0.352511
vt 0.797993 0.337668
vt 0.794452 0.336574
vt 0.794452 0.227932
vt 0.806234 0.339330
vt 0.802102 0.338528
vt 0.802102 0.227932
vt 0.811011 0.197275
vt 0.806187 0.197275
vt 0.806187 0.209724
vt 0.745117 0.197275
vt 0.740277 0.197275
vt 0.740277 0.209724
vt 0.745117 0.209724
vt 0.745117 0.214105
vt 0.806187 0.214105
vt 0.806187 0.214105
vt 0.745117 0.214105
vt 0.745117 0.226546
vt 0.806187 0.209724
vt 0.806187 0.197275
vt 0.745117 0.197275
vt 0.742176 0.210810
vt 0.742176 0.286124
vt 0.740057 0.286124
vt 0.742176 0.286124
vt 0.742176 0.210810
vt 0.743929 0.210810
vt 0.738236 0.210810
vt 0.740057 0.210810
vt 0.740057 0.286124
vt 0.810871 0.210826
vt 0.810871 0.286140
vt 0.808752 0.286140
vt 0.812607 0.286140
vt 0.810871 0.286140
vt 0.810871 0.210826
vt 0.806947 0.286140
vt 0.806945 0.210826
vt 0.808752 0.210826
vt 0.794452 0.227932
vt 0.794452 0.336574
vt 0.756543 0.336694
vt 0.775653 0.353656
vt 0.794452 0.336574
vt 0.791051 0.346496
vt 0.756543 0.336694
vt 0.775653 0.353656
vt 0.760973 0.346423
vt 0.756543 0.336694
vt 0.794452 0.336574
vt 0.775653 0.353656
vt 0.666690 0.153376
vt 0.666690 0.043150
vt 0.670799 0.043150
vt 0.719642 0.153747
vt 0.715532 0.152886
vt 0.715532 0.043150
vt 0.712548 0.172271
vt 0.710136 0.167729
vt 0.715532 0.152886
vt 0.710136 0.167729
vt 0.712548 0.172271
vt 0.693183 0.180247
vt 0.693183 0.180247
vt 0.674020 0.172769
vt 0.676114 0.167633
vt 0.674020 0.172769
vt 0.666690 0.153376
vt 0.670799 0.152533
vt 0.666690 0.043150
vt 0.666690 0.153376
vt 0.662775 0.154002
vt 0.670799 0.152533
vt 0.670799 0.043150
vt 0.674082 0.043150
vt 0.676114 0.167633
vt 0.670799 0.152533
vt 0.674082 0.151912
vt 0.670181 0.177980
vt 0.662775 0.154002
vt 0.666690 0.153376
vt 0.693215 0.185827
vt 0.670181 0.177980
vt 0.674020 0.172769
vt 0.693190 0.174799
vt 0.676114 0.167633
vt 0.678513 0.161641
vt 0.708591 0.161715
vt 0.710136 0.167729
vt 0.693190 0.174799
vt 0.716834 0.177980
vt 0.693215 0.185827
vt 0.693183 0.180247
vt 0.719642 0.153747
vt 0.723773 0.154548
vt 0.716834 0.177980
vt 0.711993 0.151792
vt 0.715532 0.152886
vt 0.710136 0.167729
vt 0.715532 0.152886
vt 0.711993 0.151792
vt 0.711993 0.043150
vt 0.723773 0.154548
vt 0.719642 0.153747
vt 0.719642 0.043150
vt 0.728550 0.012494
vt 0.723728 0.012494
vt 0.723728 0.024942
vt 0.662657 0.012494
vt 0.657817 0.012494
vt 0.657817 0.024942
vt 0.662657 0.024942
vt 0.662657 0.029323
vt 0.723728 0.029323
vt 0.723728 0.029323
vt 0.662657 0.029323
vt 0.662657 0.041764
vt 0.723728 0.024942
vt 0.723728 0.012494
vt 0.662657 0.012494
vt 0.659716 0.026029
vt 0.659716 0.101342
vt 0.657598 0.101342
vt 0.659716 0.101342
vt 0.659716 0.026029
vt 0.661470 0.026029
vt 0.655775 0.026029
vt 0.657598 0.026029
vt 0.657598 0.101342
vt 0.728410 0.026045
vt 0.728410 0.101358
vt 0.726292 0.101358
vt 0.730147 0.101358
vt 0.728410 0.101358
vt 0.728410 0.026045
vt 0.724486 0.026045
vt 0.726292 0.026045
vt 0.726292 0.101358
vt 0.711993 0.043150
vt 0.711993 0.151792
vt 0.674082 0.151912
vt 0.693193 0.168874
vt 0.711993 0.151792
vt 0.708591 0.161715
vt 0.674082 0.151912
vt 0.693193 0.168874
vt 0.678513 0.161641
vt 0.674082 0.151912
vt 0.711993 0.151792
vt 0.693193 0.168874
vt 0.666936 0.334634
vt 0.666936 0.224408
vt 0.671045 0.224408
vt 0.719888 0.335005
vt 0.715778 0.334145
vt 0.715778 0.224408
vt 0.712793 0.353530
vt 0.710382 0.348988
vt 0.715778 0.334145
vt 0.710382 0.348988
vt 0.712793 0.353530
vt 0.693428 0.361505
vt 0.693428 0.361505
vt 0.674265 0.354027
vt 0.676360 0.348891
vt 0.674265 0.354027
vt 0.666936 0.334634
vt 0.671045 0.333792
vt 0.663019 0.224408
vt 0.666936 0.224408
vt 0.666936 0.334634
vt 0.671045 0.333792
vt 0.671045 0.224408
vt 0.674328 0.224408
vt 0.676360 0.348891
vt 0.671045 0.333792
vt 0.674328 0.333170
vt 0.670426 0.359239
vt 0.663019 0.335260
vt 0.666936 0.334634
vt 0.693461 0.367086
vt 0.670426 0.359239
vt 0.674265 0.354027
vt 0.693435 0.356058
vt 0.676360 0.348891
vt 0.678758 0.342899
vt 0.708836 0.342973
vt 0.710382 0.348988
vt 0.693435 0.356058
vt 0.712793 0.353530
vt 0.717079 0.359239
vt 0.693461 0.367086
vt 0.719888 0.335005
vt 0.724018 0.335806
vt 0.717079 0.359239
vt 0.712238 0.333051
vt 0.715778 0.334145
vt 0.710382 0.348988
vt 0.715778 0.334145
vt 0.712238 0.333051
vt 0.712238 0.224408
vt 0.724018 0.335806
vt 0.719888 0.335005
vt 0.719888 0.224408
vt 0.728796 0.193752
vt 0.723973 0.193752
vt 0.723973 0.206200
vt 0.662903 0.193752
vt 0.658063 0.193752
vt 0.658063 0.206200
vt 0.662903 0.206200
vt 0.662903 0.210581
vt 0.723973 0.210581
vt 0.723973 0.210581
vt 0.662903 0.210581
vt 0.662903 0.223022
vt 0.723973 0.206200
vt 0.723973 0.193752
vt 0.662903 0.193752
vt 0.659961 0.207287
vt 0.659961 0.282600
vt 0.657843 0.282600
vt 0.659961 0.282600
vt 0.659961 0.207287
vt 0.661715 0.207287
vt 0.656021 0.207287
vt 0.657843 0.207287
vt 0.657843 0.282600
vt 0.728655 0.207303
vt 0.728655 0.282616
vt 0.726538 0.282616
vt 0.730392 0.282616
vt 0.728655 0.282616
vt 0.728655 0.207303
vt 0.724731 0.207303
vt 0.726538 0.207303
vt 0.726538 0.282616
vt 0.712238 0.224408
vt 0.712238 0.333051
vt 0.674328 0.333170
vt 0.693439 0.350133
vt 0.712238 0.333051
vt 0.708836 0.342973
vt 0.674328 0.333170
vt 0.693439 0.350133
vt 0.678758 0.342899
vt 0.674328 0.333170
vt 0.712238 0.333051
vt 0.693439 0.350133
vt 0.856285 0.733179
vt 0.856285 0.622953
vt 0.860394 0.622953
vt 0.909237 0.733549
vt 0.905128 0.732689
vt 0.905128 0.622953
vt 0.902142 0.752074
vt 0.899731 0.747532
vt 0.905128 0.732689
vt 0.899731 0.747532
vt 0.902142 0.752074
vt 0.882777 0.760050
vt 0.882777 0.760050
vt 0.863614 0.752572
vt 0.865709 0.747436
vt 0.863614 0.752572
vt 0.856285 0.733179
vt 0.860394 0.732336
vt 0.852369 0.622953
vt 0.856285 0.622953
vt 0.856285 0.733179
vt 0.860394 0.732336
vt 0.860394 0.622953
vt 0.863677 0.622953
vt 0.865709 0.747436
vt 0.860394 0.732336
vt 0.863677 0.731715
vt 0.859776 0.757783
vt 0.852369 0.733804
vt 0.856285 0.733179
vt 0.882810 0.765630
vt 0.859776 0.757783
vt 0.863614 0.752572
vt 0.882784 0.754602
vt 0.865709 0.747436
vt 0.868107 0.741444
vt 0.898186 0.741518
vt 0.899731 0.747532
vt 0.882784 0.754602
vt 0.906428 0.757783
vt 0.882810 0.765630
vt 0.882777 0.760050
vt 0.909237 0.733549
vt 0.913369 0.734351
vt 0.906428 0.757783
vt 0.901587 0.731595
vt 0.905128 0.732689
vt 0.899731 0.747532
vt 0.905128 0.732689
vt 0.901587 0.731595
vt 0.901587 0.622953
vt 0.913369 0.734351
vt 0.909237 0.733549
vt 0.909237 0.622953
vt 0.918146 0.592297
vt 0.913322 0.592297
vt 0.913322 0.604745
vt 0.852252 0.592297
vt 0.847412 0.592297
vt 0.847412 0.604745
vt 0.852252 0.604745
vt 0.852252 0.609126
vt 0.913322 0.609126
vt 0.913322 0.609126
vt 0.852252 0.609126
vt 0.852252 0.621567
vt 0.913322 0.604745
vt 0.913322 0.592297
vt 0.852252 0.592297
vt 0.849311 0.605832
vt 0.849311 0.681145
vt 0.847192 0.681145
vt 0.851064 0.681145
vt 0.849311 0.681145
vt 0.849311 0.605832
vt 0.845370 0.605832
vt 0.847192 0.605832
vt 0.847192 0.681145
vt 0.918006 0.605848
vt 0.918006 0.681161
vt 0.915887 0.681161
vt 0.918006 0.681161
vt 0.918006 0.605848
vt 0.919743 0.605848
vt 0.914080 0.605848
vt 0.915887 0.605848
vt 0.915887 0.681161
vt 0.901587 0.622953
vt 0.901587 0.731595
vt 0.863677 0.731715
vt 0.882788 0.748677
vt 0.901587 0.731595
vt 0.898186 0.741518
vt 0.863677 0.731715
vt 0.882788 0.748677
vt 0.868107 0.741444
vt 0.863677 0.731715
vt 0.901587 0.731595
vt 0.882788 0.748677
vt 0.503287 0.333540
vt 0.503287 0.223314
vt 0.507396 0.223314
vt 0.556238 0.333910
vt 0.552129 0.333050
vt 0.552129 0.223314
vt 0.549143 0.352435
vt 0.546732 0.347893
vt 0.552129 0.333050
vt 0.546732 0.347893
vt 0.549143 0.352435
vt 0.529778 0.360411
vt 0.529778 0.360411
vt 0.510615 0.352933
vt 0.512710 0.347797
vt 0.510615 0.352933
vt 0.503287 0.333540
vt 0.507396 0.332697
vt 0.499370 0.223314
vt 0.503287 0.223314
vt 0.503287 0.333540
vt 0.507396 0.332697
vt 0.507396 0.223314
vt 0.510678 0.223314
vt 0.512710 0.347797
vt 0.507396 0.332697
vt 0.510678 0.332076
vt 0.506777 0.358144
vt 0.499370 0.334166
vt 0.503287 0.333540
vt 0.529778 0.360411
vt 0.529811 0.365991
vt 0.506777 0.358144
vt 0.529785 0.354963
vt 0.512710 0.347797
vt 0.515108 0.341805
vt 0.545186 0.341878
vt 0.546732 0.347893
vt 0.529785 0.354963
vt 0.549143 0.352435
vt 0.553429 0.358144
vt 0.529811 0.365991
vt 0.556238 0.333910
vt 0.560368 0.334712
vt 0.553429 0.358144
vt 0.548588 0.331956
vt 0.552129 0.333050
vt 0.546732 0.347893
vt 0.552129 0.333050
vt 0.548588 0.331956
vt 0.548588 0.223314
vt 0.560368 0.334712
vt 0.556238 0.333910
vt 0.556238 0.223314
vt 0.565147 0.192658
vt 0.560323 0.192658
vt 0.560323 0.205106
vt 0.499253 0.192658
vt 0.494413 0.192658
vt 0.494413 0.205106
vt 0.499253 0.205106
vt 0.499253 0.209487
vt 0.560323 0.209487
vt 0.560323 0.209487
vt 0.499253 0.209487
vt 0.499253 0.221928
vt 0.560323 0.205106
vt 0.560323 0.192658
vt 0.499253 0.192658
vt 0.496312 0.206192
vt 0.496312 0.281506
vt 0.494193 0.281506
vt 0.496312 0.281506
vt 0.496312 0.206192
vt 0.498065 0.206192
vt 0.492370 0.206192
vt 0.494193 0.206192
vt 0.494193 0.281506
vt 0.565005 0.206209
vt 0.565005 0.281522
vt 0.562888 0.281522
vt 0.566743 0.281522
vt 0.565005 0.281522
vt 0.565005 0.206209
vt 0.561081 0.206209
vt 0.562888 0.206209
vt 0.562888 0.281522
vt 0.548588 0.223314
vt 0.548588 0.331956
vt 0.510678 0.332076
vt 0.529788 0.349038
vt 0.548588 0.331956
vt 0.545186 0.341878
vt 0.510678 0.332076
vt 0.529788 0.349038
vt 0.515108 0.341805
vt 0.510678 0.332076
vt 0.548588 0.331956
vt 0.529788 0.349038
vt 0.502157 0.150799
vt 0.502157 0.040574
vt 0.506265 0.040574
vt 0.555108 0.151170
vt 0.551000 0.150309
vt 0.551000 0.040574
vt 0.548014 0.169694
vt 0.545602 0.165152
vt 0.551000 0.150309
vt 0.545602 0.165152
vt 0.548014 0.169694
vt 0.528649 0.177670
vt 0.528649 0.177670
vt 0.509486 0.170192
vt 0.511580 0.165056
vt 0.509486 0.170192
vt 0.502157 0.150799
vt 0.506265 0.149956
vt 0.498241 0.040574
vt 0.502157 0.040574
vt 0.502157 0.150799
vt 0.506265 0.149956
vt 0.506265 0.040574
vt 0.509548 0.040574
vt 0.511580 0.165056
vt 0.506265 0.149956
vt 0.509548 0.149335
vt 0.505648 0.175403
vt 0.498241 0.151425
vt 0.502157 0.150799
vt 0.528649 0.177670
vt 0.528681 0.183250
vt 0.505648 0.175403
vt 0.528656 0.172222
vt 0.511580 0.165056
vt 0.513979 0.159064
vt 0.544057 0.159138
vt 0.545602 0.165152
vt 0.528656 0.172222
vt 0.548014 0.169694
vt 0.552300 0.175403
vt 0.528681 0.183250
vt 0.555108 0.151170
vt 0.559239 0.151971
vt 0.552300 0.175403
vt 0.547459 0.149216
vt 0.551000 0.150309
vt 0.545602 0.165152
vt 0.551000 0.150309
vt 0.547459 0.149216
vt 0.547459 0.040574
vt 0.559239 0.151971
vt 0.555108 0.151170
vt 0.555108 0.040574
vt 0.564018 0.009917
vt 0.559194 0.009917
vt 0.559194 0.022366
vt 0.498123 0.009917
vt 0.493283 0.009917
vt 0.493283 0.022366
vt 0.498123 0.022366
vt 0.498123 0.026747
vt 0.559194 0.026747
vt 0.559194 0.026747
vt 0.498123 0.026747
vt 0.498123 0.039188
vt 0.559194 0.022366
vt 0.559194 0.009917
vt 0.498123 0.009917
vt 0.495183 0.023452
vt 0.495183 0.098766
vt 0.493064 0.098766
vt 0.495183 0.098766
vt 0.495183 0.023452
vt 0.496936 0.023452
vt 0.491241 0.023452
vt 0.493064 0.023452
vt 0.493064 0.098766
vt 0.563876 0.023468
vt 0.563876 0.098781
vt 0.561758 0.098781
vt 0.563876 0.098781
vt 0.563876 0.023468
vt 0.565614 0.023468
vt 0.559952 0.023468
vt 0.561758 0.023468
vt 0.561758 0.098781
vt 0.547459 0.040574
vt 0.547459 0.149216
vt 0.509548 0.149335
vt 0.528659 0.166297
vt 0.547459 0.149216
vt 0.544057 0.159138
vt 0.509548 0.149335
vt 0.528659 0.166297
vt 0.513979 0.159064
vt 0.509548 0.149335
vt 0.547459 0.149216
vt 0.528659 0.166297
vt 0.857361 0.364810
vt 0.857361 0.254585
vt 0.861469 0.254585
vt 0.910312 0.365181
vt 0.906203 0.364320
vt 0.906203 0.254585
vt 0.903218 0.383706
vt 0.900806 0.379164
vt 0.906203 0.364320
vt 0.900806 0.379164
vt 0.903218 0.383706
vt 0.883853 0.391681
vt 0.883853 0.391681
vt 0.864690 0.384204
vt 0.866784 0.379067
vt 0.864690 0.384204
vt 0.857361 0.364810
vt 0.861469 0.363968
vt 0.853445 0.254585
vt 0.857361 0.254585
vt 0.857361 0.364810
vt 0.861469 0.363968
vt 0.861469 0.254585
vt 0.864752 0.254585
vt 0.866784 0.379067
vt 0.861469 0.363968
vt 0.864752 0.363346
vt 0.860852 0.389415
vt 0.853445 0.365436
vt 0.857361 0.364810
vt 0.883885 0.397262
vt 0.860852 0.389415
vt 0.864690 0.384204
vt 0.883860 0.386234
vt 0.866784 0.379067
vt 0.869183 0.373075
vt 0.899261 0.373149
vt 0.900806 0.379164
vt 0.883860 0.386234
vt 0.903218 0.383706
vt 0.907504 0.389415
vt 0.883885 0.397262
vt 0.914443 0.365982
vt 0.907504 0.389415
vt 0.903218 0.383706
vt 0.902663 0.363227
vt 0.906203 0.364320
vt 0.900806 0.379164
vt 0.906203 0.364320
vt 0.902663 0.363227
vt 0.902663 0.254585
vt 0.914443 0.365982
vt 0.910312 0.365181
vt 0.910312 0.254585
vt 0.919220 0.223928
vt 0.914398 0.223928
vt 0.914398 0.236377
vt 0.853327 0.223928
vt 0.848487 0.223928
vt 0.848487 0.236377
vt 0.853327 0.236377
vt 0.853327 0.240757
vt 0.914398 0.240757
vt 0.914398 0.240757
vt 0.853327 0.240757
vt 0.853327 0.253199
vt 0.914398 0.223928
vt 0.853327 0.223928
vt 0.853327 0.236377
vt 0.850387 0.237463
vt 0.850387 0.312777
vt 0.848268 0.312777
vt 0.850387 0.312777
vt 0.850387 0.237463
vt 0.852140 0.237463
vt 0.846445 0.237463
vt 0.848268 0.237463
vt 0.848268 0.312777
vt 0.919080 0.237479
vt 0.919080 0.312792
vt 0.916962 0.312792
vt 0.920817 0.312792
vt 0.919080 0.312792
vt 0.919080 0.237479
vt 0.915156 0.237479
vt 0.916962 0.237479
vt 0.916962 0.312792
vt 0.902663 0.254585
vt 0.902663 0.363227
vt 0.864752 0.363346
vt 0.883863 0.380309
vt 0.902663 0.363227
vt 0.899261 0.373149
vt 0.864752 0.363346
vt 0.883863 0.380309
vt 0.869183 0.373075
vt 0.864752 0.363346
vt 0.902663 0.363227
vt 0.883863 0.380309
vt 0.935531 0.364956
vt 0.935531 0.254730
vt 0.939640 0.254730
vt 0.988483 0.365327
vt 0.984373 0.364466
vt 0.984373 0.254730
vt 0.981388 0.383852
vt 0.978977 0.379310
vt 0.984373 0.364466
vt 0.978977 0.379310
vt 0.981388 0.383852
vt 0.962023 0.391827
vt 0.962023 0.391827
vt 0.942860 0.384349
vt 0.944955 0.379213
vt 0.942860 0.384349
vt 0.935531 0.364956
vt 0.939640 0.364113
vt 0.931615 0.254730
vt 0.935531 0.254730
vt 0.935531 0.364956
vt 0.939640 0.364113
vt 0.939640 0.254730
vt 0.942923 0.254730
vt 0.944955 0.379213
vt 0.939640 0.364113
vt 0.942923 0.363492
vt 0.939022 0.389561
vt 0.931615 0.365582
vt 0.935531 0.364956
vt 0.962056 0.397408
vt 0.939022 0.389561
vt 0.942860 0.384349
vt 0.962034 0.380454
vt 0.962030 0.386380
vt 0.944955 0.379213
vt 0.978977 0.379310
vt 0.962030 0.386380
vt 0.962034 0.380454
vt 0.985675 0.389561
vt 0.962056 0.397408
vt 0.962023 0.391827
vt 0.992614 0.366128
vt 0.985675 0.389561
vt 0.981388 0.383852
vt 0.980833 0.363372
vt 0.984373 0.364466
vt 0.978977 0.379310
vt 0.984373 0.364466
vt 0.980833 0.363372
vt 0.980833 0.254730
vt 0.992614 0.366128
vt 0.988483 0.365327
vt 0.988483 0.254730
vt 0.997391 0.224074
vt 0.992568 0.224074
vt 0.992568 0.236522
vt 0.931498 0.224074
vt 0.926658 0.224074
vt 0.926658 0.236522
vt 0.931498 0.236522
vt 0.931498 0.240903
vt 0.992568 0.240903
vt 0.992568 0.240903
vt 0.931498 0.240903
vt 0.931498 0.253344
vt 0.992568 0.224074
vt 0.931498 0.224074
vt 0.931498 0.236522
vt 0.928557 0.237609
vt 0.928557 0.312922
vt 0.926438 0.312922
vt 0.928557 0.312922
vt 0.928557 0.237609
vt 0.930310 0.237609
vt 0.924616 0.237609
vt 0.926438 0.237609
vt 0.926438 0.312922
vt 0.997250 0.237625
vt 0.997250 0.312938
vt 0.995133 0.312938
vt 0.997250 0.312938
vt 0.997250 0.237625
vt 0.998987 0.237625
vt 0.993326 0.237625
vt 0.995133 0.237625
vt 0.995133 0.312938
vt 0.980833 0.254730
vt 0.980833 0.363372
vt 0.942923 0.363492
vt 0.962034 0.380454
vt 0.980833 0.363372
vt 0.977432 0.373295
vt 0.942923 0.363492
vt 0.962034 0.380454
vt 0.947353 0.373221
vt 0.942923 0.363492
vt 0.980833 0.363372
vt 0.962034 0.380454
vt 0.750459 0.153691
vt 0.750459 0.043465
vt 0.754567 0.043465
vt 0.803411 0.154062
vt 0.799301 0.153201
vt 0.799301 0.043465
vt 0.796316 0.172587
vt 0.793905 0.168045
vt 0.799301 0.153201
vt 0.793905 0.168045
vt 0.796316 0.172587
vt 0.776951 0.180562
vt 0.776951 0.180562
vt 0.757788 0.173084
vt 0.759883 0.167948
vt 0.757788 0.173084
vt 0.750459 0.153691
vt 0.754567 0.152848
vt 0.746543 0.043465
vt 0.750459 0.043465
vt 0.750459 0.153691
vt 0.754567 0.152848
vt 0.754567 0.043465
vt 0.757851 0.043465
vt 0.759883 0.167948
vt 0.754567 0.152848
vt 0.757851 0.152227
vt 0.753950 0.178296
vt 0.746543 0.154317
vt 0.750459 0.153691
vt 0.776984 0.186142
vt 0.753950 0.178296
vt 0.757788 0.173084
vt 0.776958 0.175115
vt 0.759883 0.167948
vt 0.762281 0.161956
vt 0.792359 0.162030
vt 0.793905 0.168045
vt 0.776958 0.175115
vt 0.796316 0.172587
vt 0.800602 0.178296
vt 0.776984 0.186142
vt 0.807542 0.154863
vt 0.800602 0.178296
vt 0.796316 0.172587
vt 0.795761 0.152108
vt 0.799301 0.153201
vt 0.793905 0.168045
vt 0.799301 0.153201
vt 0.795761 0.152108
vt 0.795761 0.043465
vt 0.807542 0.154863
vt 0.803411 0.154062
vt 0.803411 0.043465
vt 0.812319 0.012809
vt 0.807496 0.012809
vt 0.807496 0.025258
vt 0.746426 0.012809
vt 0.741586 0.012809
vt 0.741586 0.025258
vt 0.746426 0.025258
vt 0.746426 0.029639
vt 0.807496 0.029639
vt 0.807496 0.029639
vt 0.746426 0.029639
vt 0.746426 0.042080
vt 0.807496 0.012809
vt 0.746426 0.012809
vt 0.746426 0.025258
vt 0.743485 0.026344
vt 0.743485 0.101657
vt 0.741366 0.101657
vt 0.743485 0.101657
vt 0.743485 0.026344
vt 0.745238 0.026344
vt 0.739543 0.026344
vt 0.741366 0.026344
vt 0.741366 0.101657
vt 0.812178 0.026360
vt 0.812178 0.101673
vt 0.810061 0.101673
vt 0.813915 0.101673
vt 0.812178 0.101673
vt 0.812178 0.026360
vt 0.808254 0.026360
vt 0.810061 0.026360
vt 0.810061 0.101673
vt 0.795761 0.043465
vt 0.795761 0.152108
vt 0.757851 0.152227
vt 0.776961 0.169190
vt 0.795761 0.152108
vt 0.792359 0.162030
vt 0.757851 0.152227
vt 0.776961 0.169190
vt 0.762281 0.161956
vt 0.757851 0.152227
vt 0.795761 0.152108
vt 0.776961 0.169190
vt 0.761944 0.602019
vt 0.776852 0.564330
vt 0.776852 0.644113
vt 0.798064 0.644113
vt 0.776852 0.644113
vt 0.776852 0.564330
vt 0.812996 0.601850
vt 0.813176 0.643342
vt 0.798064 0.644113
vt 0.834246 0.601798
vt 0.834249 0.643466
vt 0.813176 0.643342
vt 0.834249 0.643466
vt 0.833543 0.719865
vt 0.812865 0.719613
vt 0.812865 0.719613
vt 0.798064 0.722046
vt 0.798064 0.644113
vt 0.798064 0.644113
vt 0.798064 0.722046
vt 0.776852 0.722046
vt 0.776852 0.644113
vt 0.776852 0.722046
vt 0.762085 0.719641
vt 0.776852 0.722046
vt 0.776852 0.768589
vt 0.762715 0.756458
vt 0.798064 0.768589
vt 0.776852 0.768589
vt 0.776852 0.722046
vt 0.812192 0.756504
vt 0.798064 0.768589
vt 0.798064 0.722046
vt 0.833071 0.756917
vt 0.812192 0.756504
vt 0.812865 0.719613
vt 0.134405 0.386826
vt 0.117029 0.387429
vt 0.116461 0.341071
vt 0.176115 0.386820
vt 0.164205 0.402029
vt 0.164205 0.343628
vt 0.164205 0.402029
vt 0.146332 0.402029
vt 0.146332 0.343628
vt 0.146332 0.343628
vt 0.146332 0.402029
vt 0.134405 0.386826
vt 0.146332 0.245841
vt 0.146332 0.343628
vt 0.133884 0.340561
vt 0.164205 0.343628
vt 0.146332 0.343628
vt 0.146332 0.245841
vt 0.176648 0.340607
vt 0.164205 0.343628
vt 0.164205 0.245841
vt 0.133884 0.340561
vt 0.116461 0.341071
vt 0.115819 0.245049
vt 0.133594 0.244883
vt 0.115819 0.245049
vt 0.115825 0.192724
vt 0.176765 0.193038
vt 0.176818 0.244880
vt 0.164205 0.245841
vt 0.164205 0.245841
vt 0.146332 0.245841
vt 0.146332 0.145732
vt 0.146332 0.245841
vt 0.133594 0.244883
vt 0.133745 0.192793
vt 0.470477 0.348706
vt 0.464263 0.348087
vt 0.464180 0.303436
vt 0.479290 0.348706
vt 0.470477 0.348706
vt 0.470477 0.271505
vt 0.485591 0.303275
vt 0.485561 0.348071
vt 0.479290 0.348706
vt 0.494326 0.348185
vt 0.485561 0.348071
vt 0.485591 0.303275
vt 0.494326 0.348185
vt 0.494016 0.410255
vt 0.485398 0.410053
vt 0.485398 0.410053
vt 0.479290 0.412062
vt 0.479290 0.348706
vt 0.479290 0.412062
vt 0.470477 0.412062
vt 0.470477 0.348706
vt 0.470477 0.348706
vt 0.470477 0.412062
vt 0.464381 0.410057
vt 0.470477 0.412062
vt 0.470477 0.472026
vt 0.464556 0.474169
vt 0.479290 0.412062
vt 0.479290 0.472026
vt 0.470477 0.472026
vt 0.485204 0.474178
vt 0.479290 0.472026
vt 0.479290 0.412062
vt 0.493807 0.474316
vt 0.485204 0.474178
vt 0.485398 0.410053
vt 0.049230 0.027788
vt 0.004607 0.028286
vt 0.004539 0.005554
vt 0.004619 0.081798
vt 0.006110 0.066455
vt 0.047835 0.066455
vt 0.047835 0.066455
vt 0.006110 0.066455
vt 0.006110 0.043615
vt 0.047835 0.043615
vt 0.006110 0.043615
vt 0.004607 0.028286
vt 0.091921 0.043615
vt 0.047835 0.043615
vt 0.049230 0.027788
vt 0.091921 0.066455
vt 0.047835 0.066455
vt 0.047835 0.043615
vt 0.049228 0.082256
vt 0.047835 0.066455
vt 0.091921 0.066455
vt 0.049230 0.027788
vt 0.049201 0.005364
vt 0.092327 0.004872
vt 0.092386 0.027350
vt 0.092327 0.004872
vt 0.123422 0.004537
vt 0.123434 0.082775
vt 0.092353 0.082564
vt 0.091921 0.066455
vt 0.145640 0.066455
vt 0.091921 0.066455
vt 0.091921 0.043615
vt 0.091921 0.043615
vt 0.092386 0.027350
vt 0.123495 0.027306
vt 0.402162 0.776490
vt 0.402162 0.996527
vt 0.203727 0.996527
vt 0.644175 0.996527
vt 0.592676 0.996527
vt 0.592676 0.776490
vt 0.402162 0.996527
vt 0.402162 0.776490
vt 0.463606 0.776490
vt 0.463606 0.996527
vt 0.463606 0.776490
vt 0.515105 0.776490
vt 0.515105 0.776490
vt 0.592676 0.776490
vt 0.592676 0.996527
vt 0.700793 0.776490
vt 0.700793 0.996527
vt 0.644175 0.996527
vt 0.999879 0.996527
vt 0.922475 0.996527
vt 0.922475 0.776490
vt 0.795215 0.996527
vt 0.795215 0.776490
vt 0.872150 0.776490
vt 0.700793 0.776490
vt 0.744890 0.776490
vt 0.744890 0.996527
vt 0.744890 0.776490
vt 0.795215 0.776490
vt 0.795215 0.996527
vt 0.458069 0.480797
vt 0.451913 0.469436
vt 0.451913 0.135493
vt 0.250850 0.469592
vt 0.451913 0.469436
vt 0.458069 0.480797
vt 0.188993 0.371279
vt 0.195453 0.364397
vt 0.250889 0.364839
vt 0.195453 0.232704
vt 0.195453 0.364397
vt 0.188993 0.371279
vt 0.250901 0.233007
vt 0.195453 0.232704
vt 0.188993 0.221781
vt 0.375591 0.135415
vt 0.375141 0.045434
vt 0.380699 0.035260
vt 0.288598 0.035260
vt 0.295538 0.045434
vt 0.295881 0.135493
vt 0.380699 0.035260
vt 0.375141 0.045434
vt 0.295538 0.045434
vt 0.375141 0.045434
vt 0.371515 0.057541
vt 0.298098 0.057541
vt 0.298098 0.057541
vt 0.298098 0.129204
vt 0.295881 0.135493
vt 0.375591 0.135415
vt 0.371515 0.129205
vt 0.371515 0.057541
vt 0.298098 0.129204
vt 0.371515 0.129205
vt 0.375591 0.135415
vt 0.250901 0.233007
vt 0.245600 0.240658
vt 0.203006 0.240657
vt 0.203006 0.240657
vt 0.203006 0.357689
vt 0.195453 0.364397
vt 0.203006 0.357689
vt 0.245600 0.357689
vt 0.250889 0.364839
vt 0.250889 0.364839
vt 0.245600 0.357689
vt 0.245600 0.240658
vt 0.371515 0.057541
vt 0.371515 0.129205
vt 0.298098 0.129204
vt 0.245600 0.240658
vt 0.245600 0.357689
vt 0.203006 0.357689
vt 0.752771 0.566117
vt 0.752771 0.761818
vt 0.570321 0.761818
vt 0.380213 0.566117
vt 0.380213 0.761818
vt 0.197763 0.761818
vt 0.007654 0.566117
vt 0.197762 0.566117
vt 0.197763 0.761818
vt 0.224208 0.492605
vt 0.413672 0.492605
vt 0.413672 0.508562
vt 0.641251 0.492605
vt 0.641251 0.508562
vt 0.413672 0.508562
vt 0.007892 0.492605
vt 0.224208 0.492605
vt 0.224208 0.508562
vt 0.834433 0.492605
vt 0.834433 0.508562
vt 0.641251 0.508562
vt 0.641251 0.508562
vt 0.834433 0.508562
vt 0.834433 0.519675
vt 0.007892 0.508562
vt 0.224208 0.508562
vt 0.224208 0.519626
vt 0.413672 0.508562
vt 0.641251 0.508562
vt 0.641251 0.519675
vt 0.413672 0.508562
vt 0.413672 0.519626
vt 0.224208 0.519626
vt 0.413672 0.519626
vt 0.413672 0.529345
vt 0.224208 0.529345
vt 0.641251 0.519675
vt 0.641251 0.529393
vt 0.413672 0.529345
vt 0.007892 0.519675
vt 0.224208 0.519626
vt 0.224208 0.529345
vt 0.641251 0.519675
vt 0.834433 0.519675
vt 0.834433 0.529393
vt 0.641251 0.529393
vt 0.834433 0.529393
vt 0.834433 0.538263
vt 0.007892 0.529393
vt 0.224208 0.529345
vt 0.224208 0.538263
vt 0.641251 0.529393
vt 0.641251 0.538263
vt 0.413672 0.538263
vt 0.224208 0.529345
vt 0.413672 0.529345
vt 0.413672 0.538263
vt 0.851983 0.023388
vt 0.996097 0.023388
vt 0.996097 0.039756
vt 0.854809 0.039756
vt 0.996097 0.039756
vt 0.996097 0.056785
vt 0.835239 0.055908
vt 0.854809 0.039756
vt 0.854790 0.056785
vt 0.830593 0.041787
vt 0.851983 0.023388
vt 0.854809 0.039756
vt 0.825417 0.110562
vt 0.819254 0.110562
vt 0.830593 0.041787
vt 0.825417 0.110562
vt 0.835239 0.055908
vt 0.840870 0.069303
vt 0.840767 0.148387
vt 0.835797 0.162572
vt 0.825417 0.110562
vt 0.835797 0.162572
vt 0.831978 0.176527
vt 0.819254 0.110562
vt 0.854416 0.178113
vt 0.852135 0.194076
vt 0.831978 0.176527
vt 0.854416 0.161910
vt 0.854416 0.178113
vt 0.835797 0.162572
vt 0.854416 0.178113
vt 0.854416 0.161910
vt 0.996824 0.161910
vt 0.852135 0.194076
vt 0.854416 0.178113
vt 0.996824 0.178113
vt 0.693305 0.446190
vt 0.687450 0.446190
vt 0.687450 0.427658
vt 0.647294 0.446190
vt 0.641439 0.446190
vt 0.641439 0.427658
vt 0.647294 0.427658
vt 0.647294 0.417800
vt 0.687450 0.417800
vt 0.687450 0.446190
vt 0.647294 0.446190
vt 0.647294 0.427658
vt 0.763618 0.447648
vt 0.763618 0.482727
vt 0.707748 0.482727
vt 0.707748 0.447648
vt 0.707748 0.433218
vt 0.763618 0.433218
vt 0.707748 0.482727
vt 0.699177 0.482727
vt 0.699177 0.447648
vt 0.772189 0.482727
vt 0.763618 0.482727
vt 0.763618 0.447648
vt 0.380213 0.566117
vt 0.520114 0.590417
vt 0.520114 0.724440
vt 0.570321 0.566117
vt 0.557868 0.590417
vt 0.520114 0.590417
vt 0.553628 0.742386
vt 0.570321 0.761818
vt 0.539704 0.751556
vt 0.119643 0.482510
vt 0.067578 0.483165
vt 0.063363 0.470035
vt 0.061720 0.478460
vt 0.012129 0.478460
vt 0.023712 0.470035
vt 0.123606 0.478131
vt 0.121756 0.470035
vt 0.159859 0.470035
vt 0.159859 0.470035
vt 0.121756 0.470035
vt 0.121756 0.462686
vt 0.023712 0.470035
vt 0.023712 0.462686
vt 0.063363 0.462686
vt 0.063363 0.470035
vt 0.063363 0.462686
vt 0.121756 0.462686
vt 0.121756 0.412239
vt 0.121756 0.462686
vt 0.063363 0.462686
vt 0.560826 0.483564
vt 0.554623 0.466867
vt 0.632646 0.466867
vt 0.634649 0.475832
vt 0.632646 0.466867
vt 0.674728 0.466866
vt 0.552986 0.475832
vt 0.501488 0.475834
vt 0.512543 0.466869
vt 0.512543 0.466869
vt 0.501910 0.457151
vt 0.554623 0.457149
vt 0.674728 0.466866
vt 0.632646 0.466867
vt 0.632646 0.457149
vt 0.554623 0.466867
vt 0.554623 0.457149
vt 0.632646 0.457149
vt 0.632646 0.372730
vt 0.632646 0.457149
vt 0.554623 0.457149
vt 0.996097 0.056785
vt 0.996038 0.076531
vt 0.856649 0.076531
vt 0.854790 0.056785
vt 0.856649 0.076531
vt 0.846828 0.083220
vt 0.835689 0.110562
vt 0.840870 0.069303
vt 0.846828 0.083220
vt 0.840767 0.148387
vt 0.835689 0.110562
vt 0.841839 0.110562
vt 0.840767 0.148387
vt 0.847120 0.133604
vt 0.856749 0.142510
vt 0.996824 0.161910
vt 0.854416 0.161910
vt 0.856749 0.142510
vt 0.413672 0.538263
vt 0.413672 0.555911
vt 0.224208 0.555911
vt 0.641251 0.538263
vt 0.641251 0.555911
vt 0.413672 0.555911
vt 0.007892 0.538263
vt 0.224208 0.538263
vt 0.224208 0.555911
vt 0.641251 0.538263
vt 0.834433 0.538263
vt 0.834433 0.555911
vt 0.570321 0.761818
vt 0.553628 0.742386
vt 0.557868 0.724811
vt 0.557868 0.724811
vt 0.557868 0.590417
vt 0.570321 0.566117
vt 0.005947 0.343775
vt 0.005947 0.137107
vt 0.015507 0.135166
vt 0.016908 0.372659
vt 0.005947 0.343775
vt 0.015507 0.343242
vt 0.016908 0.372659
vt 0.026621 0.366623
vt 0.057272 0.387858
vt 0.099495 0.372659
vt 0.058102 0.399029
vt 0.057272 0.387858
vt 0.099495 0.372659
vt 0.089377 0.366623
vt 0.097725 0.340527
vt 0.107006 0.340667
vt 0.097725 0.340527
vt 0.097725 0.133061
vt 0.015507 0.135166
vt 0.033514 0.129632
vt 0.033514 0.323821
vt 0.015507 0.343242
vt 0.033514 0.323821
vt 0.039143 0.342857
vt 0.026621 0.366623
vt 0.039143 0.342857
vt 0.056990 0.349941
vt 0.057272 0.387858
vt 0.056990 0.349941
vt 0.074701 0.342997
vt 0.089377 0.366623
vt 0.074701 0.342997
vt 0.080781 0.324333
vt 0.097725 0.340527
vt 0.080781 0.324333
vt 0.080782 0.129632
vt 0.033514 0.323821
vt 0.033514 0.129632
vt 0.080782 0.129632
vt 0.033514 0.323821
vt 0.080781 0.324333
vt 0.074701 0.342997
vt 0.039143 0.342857
vt 0.074701 0.342997
vt 0.056990 0.349941
vt 0.036626 0.087040
vt 0.033514 0.129632
vt 0.033300 0.087062
vt 0.077647 0.087040
vt 0.080973 0.087060
vt 0.080782 0.129632
vt 0.077647 0.087040
vt 0.080782 0.129632
vt 0.033514 0.129632
vt 0.458069 0.126082
vt 0.451913 0.135493
vt 0.375591 0.135415
vt 0.242804 0.126082
vt 0.289489 0.126082
vt 0.295881 0.135493
vt 0.245742 0.480797
vt 0.245742 0.371279
vt 0.250889 0.364839
vt 0.242804 0.126082
vt 0.251013 0.135415
vt 0.250901 0.233007
vt 0.520114 0.724440
vt 0.524522 0.742912
vt 0.380213 0.761818
vt 0.380213 0.761818
vt 0.524522 0.742912
vt 0.539704 0.751556
vt 0.539704 0.751556
vt 0.570321 0.761818
vt 0.380213 0.761818
vt 0.250901 0.233007
vt 0.251013 0.135415
vt 0.260858 0.146579
vt 0.250850 0.469592
vt 0.250889 0.364839
vt 0.260858 0.446289
vt 0.251013 0.135415
vt 0.295881 0.135493
vt 0.260858 0.146579
vt 0.375591 0.135415
vt 0.441132 0.146580
vt 0.260858 0.146579
vt 0.375591 0.135415
vt 0.451913 0.135493
vt 0.441132 0.146580
vt 0.250850 0.469592
vt 0.260858 0.446289
vt 0.441132 0.446289
vt 0.451913 0.469436
vt 0.441132 0.446289
vt 0.441132 0.146580
vt 0.441132 0.146580
vt 0.441132 0.446289
vt 0.260858 0.446289
vt 0.250889 0.364839
vt 0.250901 0.233007
vt 0.260858 0.146579
vt 0.008095 0.776490
vt 0.203727 0.776490
vt 0.203727 0.996527
vt 0.922475 0.996527
vt 0.872150 0.996527
vt 0.872150 0.776490
vt 0.152459 0.001665
vt 0.160029 0.001819
vt 0.152459 0.123545
vt 0.272826 0.001819
vt 0.282090 0.001504
vt 0.272826 0.118442
vt 0.152459 0.123545
vt 0.160029 0.118442
vt 0.282090 0.123545
vt 0.272826 0.118442
vt 0.160029 0.118442
vt 0.263624 0.110801
vt 0.263624 0.001819
vt 0.272826 0.001819
vt 0.263624 0.110801
vt 0.160029 0.118442
vt 0.160029 0.001819
vt 0.169232 0.110801
vt 0.169232 0.110801
vt 0.169232 0.001819
vt 0.178027 0.104557
vt 0.263624 0.001819
vt 0.263624 0.110801
vt 0.253768 0.001819
vt 0.263624 0.110801
vt 0.169232 0.110801
vt 0.253768 0.104557
vt 0.253768 0.104557
vt 0.178027 0.104557
vt 0.253768 0.001819
vt 0.204031 0.164402
vt 0.209173 0.166582
vt 0.205787 0.172172
vt 0.225989 0.171113
vt 0.220851 0.168929
vt 0.224232 0.163328
vt 0.205787 0.172172
vt 0.209173 0.168921
vt 0.225989 0.171113
vt 0.224232 0.163328
vt 0.220851 0.166582
vt 0.204031 0.164402
vt 0.209173 0.166582
vt 0.220851 0.166582
vt 0.209173 0.168921
vt 0.386499 0.082269
vt 0.386499 0.074115
vt 0.449026 0.082308
vt 0.449026 0.054733
vt 0.449026 0.062887
vt 0.386499 0.054733
vt 0.386499 0.062887
vt 0.449026 0.062887
vt 0.386499 0.074115
vt 0.386499 0.097203
vt 0.449026 0.097203
vt 0.386499 0.108463
vt 0.449026 0.089026
vt 0.449026 0.097203
vt 0.386499 0.089026
vt 0.386499 0.116641
vt 0.386499 0.108463
vt 0.449026 0.116680
vt 0.588707 0.150463
vt 0.584599 0.151305
vt 0.588707 0.041080
vt 0.633441 0.041080
vt 0.637551 0.041080
vt 0.633441 0.150815
vt 0.637551 0.151676
vt 0.630456 0.170201
vt 0.633441 0.150815
vt 0.611098 0.172729
vt 0.628044 0.165659
vt 0.611091 0.178176
vt 0.611098 0.172729
vt 0.611091 0.178176
vt 0.594022 0.165562
vt 0.594022 0.165562
vt 0.591928 0.170698
vt 0.588707 0.150463
vt 0.580682 0.151931
vt 0.580682 0.041080
vt 0.584599 0.151305
vt 0.591990 0.149841
vt 0.588707 0.150463
vt 0.591990 0.041080
vt 0.596421 0.159570
vt 0.594022 0.165562
vt 0.591990 0.149841
vt 0.591928 0.170698
vt 0.588088 0.175910
vt 0.584599 0.151305
vt 0.611091 0.178176
vt 0.611123 0.183756
vt 0.591928 0.170698
vt 0.611101 0.166804
vt 0.611098 0.172729
vt 0.596421 0.159570
vt 0.611101 0.166804
vt 0.626499 0.159644
vt 0.611098 0.172729
vt 0.611091 0.178176
vt 0.630456 0.170201
vt 0.611123 0.183756
vt 0.630456 0.170201
vt 0.637551 0.151676
vt 0.634742 0.175910
vt 0.626499 0.159644
vt 0.629901 0.149722
vt 0.628044 0.165659
vt 0.633441 0.041080
vt 0.633441 0.150815
vt 0.629901 0.041080
vt 0.641681 0.041080
vt 0.641681 0.152477
vt 0.637551 0.041080
vt 0.646459 0.022872
vt 0.646459 0.010423
vt 0.641636 0.022872
vt 0.580565 0.022872
vt 0.580565 0.010423
vt 0.575725 0.022872
vt 0.641636 0.022872
vt 0.580565 0.022872
vt 0.641636 0.027253
vt 0.641636 0.039694
vt 0.641636 0.027253
vt 0.580565 0.039694
vt 0.580565 0.022872
vt 0.641636 0.022872
vt 0.580565 0.010423
vt 0.575506 0.099272
vt 0.575506 0.023958
vt 0.577623 0.099272
vt 0.579378 0.099272
vt 0.577623 0.099272
vt 0.579378 0.023958
vt 0.573683 0.099272
vt 0.573683 0.023958
vt 0.575506 0.099272
vt 0.644200 0.099287
vt 0.644200 0.023974
vt 0.646318 0.099287
vt 0.648055 0.099287
vt 0.646318 0.099287
vt 0.648055 0.023974
vt 0.642394 0.099287
vt 0.642394 0.023974
vt 0.644200 0.099287
vt 0.591990 0.041080
vt 0.629901 0.041080
vt 0.591990 0.149841
vt 0.938005 0.550323
vt 0.933896 0.551165
vt 0.938005 0.440940
vt 0.982738 0.440940
vt 0.986847 0.440940
vt 0.982738 0.550675
vt 0.986847 0.551536
vt 0.979752 0.570061
vt 0.982738 0.550675
vt 0.960395 0.572589
vt 0.977341 0.565519
vt 0.960387 0.578036
vt 0.960395 0.572589
vt 0.960387 0.578036
vt 0.943319 0.565422
vt 0.943319 0.565422
vt 0.941224 0.570558
vt 0.938005 0.550323
vt 0.929979 0.551791
vt 0.929979 0.440940
vt 0.933896 0.551165
vt 0.941287 0.549701
vt 0.938005 0.550323
vt 0.941287 0.440940
vt 0.945717 0.559430
vt 0.943319 0.565422
vt 0.941287 0.549701
vt 0.941224 0.570558
vt 0.937386 0.575770
vt 0.933896 0.551165
vt 0.960387 0.578036
vt 0.960419 0.583617
vt 0.941224 0.570558
vt 0.960397 0.566664
vt 0.960395 0.572589
vt 0.945717 0.559430
vt 0.960397 0.566664
vt 0.975795 0.559504
vt 0.960395 0.572589
vt 0.960387 0.578036
vt 0.979752 0.570061
vt 0.960419 0.583617
vt 0.979752 0.570061
vt 0.986847 0.551536
vt 0.984038 0.575770
vt 0.975795 0.559504
vt 0.979197 0.549582
vt 0.977341 0.565519
vt 0.982738 0.440940
vt 0.982738 0.550675
vt 0.979197 0.440940
vt 0.990978 0.440940
vt 0.990978 0.552338
vt 0.986847 0.440940
vt 0.995756 0.422732
vt 0.995756 0.410283
vt 0.990932 0.422732
vt 0.929862 0.422732
vt 0.929862 0.410283
vt 0.925022 0.422732
vt 0.990932 0.422732
vt 0.929862 0.422732
vt 0.990932 0.427113
vt 0.990932 0.439554
vt 0.990932 0.427113
vt 0.929862 0.439554
vt 0.929862 0.422732
vt 0.990932 0.422732
vt 0.929862 0.410283
vt 0.924802 0.423818
vt 0.926921 0.423818
vt 0.924802 0.499132
vt 0.928674 0.499132
vt 0.926921 0.499132
vt 0.928674 0.423818
vt 0.922980 0.499132
vt 0.922980 0.423818
vt 0.924802 0.499132
vt 0.993497 0.423834
vt 0.995615 0.423834
vt 0.993497 0.499148
vt 0.997352 0.499148
vt 0.995615 0.499148
vt 0.997352 0.423834
vt 0.991691 0.499148
vt 0.991690 0.423834
vt 0.993497 0.499148
vt 0.941287 0.440940
vt 0.979197 0.440940
vt 0.941287 0.549701
vt 0.860344 0.549729
vt 0.856235 0.550571
vt 0.860344 0.440346
vt 0.909186 0.440346
vt 0.909186 0.550942
vt 0.905077 0.440346
vt 0.909186 0.550942
vt 0.902092 0.569467
vt 0.905077 0.550081
vt 0.882734 0.571995
vt 0.899680 0.564925
vt 0.882726 0.577442
vt 0.882734 0.571995
vt 0.882726 0.577442
vt 0.865658 0.564828
vt 0.865658 0.564828
vt 0.863563 0.569964
vt 0.860344 0.549729
vt 0.852318 0.551197
vt 0.852318 0.440346
vt 0.856235 0.550571
vt 0.863626 0.549107
vt 0.860344 0.549729
vt 0.863626 0.440346
vt 0.868057 0.558836
vt 0.865658 0.564828
vt 0.863626 0.549107
vt 0.863563 0.569964
vt 0.859725 0.575176
vt 0.856235 0.550571
vt 0.863563 0.569964
vt 0.882726 0.577442
vt 0.859725 0.575176
vt 0.882737 0.566070
vt 0.882734 0.571995
vt 0.868057 0.558836
vt 0.882737 0.566070
vt 0.898135 0.558910
vt 0.882734 0.571995
vt 0.882726 0.577442
vt 0.902092 0.569467
vt 0.882759 0.583023
vt 0.909186 0.550942
vt 0.913317 0.551743
vt 0.902092 0.569467
vt 0.898135 0.558910
vt 0.901536 0.548988
vt 0.899680 0.564925
vt 0.905077 0.440346
vt 0.905077 0.550081
vt 0.901536 0.440346
vt 0.913317 0.440346
vt 0.913317 0.551743
vt 0.909186 0.440346
vt 0.918095 0.422138
vt 0.918095 0.409689
vt 0.913272 0.422138
vt 0.852201 0.422138
vt 0.852201 0.409689
vt 0.847361 0.422138
vt 0.913272 0.422138
vt 0.852201 0.422138
vt 0.913272 0.426519
vt 0.913272 0.438960
vt 0.913272 0.426519
vt 0.852201 0.438960
vt 0.852201 0.422138
vt 0.913272 0.422138
vt 0.852201 0.409689
vt 0.847142 0.423224
vt 0.849260 0.423224
vt 0.847142 0.498538
vt 0.851013 0.498538
vt 0.849260 0.498538
vt 0.851013 0.423224
vt 0.845319 0.498538
vt 0.845319 0.423224
vt 0.847142 0.498538
vt 0.915836 0.423240
vt 0.917954 0.423240
vt 0.915836 0.498553
vt 0.919691 0.423240
vt 0.919691 0.498553
vt 0.917954 0.423240
vt 0.914030 0.498553
vt 0.914030 0.423240
vt 0.915836 0.498553
vt 0.863626 0.440346
vt 0.901536 0.440346
vt 0.863626 0.549107
vt 0.938419 0.733441
vt 0.934311 0.734284
vt 0.938419 0.624058
vt 0.987262 0.624058
vt 0.987262 0.734655
vt 0.983153 0.624058
vt 0.987262 0.734655
vt 0.980167 0.753180
vt 0.983153 0.733794
vt 0.960810 0.755708
vt 0.977756 0.748638
vt 0.960802 0.761155
vt 0.960810 0.755708
vt 0.960802 0.761155
vt 0.943734 0.748541
vt 0.943734 0.748541
vt 0.941639 0.753677
vt 0.938419 0.733441
vt 0.930394 0.734910
vt 0.930394 0.624058
vt 0.934311 0.734284
vt 0.941702 0.732820
vt 0.938419 0.733441
vt 0.941702 0.624058
vt 0.946133 0.742549
vt 0.943734 0.748541
vt 0.941702 0.732820
vt 0.941639 0.753677
vt 0.937801 0.758889
vt 0.934311 0.734284
vt 0.960802 0.761155
vt 0.960835 0.766736
vt 0.941639 0.753677
vt 0.960812 0.749783
vt 0.960810 0.755708
vt 0.946133 0.742549
vt 0.960812 0.749783
vt 0.976211 0.742623
vt 0.960810 0.755708
vt 0.960802 0.761155
vt 0.980167 0.753180
vt 0.960835 0.766736
vt 0.980167 0.753180
vt 0.987262 0.734655
vt 0.984453 0.758889
vt 0.976211 0.742623
vt 0.979612 0.732701
vt 0.977756 0.748638
vt 0.979612 0.624058
vt 0.983153 0.624058
vt 0.979612 0.732701
vt 0.991393 0.624058
vt 0.991393 0.735456
vt 0.987262 0.624058
vt 0.996171 0.605851
vt 0.996171 0.593402
vt 0.991347 0.605851
vt 0.930277 0.605851
vt 0.930277 0.593402
vt 0.925436 0.605851
vt 0.991347 0.605851
vt 0.930277 0.605851
vt 0.991347 0.610231
vt 0.991347 0.622673
vt 0.991347 0.610231
vt 0.930277 0.622673
vt 0.991347 0.605851
vt 0.991347 0.593402
vt 0.930277 0.605851
vt 0.925218 0.606937
vt 0.927336 0.606937
vt 0.925218 0.682250
vt 0.929089 0.682250
vt 0.927336 0.682250
vt 0.929089 0.606937
vt 0.923395 0.682250
vt 0.923395 0.606937
vt 0.925218 0.682250
vt 0.993912 0.606953
vt 0.996030 0.606953
vt 0.993912 0.682266
vt 0.997767 0.682266
vt 0.996030 0.682266
vt 0.997767 0.606953
vt 0.992106 0.682266
vt 0.992106 0.606953
vt 0.993912 0.682266
vt 0.941702 0.624058
vt 0.979612 0.624058
vt 0.941702 0.732820
vt 0.588219 0.333123
vt 0.584111 0.333966
vt 0.588219 0.223740
vt 0.637061 0.223740
vt 0.637061 0.334336
vt 0.632953 0.223740
vt 0.637061 0.334336
vt 0.629967 0.352861
vt 0.632953 0.333476
vt 0.610610 0.355389
vt 0.627556 0.348320
vt 0.610602 0.360837
vt 0.610610 0.355389
vt 0.610602 0.360837
vt 0.593534 0.348223
vt 0.593534 0.348223
vt 0.591439 0.353359
vt 0.588219 0.333123
vt 0.580194 0.334591
vt 0.580194 0.223740
vt 0.584111 0.333966
vt 0.591502 0.332502
vt 0.588219 0.333123
vt 0.591502 0.223740
vt 0.595932 0.342231
vt 0.593534 0.348223
vt 0.591502 0.332502
vt 0.591439 0.353359
vt 0.587601 0.358571
vt 0.584111 0.333966
vt 0.610602 0.360837
vt 0.610635 0.366417
vt 0.591439 0.353359
vt 0.610612 0.349464
vt 0.610610 0.355389
vt 0.595932 0.342231
vt 0.610612 0.349464
vt 0.626011 0.342305
vt 0.610610 0.355389
vt 0.629967 0.352861
vt 0.634253 0.358571
vt 0.610602 0.360837
vt 0.637061 0.334336
vt 0.641193 0.335138
vt 0.629967 0.352861
vt 0.626011 0.342305
vt 0.629412 0.332382
vt 0.627556 0.348320
vt 0.632953 0.223740
vt 0.632953 0.333476
vt 0.629412 0.223740
vt 0.641193 0.223740
vt 0.641193 0.335138
vt 0.637061 0.223740
vt 0.645971 0.205532
vt 0.645971 0.193084
vt 0.641147 0.205532
vt 0.580077 0.205532
vt 0.580077 0.193084
vt 0.575237 0.205532
vt 0.641147 0.205532
vt 0.580077 0.205532
vt 0.641147 0.209913
vt 0.641147 0.222354
vt 0.641147 0.209913
vt 0.580077 0.222354
vt 0.580077 0.205532
vt 0.641147 0.205532
vt 0.580077 0.193084
vt 0.575017 0.206619
vt 0.577136 0.206619
vt 0.575017 0.281932
vt 0.578889 0.281932
vt 0.577136 0.281932
vt 0.578889 0.206619
vt 0.573195 0.281932
vt 0.573195 0.206619
vt 0.575017 0.281932
vt 0.643711 0.206635
vt 0.645830 0.206635
vt 0.643711 0.281948
vt 0.647567 0.281948
vt 0.645830 0.281948
vt 0.647567 0.206635
vt 0.641906 0.281948
vt 0.641905 0.206635
vt 0.643711 0.281948
vt 0.591502 0.223740
vt 0.629412 0.223740
vt 0.591502 0.332502
vt 0.753260 0.337315
vt 0.749151 0.338157
vt 0.753260 0.227932
vt 0.802102 0.227932
vt 0.802102 0.338528
vt 0.797993 0.227932
vt 0.802102 0.338528
vt 0.795007 0.357053
vt 0.797993 0.337668
vt 0.775650 0.359581
vt 0.792596 0.352511
vt 0.775642 0.365029
vt 0.775650 0.359581
vt 0.775642 0.365029
vt 0.758575 0.352415
vt 0.758575 0.352415
vt 0.756479 0.357551
vt 0.753260 0.337315
vt 0.745234 0.338784
vt 0.745234 0.227932
vt 0.749151 0.338157
vt 0.756543 0.336694
vt 0.753260 0.337315
vt 0.756543 0.227932
vt 0.760973 0.346423
vt 0.758575 0.352415
vt 0.756543 0.336694
vt 0.756479 0.357551
vt 0.752641 0.362762
vt 0.749151 0.338157
vt 0.775642 0.365029
vt 0.775675 0.370609
vt 0.756479 0.357551
vt 0.775653 0.353656
vt 0.775650 0.359581
vt 0.760973 0.346423
vt 0.775653 0.353656
vt 0.791051 0.346496
vt 0.775650 0.359581
vt 0.775642 0.365029
vt 0.795007 0.357053
vt 0.775675 0.370609
vt 0.795007 0.357053
vt 0.802102 0.338528
vt 0.799293 0.362762
vt 0.791051 0.346496
vt 0.794452 0.336574
vt 0.792596 0.352511
vt 0.797993 0.227932
vt 0.797993 0.337668
vt 0.794452 0.227932
vt 0.806234 0.227932
vt 0.806234 0.339330
vt 0.802102 0.227932
vt 0.811011 0.209724
vt 0.811011 0.197275
vt 0.806187 0.209724
vt 0.745117 0.209724
vt 0.745117 0.197275
vt 0.740277 0.209724
vt 0.806187 0.209724
vt 0.745117 0.209724
vt 0.806187 0.214105
vt 0.806187 0.226546
vt 0.806187 0.214105
vt 0.745117 0.226546
vt 0.745117 0.209724
vt 0.806187 0.209724
vt 0.745117 0.197275
vt 0.740057 0.210810
vt 0.742176 0.210810
vt 0.740057 0.286124
vt 0.743929 0.286124
vt 0.742176 0.286124
vt 0.743929 0.210810
vt 0.738236 0.286124
vt 0.738236 0.210810
vt 0.740057 0.286124
vt 0.808752 0.210826
vt 0.810871 0.210826
vt 0.808752 0.286140
vt 0.812607 0.210826
vt 0.812607 0.286140
vt 0.810871 0.210826
vt 0.808752 0.286140
vt 0.806947 0.286140
vt 0.808752 0.210826
vt 0.756543 0.227932
vt 0.794452 0.227932
vt 0.756543 0.336694
vt 0.670799 0.152533
vt 0.666690 0.153376
vt 0.670799 0.043150
vt 0.719642 0.043150
vt 0.719642 0.153747
vt 0.715532 0.043150
vt 0.719642 0.153747
vt 0.712548 0.172271
vt 0.715532 0.152886
vt 0.693190 0.174799
vt 0.710136 0.167729
vt 0.693183 0.180247
vt 0.693190 0.174799
vt 0.693183 0.180247
vt 0.676114 0.167633
vt 0.676114 0.167633
vt 0.674020 0.172769
vt 0.670799 0.152533
vt 0.662775 0.043150
vt 0.666690 0.043150
vt 0.662775 0.154002
vt 0.674082 0.151912
vt 0.670799 0.152533
vt 0.674082 0.043150
vt 0.678513 0.161641
vt 0.676114 0.167633
vt 0.674082 0.151912
vt 0.674020 0.172769
vt 0.670181 0.177980
vt 0.666690 0.153376
vt 0.693183 0.180247
vt 0.693215 0.185827
vt 0.674020 0.172769
vt 0.693193 0.168874
vt 0.693190 0.174799
vt 0.678513 0.161641
vt 0.693193 0.168874
vt 0.708591 0.161715
vt 0.693190 0.174799
vt 0.712548 0.172271
vt 0.716834 0.177980
vt 0.693183 0.180247
vt 0.712548 0.172271
vt 0.719642 0.153747
vt 0.716834 0.177980
vt 0.708591 0.161715
vt 0.711993 0.151792
vt 0.710136 0.167729
vt 0.715532 0.043150
vt 0.715532 0.152886
vt 0.711993 0.043150
vt 0.723773 0.043150
vt 0.723773 0.154548
vt 0.719642 0.043150
vt 0.728550 0.024942
vt 0.728550 0.012494
vt 0.723728 0.024942
vt 0.662657 0.024942
vt 0.662657 0.012494
vt 0.657817 0.024942
vt 0.723728 0.024942
vt 0.662657 0.024942
vt 0.723728 0.029323
vt 0.723728 0.041764
vt 0.723728 0.029323
vt 0.662657 0.041764
vt 0.662657 0.024942
vt 0.723728 0.024942
vt 0.662657 0.012494
vt 0.657598 0.026029
vt 0.659716 0.026029
vt 0.657598 0.101342
vt 0.661470 0.101342
vt 0.659716 0.101342
vt 0.661470 0.026029
vt 0.655775 0.101342
vt 0.655775 0.026029
vt 0.657598 0.101342
vt 0.726292 0.026045
vt 0.728410 0.026045
vt 0.726292 0.101358
vt 0.730147 0.026045
vt 0.730147 0.101358
vt 0.728410 0.026045
vt 0.724486 0.101358
vt 0.724486 0.026045
vt 0.726292 0.101358
vt 0.674082 0.043150
vt 0.711993 0.043150
vt 0.674082 0.151912
vt 0.671045 0.333792
vt 0.666936 0.334634
vt 0.671045 0.224408
vt 0.719888 0.224408
vt 0.719888 0.335005
vt 0.715778 0.224408
vt 0.719888 0.335005
vt 0.712793 0.353530
vt 0.715778 0.334145
vt 0.693435 0.356058
vt 0.710382 0.348988
vt 0.693428 0.361505
vt 0.693435 0.356058
vt 0.693428 0.361505
vt 0.676360 0.348891
vt 0.676360 0.348891
vt 0.674265 0.354027
vt 0.671045 0.333792
vt 0.663019 0.335260
vt 0.663019 0.224408
vt 0.666936 0.334634
vt 0.674328 0.333170
vt 0.671045 0.333792
vt 0.674328 0.224408
vt 0.678758 0.342899
vt 0.676360 0.348891
vt 0.674328 0.333170
vt 0.674265 0.354027
vt 0.670426 0.359239
vt 0.666936 0.334634
vt 0.693428 0.361505
vt 0.693461 0.367086
vt 0.674265 0.354027
vt 0.693439 0.350133
vt 0.693435 0.356058
vt 0.678758 0.342899
vt 0.693439 0.350133
vt 0.708836 0.342973
vt 0.693435 0.356058
vt 0.693428 0.361505
vt 0.712793 0.353530
vt 0.693461 0.367086
vt 0.712793 0.353530
vt 0.719888 0.335005
vt 0.717079 0.359239
vt 0.708836 0.342973
vt 0.712238 0.333051
vt 0.710382 0.348988
vt 0.715778 0.224408
vt 0.715778 0.334145
vt 0.712238 0.224408
vt 0.724018 0.224408
vt 0.724018 0.335806
vt 0.719888 0.224408
vt 0.728796 0.206200
vt 0.728796 0.193752
vt 0.723973 0.206200
vt 0.662903 0.206200
vt 0.662903 0.193752
vt 0.658063 0.206200
vt 0.723973 0.206200
vt 0.662903 0.206200
vt 0.723973 0.210581
vt 0.723973 0.223022
vt 0.723973 0.210581
vt 0.662903 0.223022
vt 0.662903 0.206200
vt 0.723973 0.206200
vt 0.662903 0.193752
vt 0.657843 0.207287
vt 0.659961 0.207287
vt 0.657843 0.282600
vt 0.661715 0.282600
vt 0.659961 0.282600
vt 0.661715 0.207287
vt 0.656021 0.282600
vt 0.656021 0.207287
vt 0.657843 0.282600
vt 0.726538 0.207303
vt 0.728655 0.207303
vt 0.726538 0.282616
vt 0.730392 0.207303
vt 0.730392 0.282616
vt 0.728655 0.207303
vt 0.724731 0.282616
vt 0.724731 0.207303
vt 0.726538 0.282616
vt 0.674328 0.224408
vt 0.712238 0.224408
vt 0.674328 0.333170
vt 0.860394 0.732336
vt 0.856285 0.733179
vt 0.860394 0.622953
vt 0.909237 0.622953
vt 0.909237 0.733549
vt 0.905128 0.622953
vt 0.909237 0.733549
vt 0.902142 0.752074
vt 0.905128 0.732689
vt 0.882784 0.754602
vt 0.899731 0.747532
vt 0.882777 0.760050
vt 0.882784 0.754602
vt 0.882777 0.760050
vt 0.865709 0.747436
vt 0.865709 0.747436
vt 0.863614 0.752572
vt 0.860394 0.732336
vt 0.852369 0.733804
vt 0.852369 0.622953
vt 0.856285 0.733179
vt 0.863677 0.731715
vt 0.860394 0.732336
vt 0.863677 0.622953
vt 0.868107 0.741444
vt 0.865709 0.747436
vt 0.863677 0.731715
vt 0.863614 0.752572
vt 0.859776 0.757783
vt 0.856285 0.733179
vt 0.882777 0.760050
vt 0.882810 0.765630
vt 0.863614 0.752572
vt 0.882788 0.748677
vt 0.882784 0.754602
vt 0.868107 0.741444
vt 0.882788 0.748677
vt 0.898186 0.741518
vt 0.882784 0.754602
vt 0.902142 0.752074
vt 0.906428 0.757783
vt 0.882777 0.760050
vt 0.902142 0.752074
vt 0.909237 0.733549
vt 0.906428 0.757783
vt 0.898186 0.741518
vt 0.901587 0.731595
vt 0.899731 0.747532
vt 0.905128 0.622953
vt 0.905128 0.732689
vt 0.901587 0.622953
vt 0.913369 0.622953
vt 0.913369 0.734351
vt 0.909237 0.622953
vt 0.918146 0.604745
vt 0.918146 0.592297
vt 0.913322 0.604745
vt 0.852252 0.604745
vt 0.852252 0.592297
vt 0.847412 0.604745
vt 0.913322 0.604745
vt 0.852252 0.604745
vt 0.913322 0.609126
vt 0.913322 0.621567
vt 0.913322 0.609126
vt 0.852252 0.621567
vt 0.852252 0.604745
vt 0.913322 0.604745
vt 0.852252 0.592297
vt 0.847192 0.605832
vt 0.849311 0.605832
vt 0.847192 0.681145
vt 0.851064 0.605832
vt 0.851064 0.681145
vt 0.849311 0.605832
vt 0.845370 0.681145
vt 0.845370 0.605832
vt 0.847192 0.681145
vt 0.915887 0.605848
vt 0.918006 0.605848
vt 0.915887 0.681161
vt 0.919743 0.681161
vt 0.918006 0.681161
vt 0.919743 0.605848
vt 0.914082 0.681161
vt 0.914080 0.605848
vt 0.915887 0.681161
vt 0.863677 0.622953
vt 0.901587 0.622953
vt 0.863677 0.731715
vt 0.507396 0.332697
vt 0.503287 0.333540
vt 0.507396 0.223314
vt 0.556238 0.223314
vt 0.556238 0.333910
vt 0.552129 0.223314
vt 0.556238 0.333910
vt 0.549143 0.352435
vt 0.552129 0.333050
vt 0.529785 0.354963
vt 0.546732 0.347893
vt 0.529778 0.360411
vt 0.529785 0.354963
vt 0.529778 0.360411
vt 0.512710 0.347797
vt 0.512710 0.347797
vt 0.510615 0.352933
vt 0.507396 0.332697
vt 0.499370 0.334166
vt 0.499370 0.223314
vt 0.503287 0.333540
vt 0.510678 0.332076
vt 0.507396 0.332697
vt 0.510678 0.223314
vt 0.515108 0.341805
vt 0.512710 0.347797
vt 0.510678 0.332076
vt 0.510615 0.352933
vt 0.506777 0.358144
vt 0.503287 0.333540
vt 0.510615 0.352933
vt 0.529778 0.360411
vt 0.506777 0.358144
vt 0.529788 0.349038
vt 0.529785 0.354963
vt 0.515108 0.341805
vt 0.529788 0.349038
vt 0.545186 0.341878
vt 0.529785 0.354963
vt 0.529778 0.360411
vt 0.549143 0.352435
vt 0.529811 0.365991
vt 0.549143 0.352435
vt 0.556238 0.333910
vt 0.553429 0.358144
vt 0.545186 0.341878
vt 0.548588 0.331956
vt 0.546732 0.347893
vt 0.552129 0.223314
vt 0.552129 0.333050
vt 0.548588 0.223314
vt 0.560368 0.223314
vt 0.560368 0.334712
vt 0.556238 0.223314
vt 0.565147 0.205106
vt 0.565147 0.192658
vt 0.560323 0.205106
vt 0.499253 0.205106
vt 0.499253 0.192658
vt 0.494413 0.205106
vt 0.560323 0.205106
vt 0.499253 0.205106
vt 0.560323 0.209487
vt 0.560323 0.221928
vt 0.560323 0.209487
vt 0.499253 0.221928
vt 0.499253 0.205106
vt 0.560323 0.205106
vt 0.499253 0.192658
vt 0.494193 0.206192
vt 0.496312 0.206192
vt 0.494193 0.281506
vt 0.498065 0.281506
vt 0.496312 0.281506
vt 0.498065 0.206192
vt 0.492370 0.281506
vt 0.492370 0.206192
vt 0.494193 0.281506
vt 0.562888 0.206209
vt 0.565005 0.206209
vt 0.562888 0.281522
vt 0.566743 0.206209
vt 0.566743 0.281522
vt 0.565005 0.206209
vt 0.561081 0.281522
vt 0.561081 0.206209
vt 0.562888 0.281522
vt 0.510678 0.223314
vt 0.548588 0.223314
vt 0.510678 0.332076
vt 0.506265 0.149956
vt 0.502157 0.150799
vt 0.506265 0.040574
vt 0.555108 0.040574
vt 0.555108 0.151170
vt 0.551000 0.040574
vt 0.555108 0.151170
vt 0.548014 0.169694
vt 0.551000 0.150309
vt 0.528656 0.172222
vt 0.545602 0.165152
vt 0.528649 0.177670
vt 0.528656 0.172222
vt 0.528649 0.177670
vt 0.511580 0.165056
vt 0.511580 0.165056
vt 0.509486 0.170192
vt 0.506265 0.149956
vt 0.498241 0.151425
vt 0.498241 0.040574
vt 0.502157 0.150799
vt 0.509548 0.149335
vt 0.506265 0.149956
vt 0.509548 0.040574
vt 0.513979 0.159064
vt 0.511580 0.165056
vt 0.509548 0.149335
vt 0.509486 0.170192
vt 0.505648 0.175403
vt 0.502157 0.150799
vt 0.509486 0.170192
vt 0.528649 0.177670
vt 0.505648 0.175403
vt 0.528659 0.166297
vt 0.528656 0.172222
vt 0.513979 0.159064
vt 0.528659 0.166297
vt 0.544057 0.159138
vt 0.528656 0.172222
vt 0.528649 0.177670
vt 0.548014 0.169694
vt 0.528681 0.183250
vt 0.548014 0.169694
vt 0.555108 0.151170
vt 0.552300 0.175403
vt 0.544057 0.159138
vt 0.547459 0.149216
vt 0.545602 0.165152
vt 0.551000 0.040574
vt 0.551000 0.150309
vt 0.547459 0.040574
vt 0.559239 0.040574
vt 0.559239 0.151971
vt 0.555108 0.040574
vt 0.564018 0.022366
vt 0.564018 0.009917
vt 0.559194 0.022366
vt 0.498123 0.022366
vt 0.498123 0.009917
vt 0.493283 0.022366
vt 0.559194 0.022366
vt 0.498123 0.022366
vt 0.559194 0.026747
vt 0.559194 0.039188
vt 0.559194 0.026747
vt 0.498123 0.039188
vt 0.498123 0.022366
vt 0.559194 0.022366
vt 0.498123 0.009917
vt 0.493064 0.023452
vt 0.495183 0.023452
vt 0.493064 0.098766
vt 0.496936 0.098766
vt 0.495183 0.098766
vt 0.496936 0.023452
vt 0.491241 0.098766
vt 0.491241 0.023452
vt 0.493064 0.098766
vt 0.561758 0.023468
vt 0.563876 0.023468
vt 0.561758 0.098781
vt 0.565614 0.098781
vt 0.563876 0.098781
vt 0.565614 0.023468
vt 0.559952 0.098781
vt 0.559952 0.023468
vt 0.561758 0.098781
vt 0.509548 0.040574
vt 0.547459 0.040574
vt 0.509548 0.149335
vt 0.861469 0.363968
vt 0.857361 0.364810
vt 0.861469 0.254585
vt 0.910312 0.254585
vt 0.910312 0.365181
vt 0.906203 0.254585
vt 0.910312 0.365181
vt 0.903218 0.383706
vt 0.906203 0.364320
vt 0.883860 0.386234
vt 0.900806 0.379164
vt 0.883853 0.391681
vt 0.883860 0.386234
vt 0.883853 0.391681
vt 0.866784 0.379067
vt 0.866784 0.379067
vt 0.864690 0.384204
vt 0.861469 0.363968
vt 0.853445 0.365436
vt 0.853445 0.254585
vt 0.857361 0.364810
vt 0.864752 0.363346
vt 0.861469 0.363968
vt 0.864752 0.254585
vt 0.869183 0.373075
vt 0.866784 0.379067
vt 0.864752 0.363346
vt 0.864690 0.384204
vt 0.860852 0.389415
vt 0.857361 0.364810
vt 0.883853 0.391681
vt 0.883885 0.397262
vt 0.864690 0.384204
vt 0.883863 0.380309
vt 0.883860 0.386234
vt 0.869183 0.373075
vt 0.883863 0.380309
vt 0.899261 0.373149
vt 0.883860 0.386234
vt 0.883853 0.391681
vt 0.903218 0.383706
vt 0.883885 0.397262
vt 0.910312 0.365181
vt 0.914443 0.365982
vt 0.903218 0.383706
vt 0.899261 0.373149
vt 0.902663 0.363227
vt 0.900806 0.379164
vt 0.906203 0.254585
vt 0.906203 0.364320
vt 0.902663 0.254585
vt 0.914443 0.254585
vt 0.914443 0.365982
vt 0.910312 0.254585
vt 0.919220 0.236377
vt 0.919220 0.223928
vt 0.914398 0.236377
vt 0.853327 0.236377
vt 0.853327 0.223928
vt 0.848487 0.236377
vt 0.914398 0.236377
vt 0.853327 0.236377
vt 0.914398 0.240757
vt 0.914398 0.253199
vt 0.914398 0.240757
vt 0.853327 0.253199
vt 0.914398 0.236377
vt 0.914398 0.223928
vt 0.853327 0.236377
vt 0.848268 0.237463
vt 0.850387 0.237463
vt 0.848268 0.312777
vt 0.852140 0.312777
vt 0.850387 0.312777
vt 0.852140 0.237463
vt 0.846445 0.312777
vt 0.846445 0.237463
vt 0.848268 0.312777
vt 0.916962 0.237479
vt 0.919080 0.237479
vt 0.916962 0.312792
vt 0.920817 0.237479
vt 0.920817 0.312792
vt 0.919080 0.237479
vt 0.915156 0.312792
vt 0.915156 0.237479
vt 0.916962 0.312792
vt 0.864752 0.254585
vt 0.902663 0.254585
vt 0.864752 0.363346
vt 0.939640 0.364113
vt 0.935531 0.364956
vt 0.939640 0.254730
vt 0.988483 0.254730
vt 0.988483 0.365327
vt 0.984373 0.254730
vt 0.988483 0.365327
vt 0.981388 0.383852
vt 0.984373 0.364466
vt 0.962030 0.386380
vt 0.978977 0.379310
vt 0.962023 0.391827
vt 0.962030 0.386380
vt 0.962023 0.391827
vt 0.944955 0.379213
vt 0.944955 0.379213
vt 0.942860 0.384349
vt 0.939640 0.364113
vt 0.931615 0.365582
vt 0.931615 0.254730
vt 0.935531 0.364956
vt 0.942923 0.363492
vt 0.939640 0.364113
vt 0.942923 0.254730
vt 0.947353 0.373221
vt 0.944955 0.379213
vt 0.942923 0.363492
vt 0.942860 0.384349
vt 0.939022 0.389561
vt 0.935531 0.364956
vt 0.962023 0.391827
vt 0.962056 0.397408
vt 0.942860 0.384349
vt 0.947353 0.373221
vt 0.962034 0.380454
vt 0.944955 0.379213
vt 0.977432 0.373295
vt 0.978977 0.379310
vt 0.962034 0.380454
vt 0.981388 0.383852
vt 0.985675 0.389561
vt 0.962023 0.391827
vt 0.988483 0.365327
vt 0.992614 0.366128
vt 0.981388 0.383852
vt 0.977432 0.373295
vt 0.980833 0.363372
vt 0.978977 0.379310
vt 0.984373 0.254730
vt 0.984373 0.364466
vt 0.980833 0.254730
vt 0.992614 0.254730
vt 0.992614 0.366128
vt 0.988483 0.254730
vt 0.997391 0.236522
vt 0.997391 0.224074
vt 0.992568 0.236522
vt 0.931498 0.236522
vt 0.931498 0.224074
vt 0.926658 0.236522
vt 0.992568 0.236522
vt 0.931498 0.236522
vt 0.992568 0.240903
vt 0.992568 0.253344
vt 0.992568 0.240903
vt 0.931498 0.253344
vt 0.992568 0.236522
vt 0.992568 0.224074
vt 0.931498 0.236522
vt 0.926438 0.237609
vt 0.928557 0.237609
vt 0.926438 0.312922
vt 0.930310 0.312922
vt 0.928557 0.312922
vt 0.930310 0.237609
vt 0.924616 0.312922
vt 0.924616 0.237609
vt 0.926438 0.312922
vt 0.995133 0.237625
vt 0.997250 0.237625
vt 0.995133 0.312938
vt 0.998987 0.312938
vt 0.997250 0.312938
vt 0.998987 0.237625
vt 0.993326 0.312938
vt 0.993326 0.237625
vt 0.995133 0.312938
vt 0.942923 0.254730
vt 0.980833 0.254730
vt 0.942923 0.363492
vt 0.754567 0.152848
vt 0.750459 0.153691
vt 0.754567 0.043465
vt 0.803411 0.043465
vt 0.803411 0.154062
vt 0.799301 0.043465
vt 0.803411 0.154062
vt 0.796316 0.172587
vt 0.799301 0.153201
vt 0.776958 0.175115
vt 0.793905 0.168045
vt 0.776951 0.180562
vt 0.776958 0.175115
vt 0.776951 0.180562
vt 0.759883 0.167948
vt 0.759883 0.167948
vt 0.757788 0.173084
vt 0.754567 0.152848
vt 0.746543 0.154317
vt 0.746543 0.043465
vt 0.750459 0.153691
vt 0.757851 0.152227
vt 0.754567 0.152848
vt 0.757851 0.043465
vt 0.762281 0.161956
vt 0.759883 0.167948
vt 0.757851 0.152227
vt 0.757788 0.173084
vt 0.753950 0.178296
vt 0.750459 0.153691
vt 0.776951 0.180562
vt 0.776984 0.186142
vt 0.757788 0.173084
vt 0.776961 0.169190
vt 0.776958 0.175115
vt 0.762281 0.161956
vt 0.776961 0.169190
vt 0.792359 0.162030
vt 0.776958 0.175115
vt 0.776951 0.180562
vt 0.796316 0.172587
vt 0.776984 0.186142
vt 0.803411 0.154062
vt 0.807542 0.154863
vt 0.796316 0.172587
vt 0.792359 0.162030
vt 0.795761 0.152108
vt 0.793905 0.168045
vt 0.799301 0.043465
vt 0.799301 0.153201
vt 0.795761 0.043465
vt 0.807542 0.043465
vt 0.807542 0.154863
vt 0.803411 0.043465
vt 0.812319 0.025258
vt 0.812319 0.012809
vt 0.807496 0.025258
vt 0.746426 0.025258
vt 0.746426 0.012809
vt 0.741586 0.025258
vt 0.807496 0.025258
vt 0.746426 0.025258
vt 0.807496 0.029639
vt 0.807496 0.042080
vt 0.807496 0.029639
vt 0.746426 0.042080
vt 0.807496 0.025258
vt 0.807496 0.012809
vt 0.746426 0.025258
vt 0.741366 0.026344
vt 0.743485 0.026344
vt 0.741366 0.101657
vt 0.745238 0.101657
vt 0.743485 0.101657
vt 0.745238 0.026344
vt 0.739543 0.101657
vt 0.739543 0.026344
vt 0.741366 0.101657
vt 0.810061 0.026360
vt 0.812178 0.026360
vt 0.810061 0.101673
vt 0.813915 0.026360
vt 0.813915 0.101673
vt 0.812178 0.026360
vt 0.808254 0.101673
vt 0.808254 0.026360
vt 0.810061 0.101673
vt 0.757851 0.043465
vt 0.795761 0.043465
vt 0.757851 0.152227
vt 0.761879 0.643347
vt 0.761944 0.602019
vt 0.776852 0.644113
vt 0.798064 0.564330
vt 0.798064 0.644113
vt 0.776852 0.564330
vt 0.798064 0.564330
vt 0.812996 0.601850
vt 0.798064 0.644113
vt 0.812996 0.601850
vt 0.834246 0.601798
vt 0.813176 0.643342
vt 0.813176 0.643342
vt 0.834249 0.643466
vt 0.812865 0.719613
vt 0.813176 0.643342
vt 0.812865 0.719613
vt 0.798064 0.644113
vt 0.776852 0.644113
vt 0.798064 0.644113
vt 0.776852 0.722046
vt 0.761879 0.643347
vt 0.776852 0.644113
vt 0.762085 0.719641
vt 0.762085 0.719641
vt 0.776852 0.722046
vt 0.762715 0.756458
vt 0.798064 0.722046
vt 0.798064 0.768589
vt 0.776852 0.722046
vt 0.812865 0.719613
vt 0.812192 0.756504
vt 0.798064 0.722046
vt 0.833543 0.719865
vt 0.833071 0.756917
vt 0.812865 0.719613
vt 0.133884 0.340561
vt 0.134405 0.386826
vt 0.116461 0.341071
vt 0.176648 0.340607
vt 0.176115 0.386820
vt 0.164205 0.343628
vt 0.164205 0.343628
vt 0.164205 0.402029
vt 0.146332 0.343628
vt 0.133884 0.340561
vt 0.146332 0.343628
vt 0.134405 0.386826
vt 0.133594 0.244883
vt 0.146332 0.245841
vt 0.133884 0.340561
vt 0.164205 0.245841
vt 0.164205 0.343628
vt 0.146332 0.245841
vt 0.176818 0.244880
vt 0.176648 0.340607
vt 0.164205 0.245841
vt 0.133594 0.244883
vt 0.133884 0.340561
vt 0.115819 0.245049
vt 0.133745 0.192793
vt 0.133594 0.244883
vt 0.115825 0.192724
vt 0.164205 0.145732
vt 0.176765 0.193038
vt 0.164205 0.245841
vt 0.164205 0.145732
vt 0.164205 0.245841
vt 0.146332 0.145732
vt 0.146332 0.145732
vt 0.146332 0.245841
vt 0.133745 0.192793
vt 0.470477 0.271505
vt 0.470477 0.348706
vt 0.464180 0.303436
vt 0.479290 0.271505
vt 0.479290 0.348706
vt 0.470477 0.271505
vt 0.479290 0.271505
vt 0.485591 0.303275
vt 0.479290 0.348706
vt 0.494363 0.303310
vt 0.494326 0.348185
vt 0.485591 0.303275
vt 0.485561 0.348071
vt 0.494326 0.348185
vt 0.485398 0.410053
vt 0.485561 0.348071
vt 0.485398 0.410053
vt 0.479290 0.348706
vt 0.479290 0.348706
vt 0.479290 0.412062
vt 0.470477 0.348706
vt 0.464263 0.348087
vt 0.470477 0.348706
vt 0.464381 0.410057
vt 0.464381 0.410057
vt 0.470477 0.412062
vt 0.464556 0.474169
vt 0.470477 0.412062
vt 0.479290 0.412062
vt 0.470477 0.472026
vt 0.485398 0.410053
vt 0.485204 0.474178
vt 0.479290 0.412062
vt 0.494016 0.410255
vt 0.493807 0.474316
vt 0.485398 0.410053
vt 0.049201 0.005364
vt 0.049230 0.027788
vt 0.004539 0.005554
vt 0.049228 0.082256
vt 0.004619 0.081798
vt 0.047835 0.066455
vt 0.047835 0.043615
vt 0.047835 0.066455
vt 0.006110 0.043615
vt 0.049230 0.027788
vt 0.047835 0.043615
vt 0.004607 0.028286
vt 0.092386 0.027350
vt 0.091921 0.043615
vt 0.049230 0.027788
vt 0.091921 0.043615
vt 0.091921 0.066455
vt 0.047835 0.043615
vt 0.092353 0.082564
vt 0.049228 0.082256
vt 0.091921 0.066455
vt 0.092386 0.027350
vt 0.049230 0.027788
vt 0.092327 0.004872
vt 0.123495 0.027306
vt 0.092386 0.027350
vt 0.123422 0.004537
vt 0.145640 0.066455
vt 0.123434 0.082775
vt 0.091921 0.066455
vt 0.145640 0.043615
vt 0.145640 0.066455
vt 0.091921 0.043615
vt 0.145640 0.043615
vt 0.091921 0.043615
vt 0.123495 0.027306
vt 0.203727 0.776490
vt 0.402162 0.776490
vt 0.203727 0.996527
vt 0.644175 0.776490
vt 0.644175 0.996527
vt 0.592676 0.776490
vt 0.463606 0.996527
vt 0.402162 0.996527
vt 0.463606 0.776490
vt 0.515105 0.996527
vt 0.463606 0.996527
vt 0.515105 0.776490
vt 0.515105 0.996527
vt 0.515105 0.776490
vt 0.592676 0.996527
vt 0.644175 0.776490
vt 0.700793 0.776490
vt 0.644175 0.996527
vt 0.999879 0.776490
vt 0.999879 0.996527
vt 0.922475 0.776490
vt 0.872150 0.996527
vt 0.795215 0.996527
vt 0.872150 0.776490
vt 0.700793 0.996527
vt 0.700793 0.776490
vt 0.744890 0.996527
vt 0.744890 0.996527
vt 0.744890 0.776490
vt 0.795215 0.996527
vt 0.458069 0.126082
vt 0.458069 0.480797
vt 0.451913 0.135493
vt 0.245742 0.480797
vt 0.250850 0.469592
vt 0.458069 0.480797
vt 0.245742 0.371279
vt 0.188993 0.371279
vt 0.250889 0.364839
vt 0.188993 0.221781
vt 0.195453 0.232704
vt 0.188993 0.371279
vt 0.242804 0.221781
vt 0.250901 0.233007
vt 0.188993 0.221781
vt 0.380699 0.126082
vt 0.375591 0.135415
vt 0.380699 0.035260
vt 0.289489 0.126082
vt 0.288598 0.035260
vt 0.295881 0.135493
vt 0.288598 0.035260
vt 0.380699 0.035260
vt 0.295538 0.045434
vt 0.295538 0.045434
vt 0.375141 0.045434
vt 0.298098 0.057541
vt 0.295538 0.045434
vt 0.298098 0.057541
vt 0.295881 0.135493
vt 0.375141 0.045434
vt 0.375591 0.135415
vt 0.371515 0.057541
vt 0.295881 0.135493
vt 0.298098 0.129204
vt 0.375591 0.135415
vt 0.195453 0.232704
vt 0.250901 0.233007
vt 0.203006 0.240657
vt 0.195453 0.232704
vt 0.203006 0.240657
vt 0.195453 0.364397
vt 0.195453 0.364397
vt 0.203006 0.357689
vt 0.250889 0.364839
vt 0.250901 0.233007
vt 0.250889 0.364839
vt 0.245600 0.240658
vt 0.298098 0.057541
vt 0.371515 0.057541
vt 0.298098 0.129204
vt 0.203006 0.240657
vt 0.245600 0.240658
vt 0.203006 0.357689
vt 0.570321 0.566117
vt 0.752771 0.566117
vt 0.570321 0.761818
vt 0.197762 0.566117
vt 0.380213 0.566117
vt 0.197763 0.761818
vt 0.007655 0.761818
vt 0.007654 0.566117
vt 0.197763 0.761818
vt 0.224208 0.508562
vt 0.224208 0.492605
vt 0.413672 0.508562
vt 0.413672 0.492605
vt 0.641251 0.492605
vt 0.413672 0.508562
vt 0.007892 0.508562
vt 0.007892 0.492605
vt 0.224208 0.508562
vt 0.641251 0.492605
vt 0.834433 0.492605
vt 0.641251 0.508562
vt 0.641251 0.519675
vt 0.641251 0.508562
vt 0.834433 0.519675
vt 0.007892 0.519675
vt 0.007892 0.508562
vt 0.224208 0.519626
vt 0.413672 0.519626
vt 0.413672 0.508562
vt 0.641251 0.519675
vt 0.224208 0.508562
vt 0.413672 0.508562
vt 0.224208 0.519626
vt 0.224208 0.519626
vt 0.413672 0.519626
vt 0.224208 0.529345
vt 0.413672 0.519626
vt 0.641251 0.519675
vt 0.413672 0.529345
vt 0.007892 0.529393
vt 0.007892 0.519675
vt 0.224208 0.529345
vt 0.641251 0.529393
vt 0.641251 0.519675
vt 0.834433 0.529393
vt 0.641251 0.538263
vt 0.641251 0.529393
vt 0.834433 0.538263
vt 0.007892 0.538263
vt 0.007892 0.529393
vt 0.224208 0.538263
vt 0.413672 0.529345
vt 0.641251 0.529393
vt 0.413672 0.538263
vt 0.224208 0.538263
vt 0.224208 0.529345
vt 0.413672 0.538263
vt 0.854809 0.039756
vt 0.851983 0.023388
vt 0.996097 0.039756
vt 0.854790 0.056785
vt 0.854809 0.039756
vt 0.996097 0.056785
vt 0.840870 0.069303
vt 0.835239 0.055908
vt 0.854790 0.056785
vt 0.835239 0.055908
vt 0.830593 0.041787
vt 0.854809 0.039756
vt 0.835239 0.055908
vt 0.825417 0.110562
vt 0.830593 0.041787
vt 0.835689 0.110562
vt 0.825417 0.110562
vt 0.840870 0.069303
vt 0.835689 0.110562
vt 0.840767 0.148387
vt 0.825417 0.110562
vt 0.825417 0.110562
vt 0.835797 0.162572
vt 0.819254 0.110562
vt 0.835797 0.162572
vt 0.854416 0.178113
vt 0.831978 0.176527
vt 0.840767 0.148387
vt 0.854416 0.161910
vt 0.835797 0.162572
vt 0.996824 0.178113
vt 0.854416 0.178113
vt 0.996824 0.161910
vt 0.996824 0.194076
vt 0.852135 0.194076
vt 0.996824 0.178113
vt 0.693305 0.427658
vt 0.693305 0.446190
vt 0.687450 0.427658
vt 0.647294 0.427658
vt 0.647294 0.446190
vt 0.641439 0.427658
vt 0.687450 0.427658
vt 0.647294 0.427658
vt 0.687450 0.417800
vt 0.687450 0.427658
vt 0.687450 0.446190
vt 0.647294 0.427658
vt 0.707748 0.447648
vt 0.763618 0.447648
vt 0.707748 0.482727
vt 0.763618 0.447648
vt 0.707748 0.447648
vt 0.763618 0.433218
vt 0.707748 0.447648
vt 0.707748 0.482727
vt 0.699177 0.447648
vt 0.772189 0.447648
vt 0.772189 0.482727
vt 0.763618 0.447648
vt 0.380213 0.761818
vt 0.380213 0.566117
vt 0.520114 0.724440
vt 0.380213 0.566117
vt 0.570321 0.566117
vt 0.520114 0.590417
vt 0.121756 0.470035
vt 0.119643 0.482510
vt 0.063363 0.470035
vt 0.063363 0.470035
vt 0.061720 0.478460
vt 0.023712 0.470035
vt 0.174800 0.478981
vt 0.123606 0.478131
vt 0.159859 0.470035
vt 0.159859 0.462686
vt 0.159859 0.470035
vt 0.121756 0.462686
vt 0.063363 0.470035
vt 0.023712 0.470035
vt 0.063363 0.462686
vt 0.121756 0.470035
vt 0.063363 0.470035
vt 0.121756 0.462686
vt 0.063363 0.412239
vt 0.121756 0.412239
vt 0.063363 0.462686
vt 0.631232 0.482815
vt 0.560826 0.483564
vt 0.632646 0.466867
vt 0.690728 0.476947
vt 0.634649 0.475832
vt 0.674728 0.466866
vt 0.554623 0.466867
vt 0.552986 0.475832
vt 0.512543 0.466869
vt 0.554623 0.466867
vt 0.512543 0.466869
vt 0.554623 0.457149
vt 0.685361 0.457147
vt 0.674728 0.466866
vt 0.632646 0.457149
vt 0.632646 0.466867
vt 0.554623 0.466867
vt 0.632646 0.457149
vt 0.554623 0.372729
vt 0.632646 0.372730
vt 0.554623 0.457149
vt 0.854790 0.056785
vt 0.996097 0.056785
vt 0.856649 0.076531
vt 0.840870 0.069303
vt 0.854790 0.056785
vt 0.846828 0.083220
vt 0.841839 0.110562
vt 0.835689 0.110562
vt 0.846828 0.083220
vt 0.847120 0.133604
vt 0.840767 0.148387
vt 0.841839 0.110562
vt 0.854416 0.161910
vt 0.840767 0.148387
vt 0.856749 0.142510
vt 0.996706 0.142510
vt 0.996824 0.161910
vt 0.856749 0.142510
vt 0.224208 0.538263
vt 0.413672 0.538263
vt 0.224208 0.555911
vt 0.413672 0.538263
vt 0.641251 0.538263
vt 0.413672 0.555911
vt 0.007892 0.555911
vt 0.007892 0.538263
vt 0.224208 0.555911
vt 0.641251 0.555911
vt 0.641251 0.538263
vt 0.834433 0.555911
vt 0.570321 0.761818
vt 0.557868 0.724811
vt 0.570321 0.566117
vt 0.015507 0.343242
vt 0.005947 0.343775
vt 0.015507 0.135166
vt 0.026621 0.366623
vt 0.016908 0.372659
vt 0.015507 0.343242
vt 0.058102 0.399029
vt 0.016908 0.372659
vt 0.057272 0.387858
vt 0.089377 0.366623
vt 0.099495 0.372659
vt 0.057272 0.387858
vt 0.107006 0.340667
vt 0.099495 0.372659
vt 0.097725 0.340527
vt 0.107006 0.135047
vt 0.107006 0.340667
vt 0.097725 0.133061
vt 0.015507 0.343242
vt 0.015507 0.135166
vt 0.033514 0.323821
vt 0.026621 0.366623
vt 0.015507 0.343242
vt 0.039143 0.342857
vt 0.057272 0.387858
vt 0.026621 0.366623
vt 0.056990 0.349941
vt 0.089377 0.366623
vt 0.057272 0.387858
vt 0.074701 0.342997
vt 0.097725 0.340527
vt 0.089377 0.366623
vt 0.080781 0.324333
vt 0.097725 0.133061
vt 0.097725 0.340527
vt 0.080782 0.129632
vt 0.080781 0.324333
vt 0.033514 0.323821
vt 0.080782 0.129632
vt 0.039143 0.342857
vt 0.033514 0.323821
vt 0.074701 0.342997
vt 0.036626 0.087040
vt 0.077647 0.087040
vt 0.033514 0.129632
vt 0.380699 0.126082
vt 0.458069 0.126082
vt 0.375591 0.135415
vt 0.251013 0.135415
vt 0.242804 0.126082
vt 0.295881 0.135493
vt 0.250850 0.469592
vt 0.245742 0.480797
vt 0.250889 0.364839
vt 0.242804 0.221781
vt 0.242804 0.126082
vt 0.250901 0.233007
vt 0.295881 0.135493
vt 0.375591 0.135415
vt 0.260858 0.146579
vt 0.451913 0.469436
vt 0.250850 0.469592
vt 0.441132 0.446289
vt 0.451913 0.135493
vt 0.451913 0.469436
vt 0.441132 0.146580
vt 0.260858 0.146579
vt 0.441132 0.146580
vt 0.260858 0.446289
vt 0.260858 0.446289
vt 0.250889 0.364839
vt 0.260858 0.146579
vt 0.008095 0.996526
vt 0.008095 0.776490
vt 0.203727 0.996527
vt 0.922475 0.776490
vt 0.922475 0.996527
vt 0.872150 0.776490
vn -1.000000 0.000000 0.000000
vn 1.000000 0.000000 0.000000
vn -0.007365 0.000000 0.999973
vn 0.000000 -1.000000 0.000000
vn 0.000000 -1.000000 0.000000
vn 0.000000 -1.000000 0.000000
vn 1.000000 0.000000 0.000000
vn -1.000000 0.000000 -0.000000
vn 0.008397 0.000000 -0.999965
vn 0.000000 -1.000000 0.000000
vn -1.000000 0.000000 0.000000
vn 1.000000 0.000000 0.000000
vn -0.000694 0.000000 1.000000
vn 0.000001 0.000000 -1.000000
vn 0.000000 -1.000000 0.000000
vn -0.000624 0.000000 1.000000
vn 0.000000 0.000000 -1.000000
vn 0.000000 -1.000000 0.000000
vn 0.000000 -1.000000 0.000000
vn 0.000000 0.000000 -1.000000
vn -0.000624 0.000000 1.000000
vn 0.000003 -1.000000 -0.000000
vn 0.000000 -1.000000 -0.000000
vn -0.000005 -1.000000 -0.000003
vn -0.000002 -1.000000 -0.000009
vn 0.000003 -1.000000 -0.000007
vn 0.000006 -1.000000 -0.000014
vn -1.000000 0.000000 0.000000
vn -1.000000 0.000000 0.000000
vn -0.967223 0.000000 0.253792
vn 1.000000 0.000000 0.000000
vn 0.999969 0.000000 0.000000
vn 1.000000 0.000000 0.000000
vn 0.860286 0.000000 -0.509751
vn 0.860286 0.000000 -0.509751
vn 0.860286 0.000000 -0.509751
vn -0.871120 0.000000 0.491012
vn -0.967223 0.000000 0.253792
vn -0.261544 0.000000 0.965178
vn -0.261544 0.000000 0.965178
vn -0.261544 0.000000 0.965178
vn 0.000671 0.000000 -0.999969
vn 0.241859 0.000000 -0.970306
vn 0.241859 0.000000 -0.970306
vn -0.240516 0.000000 -0.970641
vn -0.240516 0.000000 -0.970641
vn 0.272805 0.000000 0.962035
vn 0.272805 0.000000 0.962035
vn 0.272805 0.000000 0.962035
vn 0.966613 0.000000 0.256111
vn 0.966613 0.000000 0.256111
vn 0.868770 0.000000 0.495163
vn -0.852870 0.000000 -0.522050
vn -0.852870 0.000000 -0.522050
vn -0.852870 0.000000 -0.522050
vn -1.000000 0.000000 0.000000
vn -1.000000 0.000000 0.000000
vn -0.999969 0.000000 0.000000
vn 1.000000 0.000000 0.000000
vn 1.000000 -0.000001 -0.000005
vn -1.000000 0.000002 -0.000001
vn -0.000000 -1.000000 -0.000009
vn 0.000000 0.000000 -1.000000
vn 0.000000 -0.000004 1.000000
vn -0.000001 -1.000000 0.000000
vn 0.000001 0.000000 1.000000
vn -0.000000 0.000000 -1.000000
vn 0.000000 -1.000000 0.000000
vn -0.000000 0.000000 1.000000
vn 0.000000 0.000000 -1.000000
vn 0.000000 -1.000000 0.000000
vn 0.000000 -1.000000 0.000000
vn -0.000001 -1.000000 0.000002
vn 0.000000 -1.000000 0.000000
vn 0.000003 -1.000000 -0.000000
vn 0.000000 -1.000000 -0.000000
vn -0.000003 -1.000000 -0.000002
vn -0.000001 -1.000000 -0.000005
vn 0.000003 -1.000000 -0.000007
vn 0.000006 -1.000000 -0.000014
vn -1.000000 0.000000 0.000000
vn -1.000000 0.000000 0.000000
vn -0.967223 0.000000 0.253792
vn 0.999969 0.000000 0.000000
vn 0.999969 0.000000 0.000000
vn 1.000000 0.000000 0.000000
vn 0.860286 0.000000 -0.509751
vn 0.860286 0.000000 -0.509751
vn 0.860286 0.000000 -0.509751
vn -0.871120 0.000000 0.491012
vn -0.967223 0.000000 0.253792
vn -0.261544 0.000000 0.965178
vn -0.261544 0.000000 0.965178
vn -0.261544 0.000000 0.965178
vn 0.000671 0.000000 -0.999969
vn 0.241859 0.000000 -0.970306
vn 0.241859 0.000000 -0.970306
vn -0.240516 0.000000 -0.970641
vn -0.240516 0.000000 -0.970641
vn 0.272805 0.000000 0.962035
vn 0.272805 0.000000 0.962035
vn 0.272805 0.000000 0.962035
vn 0.966613 0.000000 0.256111
vn 0.966613 0.000000 0.256111
vn 0.868770 0.000000 0.495163
vn -0.852870 0.000000 -0.522050
vn -0.852870 0.000000 -0.522050
vn -0.852870 0.000000 -0.522050
vn -1.000000 0.000000 0.000000
vn -1.000000 0.000000 0.000000
vn -0.999969 0.000000 0.000000
vn 1.000000 0.000000 0.000000
vn 1.000000 -0.000001 -0.000004
vn -1.000000 0.000002 0.000000
vn -0.000000 -1.000000 -0.000009
vn 0.000000 0.000000 -1.000000
vn 0.000000 -0.000003 1.000000
vn -0.000001 -1.000000 0.000000
vn 0.000000 0.000000 1.000000
vn -0.000001 0.000000 -1.000000
vn 0.000000 -1.000000 0.000000
vn 0.000000 0.000000 1.000000
vn 0.000000 0.000000 -1.000000
vn 0.000000 -1.000000 0.000000
vn 0.000000 -1.000000 0.000000
vn -0.000001 -1.000000 0.000002
vn 0.000000 -1.000000 0.000000
vn -1.000000 0.000000 -0.000000
vn -1.000000 0.000000 -0.000000
vn -1.000000 0.000003 -0.000002
vn -1.000000 0.000001 -0.000005
vn -1.000000 -0.000001 -0.000003
vn -1.000000 -0.000006 -0.000014
vn 0.000000 0.999969 0.000000
vn 0.000000 1.000000 0.000000
vn 0.000000 0.967223 0.253792
vn 0.000000 -1.000000 0.000000
vn 0.000000 -1.000000 0.000000
vn 0.000000 -1.000000 0.000000
vn 0.000000 -0.860286 -0.509751
vn 0.000000 -0.860286 -0.509751
vn 0.000000 -0.860286 -0.509751
vn 0.000000 0.871120 0.491012
vn 0.000000 0.967223 0.253792
vn 0.000000 0.261544 0.965178
vn 0.000000 0.261544 0.965178
vn 0.000000 0.261544 0.965178
vn 0.000000 -0.000671 -0.999969
vn 0.000000 -0.241859 -0.970306
vn 0.000000 -0.241859 -0.970306
vn 0.000000 0.240516 -0.970641
vn 0.000000 0.240516 -0.970641
vn 0.000000 -0.272805 0.962035
vn 0.000000 -0.272805 0.962035
vn 0.000000 -0.272805 0.962035
vn 0.000000 -0.966613 0.256111
vn 0.000000 -0.868770 0.495163
vn 0.000000 -0.868770 0.495163
vn 0.000000 0.852870 -0.522050
vn 0.000000 0.852870 -0.522050
vn 0.000000 0.852870 -0.522050
vn 0.000000 1.000000 0.000000
vn 0.000000 1.000000 0.000000
vn 0.000000 0.999969 0.000000
vn 0.000000 -0.966613 0.256111
vn 0.000000 -0.999969 0.000000
vn 0.000000 -1.000000 -0.000004
vn 0.000002 1.000000 0.000000
vn -1.000000 0.000000 -0.000009
vn -0.000001 0.000000 -1.000000
vn -0.000003 0.000000 1.000000
vn -1.000000 0.000001 0.000000
vn 0.000000 0.000000 1.000000
vn 0.000000 0.000000 -1.000000
vn -1.000000 0.000000 0.000000
vn 0.000000 0.000000 1.000000
vn 0.000000 0.000000 -1.000000
vn -1.000000 0.000000 0.000000
vn -1.000000 0.000000 0.000000
vn -1.000000 0.000001 0.000002
vn -1.000000 0.000000 0.000000
vn -1.000000 0.000000 -0.000000
vn -1.000000 0.000000 -0.000000
vn -1.000000 0.000003 -0.000002
vn -1.000000 0.000001 -0.000005
vn -1.000000 -0.000001 -0.000003
vn -1.000000 -0.000006 -0.000014
vn 0.000000 1.000000 0.000000
vn 0.000000 1.000000 0.000000
vn 0.000000 0.967223 0.253792
vn 0.000000 -1.000000 0.000000
vn 0.000000 -1.000000 0.000000
vn 0.000000 -1.000000 0.000000
vn 0.000000 -0.860286 -0.509751
vn 0.000000 -0.860286 -0.509751
vn 0.000000 -0.860286 -0.509751
vn 0.000000 0.871120 0.491012
vn 0.000000 0.967223 0.253792
vn 0.000000 0.261544 0.965178
vn 0.000000 0.261544 0.965178
vn 0.000000 0.261544 0.965178
vn 0.000000 -0.000671 -0.999969
vn 0.000000 -0.241859 -0.970306
vn 0.000000 -0.241859 -0.970306
vn 0.000000 0.240516 -0.970641
vn 0.000000 0.240516 -0.970641
vn 0.000000 -0.272805 0.962035
vn 0.000000 -0.272805 0.962035
vn 0.000000 -0.272805 0.962035
vn 0.000000 -0.966613 0.256111
vn 0.000000 -0.966613 0.256111
vn 0.000000 -0.868770 0.495163
vn 0.000000 0.852870 -0.522050
vn 0.000000 0.852870 -0.522050
vn 0.000000 0.852870 -0.522050
vn 0.000000 0.999969 0.000000
vn 0.000000 1.000000 0.000000
vn 0.000000 0.999969 0.000000
vn 0.000000 -0.999969 0.000000
vn 0.000001 -1.000000 0.000000
vn 0.000005 1.000000 0.000000
vn -1.000000 0.000000 -0.000009
vn -0.000001 0.000000 -1.000000
vn 0.000001 0.000000 1.000000
vn -1.000000 0.000001 0.000000
vn 0.000000 0.000000 1.000000
vn -0.000005 0.000000 -1.000000
vn -1.000000 0.000000 0.000000
vn 0.000000 0.000000 1.000000
vn 0.000000 0.000000 -1.000000
vn -1.000000 0.000000 0.000000
vn -1.000000 -0.000001 0.000002
vn -1.000000 0.000001 0.000002
vn -1.000000 0.000000 0.000000
vn -1.000000 -0.000003 -0.000000
vn -1.000000 0.000000 -0.000000
vn -1.000000 0.000003 -0.000002
vn -1.000000 0.000001 -0.000005
vn -1.000000 -0.000003 -0.000007
vn -1.000000 -0.000006 -0.000014
vn 0.000000 0.999969 0.000000
vn 0.000000 1.000000 0.000000
vn 0.000000 0.967223 0.253792
vn 0.000000 -1.000000 0.000000
vn 0.000000 -0.999969 0.000000
vn 0.000000 -1.000000 0.000000
vn 0.000000 -0.860286 -0.509751
vn 0.000000 -0.860286 -0.509751
vn 0.000000 -0.860286 -0.509751
vn 0.000000 0.871120 0.491012
vn 0.000000 0.967223 0.253792
vn 0.000000 0.261544 0.965178
vn 0.000000 0.261544 0.965178
vn 0.000000 0.261544 0.965178
vn 0.000000 -0.000671 -0.999969
vn 0.000000 -0.241859 -0.970306
vn 0.000000 -0.241859 -0.970306
vn 0.000000 0.240516 -0.970641
vn 0.000000 0.240516 -0.970641
vn 0.000000 -0.272805 0.962035
vn 0.000000 -0.272805 0.962035
vn 0.000000 -0.272805 0.962035
vn 0.000000 -0.966613 0.256111
vn 0.000000 -0.868770 0.495163
vn 0.000000 -0.868770 0.495163
vn 0.000000 0.852870 -0.522050
vn 0.000000 0.852870 -0.522050
vn 0.000000 0.852870 -0.522050
vn 0.000000 1.000000 0.000000
vn 0.000000 1.000000 0.000000
vn 0.000000 0.999969 0.000000
vn 0.000000 -0.966613 0.256111
vn 0.000000 -1.000000 0.000000
vn -0.000002 -1.000000 -0.000007
vn 0.000002 1.000000 0.000001
vn -1.000000 0.000000 -0.000009
vn 0.000000 0.000000 -1.000000
vn -0.000003 0.000000 1.000000
vn -1.000000 0.000000 0.000000
vn 0.000000 0.000000 1.000000
vn 0.000000 0.000000 -1.000000
vn -1.000000 -0.000000 0.000000
vn 0.000000 -0.000000 1.000000
vn 0.000000 0.000000 -1.000000
vn -1.000000 -0.000000 0.000000
vn -1.000000 -0.000001 0.000000
vn -1.000000 0.000001 0.000002
vn -1.000000 -0.000000 -0.000000
vn -1.000000 0.000000 -0.000000
vn -1.000000 0.000000 0.000000
vn -1.000000 0.000005 -0.000003
vn -1.000000 0.000002 -0.000010
vn -1.000000 -0.000002 -0.000008
vn -1.000000 -0.000006 -0.000014
vn 0.000000 1.000000 0.000000
vn 0.000000 1.000000 0.000000
vn 0.000000 0.967223 0.253792
vn 0.000000 -1.000000 0.000000
vn 0.000000 -1.000000 0.000000
vn 0.000000 -1.000000 0.000000
vn 0.000000 -0.860286 -0.509751
vn 0.000000 -0.860286 -0.509751
vn 0.000000 -0.860286 -0.509751
vn 0.000000 0.871120 0.491012
vn 0.000000 0.967223 0.253792
vn 0.000000 0.261544 0.965178
vn 0.000000 0.261544 0.965178
vn 0.000000 0.261544 0.965178
vn 0.000000 -0.000671 -0.999969
vn 0.000000 -0.241859 -0.970306
vn 0.000000 -0.241859 -0.970306
vn 0.000000 0.240516 -0.970641
vn 0.000000 0.240516 -0.970641
vn 0.000000 -0.272805 0.962035
vn 0.000000 -0.272805 0.962035
vn 0.000000 -0.272805 0.962035
vn 0.000000 -0.966613 0.256111
vn 0.000000 -0.966613 0.256111
vn 0.000000 -0.868770 0.495163
vn 0.000000 0.852870 -0.522050
vn 0.000000 0.852870 -0.522050
vn 0.000000 0.852870 -0.522050
vn 0.000000 1.000000 0.000000
vn 0.000000 1.000000 0.000000
vn 0.000000 1.000000 0.000000
vn 0.000000 -1.000000 0.000000
vn -0.000002 -1.000000 -0.000007
vn 0.000002 1.000000 0.000000
vn -1.000000 0.000000 0.000000
vn -0.000003 0.000000 -1.000000
vn -0.000003 0.000000 1.000000
vn -1.000000 0.000001 0.000000
vn 0.000000 0.000000 1.000000
vn 0.000000 0.000000 -1.000000
vn -1.000000 -0.000001 0.000000
vn 0.000000 0.000000 1.000000
vn 0.000000 0.000000 -1.000000
vn -1.000000 0.000000 0.000000
vn -1.000000 0.000000 0.000000
vn -1.000000 0.000000 0.000000
vn -1.000000 0.000000 0.000000
vn -1.000000 0.000000 -0.000000
vn -1.000000 -0.000001 -0.000000
vn -1.000000 0.000004 -0.000002
vn -1.000000 0.000002 -0.000007
vn -1.000000 -0.000002 -0.000005
vn -1.000000 -0.000006 -0.000014
vn 0.000000 1.000000 0.000000
vn 0.000000 0.967223 0.253823
vn 0.000000 0.967223 0.253792
vn 0.000000 -1.000000 0.000000
vn 0.000000 -1.000000 0.000000
vn 0.000000 -1.000000 0.000000
vn 0.000000 -0.860286 -0.509751
vn 0.000000 -0.860286 -0.509751
vn 0.000000 -0.860286 -0.509751
vn 0.000000 0.871120 0.491012
vn 0.000000 0.261544 0.965178
vn 0.000000 0.261544 0.965178
vn 0.000000 0.261544 0.965178
vn 0.000000 -0.000671 -0.999969
vn 0.000000 -0.241859 -0.970306
vn 0.000000 -0.241859 -0.970306
vn 0.000000 0.240516 -0.970641
vn 0.000000 0.240516 -0.970641
vn 0.000000 -0.272805 0.962035
vn 0.000000 -0.272805 0.962035
vn 0.000000 -0.272805 0.962035
vn 0.000000 -0.966613 0.256111
vn 0.000000 -0.966613 0.256111
vn 0.000000 -0.868770 0.495163
vn 0.000000 0.852870 -0.522050
vn 0.000000 0.852870 -0.522050
vn 0.000000 0.852870 -0.522050
vn 0.000000 1.000000 0.000000
vn 0.000000 1.000000 0.000000
vn 0.000000 1.000000 0.000000
vn 0.000000 -0.999969 0.000000
vn 0.000000 -1.000000 0.000000
vn 0.000002 1.000000 0.000000
vn -1.000000 0.000000 -0.000009
vn 0.000000 0.000000 -1.000000
vn -0.000003 0.000000 1.000000
vn -1.000000 0.000000 0.000000
vn 0.000000 0.000000 1.000000
vn 0.000000 0.000000 -1.000000
vn -1.000000 -0.000000 0.000000
vn 0.000000 0.000000 1.000000
vn 0.000000 0.000000 -1.000000
vn -1.000000 -0.000000 0.000000
vn -1.000000 -0.000000 0.000000
vn -1.000000 0.000001 0.000002
vn -1.000000 -0.000000 -0.000000
vn 1.000000 0.000001 -0.000000
vn 1.000000 0.000003 0.000000
vn 1.000000 -0.000004 -0.000002
vn 1.000000 -0.000002 -0.000007
vn 1.000000 0.000003 -0.000007
vn 1.000000 0.000006 -0.000014
vn 0.000000 -1.000000 0.000000
vn 0.000000 1.000000 -0.000000
vn -0.000006 0.860308 -0.509774
vn 0.000000 -0.871150 0.491018
vn -0.000008 -0.261571 0.965184
vn -0.000012 0.241880 -0.970306
vn -0.000022 -0.240521 -0.970644
vn 0.000000 0.272832 0.962062
vn -0.000003 0.868788 0.495184
vn 0.000000 -0.852897 -0.522079
vn 0.000000 -1.000000 0.000000
vn -0.000004 1.000000 0.000000
vn 0.000000 1.000000 0.000000
vn 0.000000 -1.000000 0.000000
vn 1.000000 -0.000000 -0.000009
vn 0.000000 0.000000 -1.000000
vn 0.000003 0.000000 1.000000
vn 1.000000 -0.000000 0.000000
vn 0.000020 0.000001 1.000000
vn 0.000000 0.000000 -1.000000
vn 1.000000 0.000000 0.000000
vn 0.000000 0.000001 1.000000
vn 0.000000 0.000000 -1.000000
vn 1.000000 0.000000 0.000000
vn 1.000000 0.000000 0.000001
vn 1.000000 -0.000000 0.000001
vn 1.000000 0.000000 0.000000
vn 0.000000 -1.000000 -0.000000
vn 0.000000 -1.000000 0.000000
vn -0.000005 -1.000000 -0.000003
vn -0.000002 -1.000000 -0.000009
vn 0.000003 -1.000000 -0.000007
vn 0.000006 -1.000000 -0.000014
vn -1.000000 0.000000 0.000000
vn -1.000000 0.000000 0.000000
vn -0.967223 0.000000 0.253792
vn 1.000000 0.000000 0.000000
vn 1.000000 0.000000 0.000000
vn 0.999969 0.000000 0.000000
vn 0.860286 0.000000 -0.509751
vn 0.860286 0.000000 -0.509751
vn 0.860286 0.000000 -0.509751
vn -0.871120 0.000000 0.491012
vn -0.967223 0.000000 0.253792
vn -0.261544 0.000000 0.965178
vn -0.261544 0.000000 0.965178
vn -0.261544 0.000000 0.965178
vn 0.000671 0.000000 -0.999969
vn 0.241859 0.000000 -0.970306
vn 0.241859 0.000000 -0.970306
vn -0.240516 0.000000 -0.970641
vn -0.240516 0.000000 -0.970641
vn 0.272805 0.000000 0.962035
vn 0.272805 0.000000 0.962035
vn 0.272805 0.000000 0.962035
vn 0.966613 0.000000 0.256111
vn 0.966613 0.000000 0.256111
vn 0.868770 0.000000 0.495163
vn -0.852870 0.000000 -0.522050
vn -0.852870 0.000000 -0.522050
vn -0.852870 0.000000 -0.522050
vn -1.000000 0.000000 0.000000
vn -1.000000 0.000000 0.000000
vn -1.000000 0.000000 0.000000
vn 1.000000 0.000000 0.000000
vn 1.000000 -0.000001 -0.000005
vn -1.000000 0.000002 0.000000
vn 0.000000 -1.000000 0.000000
vn 0.000000 0.000000 -1.000000
vn 0.000000 -0.000003 1.000000
vn 0.000000 -1.000000 0.000000
vn 0.000000 0.000000 1.000000
vn 0.000000 0.000000 -1.000000
vn 0.000000 -1.000000 0.000000
vn 0.000000 0.000000 1.000000
vn 0.000000 0.000000 -1.000000
vn 0.000000 -1.000000 0.000000
vn 0.000002 -1.000000 0.000004
vn -0.000002 -1.000000 0.000004
vn 0.000000 -1.000000 0.000000
vn 0.000001 -1.000000 -0.000000
vn 0.000000 -1.000000 0.000000
vn -0.000007 -1.000000 -0.000003
vn -0.000003 -1.000000 -0.000011
vn 0.000003 -1.000000 -0.000009
vn 0.000004 -1.000000 -0.000013
vn -0.999969 0.000000 0.000000
vn -1.000000 0.000000 0.000000
vn -0.967223 0.000000 0.253792
vn 1.000000 0.000000 0.000000
vn 1.000000 0.000000 0.000000
vn 1.000000 0.000000 0.000000
vn 0.860286 0.000000 -0.509751
vn 0.860286 0.000000 -0.509751
vn 0.860286 0.000000 -0.509751
vn -0.871120 0.000000 0.491012
vn -0.967223 0.000000 0.253792
vn -0.261544 0.000000 0.965178
vn -0.261544 0.000000 0.965178
vn -0.261544 0.000000 0.965178
vn 0.000671 0.000000 -0.999969
vn 0.241859 0.000000 -0.970306
vn 0.241859 0.000000 -0.970306
vn -0.240516 0.000000 -0.970641
vn -0.240516 0.000000 -0.970641
vn 0.272805 0.000000 0.962035
vn 0.272805 0.000000 0.962035
vn 0.272805 0.000000 0.962035
vn 0.966613 0.000000 0.256111
vn 0.966613 0.000000 0.256111
vn 0.868770 0.000000 0.495163
vn -0.852870 0.000000 -0.522050
vn -0.852870 0.000000 -0.522050
vn -0.852870 0.000000 -0.522050
vn -1.000000 0.000000 0.000000
vn -1.000000 0.000000 0.000000
vn -1.000000 0.000000 0.000000
vn 1.000000 0.000000 0.000000
vn 1.000000 -0.000002 -0.000004
vn -1.000000 0.000000 0.000000
vn -0.000000 -1.000000 -0.000007
vn 0.000000 0.000000 -1.000000
vn 0.000000 0.000000 1.000000
vn -0.000000 -1.000000 0.000000
vn 0.000000 0.000000 1.000000
vn 0.000000 0.000000 -1.000000
vn 0.000000 -1.000000 0.000000
vn 0.000000 0.000000 1.000000
vn 0.000000 0.000000 -1.000000
vn 0.000000 -1.000000 0.000000
vn 0.000001 -1.000000 0.000001
vn -0.000001 -1.000000 0.000001
vn 0.000000 -1.000000 -0.000000
vn -0.000001 1.000000 -0.000000
vn -0.000001 1.000000 -0.000000
vn 0.000004 1.000000 -0.000002
vn 0.000002 1.000000 -0.000007
vn -0.000004 1.000000 -0.000013
vn -0.000004 1.000000 -0.000013
vn 1.000000 0.000000 0.000000
vn 1.000000 0.000000 0.000000
vn 0.967223 0.000000 0.253792
vn -1.000000 0.000000 0.000000
vn -1.000000 0.000000 0.000000
vn -1.000000 0.000000 0.000000
vn -0.860286 0.000000 -0.509751
vn -0.860286 0.000000 -0.509751
vn -0.860286 0.000000 -0.509751
vn 0.871120 0.000000 0.491012
vn 0.967223 0.000000 0.253792
vn 0.261544 0.000000 0.965178
vn 0.261544 0.000000 0.965178
vn 0.261544 0.000000 0.965178
vn -0.000671 0.000000 -0.999969
vn -0.241859 0.000000 -0.970306
vn -0.241859 0.000000 -0.970306
vn 0.240516 0.000000 -0.970641
vn 0.240516 0.000000 -0.970641
vn -0.272805 0.000000 0.962035
vn -0.272805 0.000000 0.962035
vn -0.272805 0.000000 0.962035
vn -0.966613 0.000000 0.256111
vn -0.966613 0.000000 0.256111
vn -0.868770 0.000000 0.495163
vn 0.852870 0.000000 -0.522050
vn 0.852870 0.000000 -0.522050
vn 0.852870 0.000000 -0.522050
vn 0.999969 0.000000 0.000000
vn 0.999969 0.000000 0.000000
vn 0.999969 0.000000 0.000000
vn -0.999969 0.000000 0.000000
vn -1.000000 0.000000 -0.000009
vn 1.000000 -0.000002 0.000000
vn 0.000000 1.000000 -0.000007
vn 0.000000 0.000000 -1.000000
vn 0.000000 0.000003 1.000000
vn 0.000001 1.000000 0.000000
vn 0.000000 0.000000 1.000000
vn 0.000000 0.000000 -1.000000
vn 0.000000 1.000000 0.000000
vn 0.000000 0.000000 1.000000
vn 0.000000 0.000000 -1.000000
vn -0.000000 1.000000 0.000000
vn -0.000001 1.000000 0.000000
vn 0.000001 1.000000 0.000001
vn -0.000000 1.000000 -0.000001
vn 0.000000 1.000000 -0.000001
vn 0.000000 1.000000 0.000000
vn 0.000000 1.000000 0.000000
vn -0.000000 1.000000 -0.000001
vn -0.000000 1.000000 0.000001
vn -0.000008 1.000000 -0.000014
vn 1.000000 0.000000 0.000000
vn 0.999969 0.000000 0.000000
vn 0.967223 0.000000 0.253792
vn -1.000000 0.000000 0.000000
vn -1.000000 0.000000 0.000000
vn -1.000000 0.000000 0.000000
vn -0.860286 0.000000 -0.509751
vn -0.860286 0.000000 -0.509751
vn -0.860286 0.000000 -0.509751
vn 0.871120 0.000000 0.491012
vn 0.967223 0.000000 0.253792
vn 0.261544 0.000000 0.965178
vn 0.261544 0.000000 0.965178
vn 0.261544 0.000000 0.965178
vn -0.000671 0.000000 -0.999969
vn -0.241859 0.000000 -0.970306
vn -0.241859 0.000000 -0.970306
vn 0.240516 0.000000 -0.970641
vn 0.240516 0.000000 -0.970641
vn -0.272805 0.000000 0.962035
vn -0.272805 0.000000 0.962035
vn -0.272805 0.000000 0.962035
vn -0.966613 0.000000 0.256111
vn -0.868770 0.000000 0.495163
vn -0.868770 0.000000 0.495163
vn 0.852870 0.000000 -0.522050
vn 0.852870 0.000000 -0.522050
vn 0.852870 0.000000 -0.522050
vn 1.000000 0.000000 0.000000
vn 1.000000 0.000000 0.000000
vn 1.000000 0.000000 0.000000
vn -0.966613 0.000000 0.256111
vn -1.000000 0.000000 0.000000
vn -1.000000 0.000000 0.000000
vn 1.000000 -0.000002 0.000002
vn 0.000000 1.000000 0.000000
vn 0.000000 0.000000 -1.000000
vn 0.000000 0.000000 1.000000
vn 0.000000 1.000000 0.000000
vn 0.000000 0.000000 1.000000
vn 0.000000 0.000000 -1.000000
vn -0.000001 1.000000 0.000000
vn 0.000000 0.000000 1.000000
vn 0.000000 0.000000 -1.000000
vn 0.000000 1.000000 0.000000
vn -0.000001 1.000000 0.000000
vn 0.000002 1.000000 0.000001
vn 0.000000 1.000000 -0.000001
vn 0.000000 1.000000 -0.000001
vn 0.000000 1.000000 0.000000
vn 0.000000 1.000000 0.000000
vn -0.000000 1.000000 -0.000001
vn -0.000000 1.000000 0.000001
vn -0.000008 1.000000 -0.000014
vn 1.000000 0.000000 0.000000
vn 0.999969 0.000000 0.000000
vn 0.967223 0.000000 0.253792
vn -1.000000 0.000000 0.000000
vn -1.000000 0.000000 0.000000
vn -1.000000 0.000000 0.000000
vn -0.860286 0.000000 -0.509751
vn -0.860286 0.000000 -0.509751
vn -0.860286 0.000000 -0.509751
vn 0.871120 0.000000 0.491012
vn 0.967223 0.000000 0.253792
vn 0.261544 0.000000 0.965178
vn 0.261544 0.000000 0.965178
vn 0.261544 0.000000 0.965178
vn -0.000671 0.000000 -0.999969
vn -0.000671 0.000000 -0.999969
vn -0.241859 0.000000 -0.970306
vn 0.240516 0.000000 -0.970641
vn -0.272805 0.000000 0.962035
vn -0.272805 0.000000 0.962035
vn -0.272805 0.000000 0.962035
vn -0.966613 0.000000 0.256111
vn -0.868770 0.000000 0.495163
vn -0.868770 0.000000 0.495163
vn 0.852870 0.000000 -0.522050
vn 0.852870 0.000000 -0.522050
vn 0.852870 0.000000 -0.522050
vn 1.000000 0.000000 0.000000
vn 1.000000 0.000000 0.000000
vn 1.000000 0.000000 0.000000
vn -0.966613 0.000000 0.256111
vn -1.000000 0.000000 0.000000
vn -1.000000 0.000001 -0.000003
vn 1.000000 -0.000001 -0.000001
vn 0.000000 1.000000 0.000000
vn 0.000000 0.000000 -1.000000
vn 0.000000 0.000000 1.000000
vn 0.000000 1.000000 0.000000
vn 0.000000 0.000000 1.000000
vn 0.000000 0.000000 -1.000000
vn -0.000001 1.000000 0.000000
vn 0.000000 -0.000020 1.000000
vn 0.000000 0.000000 -1.000000
vn 0.000000 1.000000 0.000000
vn -0.000001 1.000000 0.000000
vn 0.000002 1.000000 0.000001
vn 0.000000 1.000000 -0.000001
vn 0.000000 1.000000 -0.000001
vn 0.000000 1.000000 0.000000
vn -0.000003 1.000000 0.000001
vn -0.000002 1.000000 0.000004
vn -0.000000 1.000000 0.000001
vn -0.000008 1.000000 -0.000013
vn 1.000000 0.000000 0.000000
vn 0.999969 0.000000 0.000000
vn 0.967223 0.000000 0.253792
vn -1.000000 0.000000 0.000000
vn -1.000000 0.000000 0.000000
vn -1.000000 0.000000 0.000000
vn -0.860286 0.000000 -0.509751
vn -0.860286 0.000000 -0.509751
vn -0.860286 0.000000 -0.509751
vn 0.871120 0.000000 0.491012
vn 0.967223 0.000000 0.253792
vn 0.261544 0.000000 0.965178
vn 0.261544 0.000000 0.965178
vn 0.261544 0.000000 0.965178
vn -0.000671 0.000000 -0.999969
vn -0.241859 0.000000 -0.970306
vn -0.241859 0.000000 -0.970306
vn 0.240516 0.000000 -0.970641
vn 0.240516 0.000000 -0.970641
vn -0.272805 0.000000 0.962035
vn -0.272805 0.000000 0.962035
vn -0.272805 0.000000 0.962035
vn -0.966613 0.000000 0.256111
vn -0.868770 0.000000 0.495163
vn -0.868770 0.000000 0.495163
vn 0.852870 0.000000 -0.522050
vn 0.852870 0.000000 -0.522050
vn 0.852870 0.000000 -0.522050
vn 0.999969 0.000000 0.000000
vn 1.000000 0.000000 0.000000
vn 0.999969 0.000000 0.000000
vn -0.966613 0.000000 0.256111
vn -1.000000 0.000000 0.000000
vn -1.000000 -0.000001 -0.000002
vn 1.000000 -0.000003 0.000000
vn 0.000000 1.000000 0.000000
vn 0.000000 0.000000 -1.000000
vn 0.000000 0.000000 1.000000
vn 0.000000 1.000000 0.000000
vn 0.000000 0.000000 1.000000
vn 0.000000 0.000000 -1.000000
vn -0.000001 1.000000 0.000000
vn 0.000000 0.000000 1.000000
vn 0.000000 0.000000 -1.000000
vn 0.000000 1.000000 0.000000
vn -0.000000 1.000000 -0.000001
vn 0.000003 1.000000 0.000003
vn 0.000000 1.000000 -0.000002
vn 0.000000 1.000000 0.000000
vn -0.897916 0.000000 -0.440138
vn -0.897916 0.000000 -0.440138
vn -0.912686 0.000000 -0.408582
vn -0.000000 -1.000000 -0.000000
vn 0.911374 0.000000 0.411542
vn 0.897183 0.000000 0.441603
vn 0.897183 0.000000 0.441603
vn 0.845668 0.000000 0.533677
vn 0.845668 0.000000 0.533677
vn 0.000000 -1.000000 0.000000
vn -0.844935 0.000000 -0.534837
vn -0.844935 0.000000 -0.534837
vn -0.000000 1.000000 0.000000
vn -0.000000 1.000000 -0.000000
vn -0.803247 0.000000 -0.595599
vn -0.803247 0.000000 -0.595599
vn 0.000000 -1.000000 0.000000
vn 0.804895 0.000000 0.593402
vn 0.804895 0.000000 0.593402
vn 0.804895 0.000000 0.593402
vn 0.804895 0.000000 0.593402
vn 0.845668 0.000000 0.533677
vn 0.000000 -1.000000 0.000000
vn -0.803247 0.000000 -0.595599
vn -0.803247 0.000000 -0.595599
vn -0.844935 0.000000 -0.534837
vn -0.000000 1.000000 -0.000000
vn 0.000000 1.000000 0.000000
vn -0.844935 0.000000 -0.534837
vn -0.897916 0.000000 -0.440138
vn -0.000000 -1.000000 0.000000
vn 0.845668 0.000000 0.533677
vn 0.897183 0.000000 0.441603
vn 0.897183 0.000000 0.441603
vn 0.911374 0.000000 0.411542
vn 0.000000 -1.000000 0.000000
vn -0.897916 0.000000 -0.440138
vn -0.912686 0.000000 -0.408582
vn 0.000000 1.000000 0.000000
vn -1.000000 0.000000 0.000000
vn 0.000000 -0.897641 -0.440687
vn 0.000000 -0.897641 -0.440687
vn 0.000000 -0.912198 -0.409681
vn 1.000000 -0.000000 -0.000000
vn 0.000000 0.896023 0.443922
vn 0.000000 0.896023 0.443922
vn 0.000000 0.909207 0.416303
vn 0.000000 0.845668 0.533647
vn 0.000000 0.845668 0.533647
vn 1.000000 -0.000000 -0.000000
vn 0.000000 -0.844935 -0.534837
vn 0.000000 -0.844935 -0.534837
vn -1.000000 0.000000 0.000000
vn -1.000000 -0.000000 0.000000
vn 0.000000 -0.803247 -0.595599
vn 0.000000 -0.803247 -0.595599
vn 1.000000 -0.000000 -0.000000
vn 0.000000 0.804895 0.593371
vn 0.000000 0.804895 0.593371
vn 0.000000 0.845668 0.533647
vn 0.000000 0.804895 0.593371
vn 0.000000 0.804895 0.593371
vn 1.000000 0.000000 0.000000
vn 0.000000 -0.844935 -0.534837
vn 0.000000 -0.803247 -0.595599
vn 0.000000 -0.803247 -0.595599
vn -1.000000 0.000000 0.000000
vn -1.000000 0.000000 0.000000
vn 0.000000 -0.897641 -0.440687
vn 0.000000 -0.844935 -0.534837
vn 1.000000 -0.000000 -0.000000
vn 0.000000 0.845668 0.533647
vn 0.000000 0.896023 0.443922
vn 0.000000 0.896023 0.443922
vn 0.000000 0.909207 0.416303
vn 1.000000 -0.000000 -0.000000
vn 0.000000 -0.912198 -0.409681
vn 0.000000 -0.897641 -0.440687
vn -1.000000 0.000000 0.000000
vn -0.000000 1.000000 0.000000
vn 0.000000 -1.000000 0.000000
vn -1.000000 -0.000001 -0.000000
vn -0.000001 1.000000 0.000001
vn -1.000000 0.000000 0.000000
vn -1.000000 -0.000000 -0.000000
vn 0.000000 -1.000000 -0.000001
vn 0.000002 -1.000000 0.000000
vn 0.000000 -1.000000 -0.000001
vn -1.000000 -0.000001 0.000000
vn 0.833705 0.000000 -0.552210
vn -0.000001 0.813271 -0.581885
vn -0.000028 0.871311 -0.490731
vn -0.877628 0.000000 -0.479342
vn 0.000008 -0.991566 0.129603
vn 0.923364 -0.000020 -0.383927
vn -0.999913 -0.000001 -0.013172
vn 0.000001 -0.835909 -0.548868
vn 0.000000 -0.655690 0.754997
vn 0.000000 -0.655690 0.754997
vn 0.000000 -0.655690 0.754997
vn -0.829218 0.000000 0.558886
vn -0.829218 0.000000 0.558886
vn -0.829218 0.000000 0.558886
vn 0.926023 0.000000 0.377392
vn 0.926023 0.000000 0.377392
vn 0.926023 0.000000 0.377392
vn 0.000000 0.774255 0.632832
vn 0.000000 0.774255 0.632832
vn 0.000000 0.774255 0.632832
vn 0.000000 -0.965606 0.259896
vn 0.000000 -0.845454 0.533982
vn 0.000000 -0.845454 0.533982
vn -0.664266 0.000000 0.747459
vn -0.664266 0.000000 0.747459
vn -0.664266 0.000000 0.747459
vn 0.000000 0.908841 0.417066
vn 0.000000 0.908841 0.417066
vn 0.000000 0.908841 0.417066
vn 0.668569 0.000000 0.743614
vn 0.668569 0.000000 0.743614
vn 0.668569 0.000000 0.743614
vn -0.000001 -0.000001 1.000000
vn 0.000000 -0.000002 1.000000
vn 1.000000 0.000000 0.000000
vn -1.000000 0.000000 -0.000000
vn -0.000000 1.000000 0.000001
vn 0.000000 0.000000 -1.000000
vn 0.000000 0.000000 -1.000000
vn 0.000000 -0.000001 -1.000000
vn -0.000001 0.000000 -1.000000
vn 0.652547 0.000000 -0.757744
vn 0.652547 0.000000 -0.757744
vn 0.652547 0.000000 -0.757744
vn 0.000000 0.587970 -0.808863
vn 0.000000 0.587970 -0.808863
vn 0.000000 0.587970 -0.808863
vn 0.000000 -0.587970 -0.808863
vn 0.000000 -0.587970 -0.808863
vn 0.000000 -0.587970 -0.808863
vn -0.652516 0.000000 -0.757744
vn -0.652516 0.000000 -0.757744
vn -0.652516 0.000000 -0.757744
vn -1.000000 -0.000001 0.000003
vn 0.000001 -1.000000 -0.000001
vn -0.000001 1.000000 0.000000
vn 1.000000 0.000000 -0.000002
vn 0.738792 0.000000 0.673910
vn 0.738792 0.000000 0.673910
vn 0.738792 0.000000 0.673910
vn 0.000000 0.721763 0.692099
vn 0.000000 0.721763 0.692099
vn 0.000000 0.721763 0.692099
vn 0.000000 -0.721763 0.692099
vn 0.000000 -0.721763 0.692099
vn 0.000000 -0.721763 0.692099
vn -0.738792 0.000000 0.673910
vn -0.738792 0.000000 0.673910
vn -0.738792 0.000000 0.673910
vn -0.981811 0.000000 0.189825
vn -1.000000 0.000000 0.000000
vn -1.000000 0.000000 0.000000
vn 0.000006 -1.000000 0.000000
vn 0.000000 -1.000000 -0.000008
vn -0.927915 0.000000 0.372753
vn -0.981811 0.000000 0.189825
vn -0.336924 0.064058 0.939329
vn -0.336924 0.064058 0.939329
vn -0.336924 0.064058 0.939329
vn 0.000001 -1.000000 -0.000001
vn -0.000001 -1.000000 -0.000003
vn 0.367046 0.009705 0.930113
vn 0.367046 0.009705 0.930113
vn 0.367046 0.009705 0.930113
vn 0.981445 0.000000 0.191717
vn 0.981445 0.000000 0.191717
vn 0.926450 0.000000 0.376324
vn 0.000000 -1.000000 -0.000001
vn 0.000000 -1.000000 0.000000
vn 0.999969 0.000000 0.000000
vn 1.000000 0.000001 0.000000
vn -1.000000 0.000003 -0.000002
vn -0.000000 -1.000000 -0.000001
vn 0.000000 -0.000000 1.000000
vn 0.000000 0.000000 1.000000
vn 0.000000 -1.000000 0.000000
vn -1.000000 0.000002 -0.000001
vn 1.000000 0.000000 0.000000
vn 0.000000 -1.000000 0.000000
vn 0.000000 -1.000000 0.000000
vn 0.000000 -1.000000 0.000000
vn 0.000000 -0.902982 0.429640
vn 0.000000 -0.902982 0.429640
vn 0.000000 -0.985412 0.169988
vn -0.808679 0.000000 0.588214
vn -0.808679 0.000000 0.588214
vn -0.808679 0.000000 0.588214
vn 0.808679 0.000000 0.588214
vn 0.808679 0.000000 0.588214
vn 0.808679 0.000000 0.588214
vn 1.000000 0.000001 -0.000002
vn -1.000000 -0.000001 0.000001
vn 0.000001 -1.000000 -0.000002
vn 0.000000 0.000000 -1.000000
vn -0.909726 0.000000 0.415174
vn -0.986053 0.000000 0.166234
vn -0.986053 0.000000 0.166234
vn 0.000000 -0.824030 0.566485
vn 0.000000 -0.824030 0.566485
vn 0.000000 -0.824030 0.566485
vn 0.000000 0.824030 0.566515
vn 0.000000 0.824030 0.566515
vn 0.000000 0.824030 0.566515
vn -0.000000 1.000000 0.000002
vn 0.000001 -1.000000 -0.000003
vn -1.000000 -0.000000 0.000002
vn 0.000000 0.000000 -1.000000
vn 1.000000 0.000000 0.000000
vn 1.000000 0.000000 0.000000
vn 0.975371 0.000000 -0.220557
vn 0.975371 0.000000 -0.220557
vn 0.902707 0.000000 -0.430250
vn 0.293374 0.000000 -0.955992
vn 0.293374 0.000000 -0.955992
vn 0.293374 0.000000 -0.955992
vn -0.290719 0.000000 -0.956786
vn -0.290719 0.000000 -0.956786
vn -0.290719 0.000000 -0.956786
vn -0.885647 0.000000 -0.464339
vn -0.885647 0.000000 -0.464339
vn -0.970977 0.000000 -0.239113
vn -0.999969 0.000000 0.000000
vn -0.970977 0.000000 -0.239113
vn 0.000010 0.000000 1.000000
vn 0.000000 0.000002 1.000000
vn -0.000000 -0.000008 1.000000
vn -0.000015 -0.000001 1.000000
vn 0.000000 -1.000000 0.000000
vn 0.000000 -1.000000 0.000000
vn 0.000000 1.000000 0.000000
vn 0.000000 1.000000 0.000000
vn 0.000000 1.000000 0.000000
vn 0.000000 1.000000 0.000000
vn 0.000000 1.000000 0.000000
vn 0.000000 1.000000 0.000000
vn 1.000000 0.000000 0.000000
vn 1.000000 0.000000 0.000000
vn 0.973449 0.000000 -0.228889
vn 0.973449 0.000000 -0.228889
vn 0.895199 0.000000 -0.445631
vn 0.229469 0.000000 -0.973296
vn 0.229469 0.000000 -0.973296
vn 0.001373 0.000000 -0.999969
vn 0.001373 0.000000 -0.999969
vn -0.226783 0.000000 -0.973937
vn -0.876766 0.000000 -0.480880
vn -0.876766 0.000000 -0.480880
vn -0.968688 0.000000 -0.248207
vn -0.968688 0.000000 -0.248207
vn -1.000000 0.000000 0.000000
vn 0.000000 -1.000000 0.000000
vn 0.000000 -1.000000 0.000000
vn 0.000000 -1.000000 0.000000
vn 0.000002 0.000000 1.000000
vn -0.000002 0.000000 1.000000
vn 0.000000 -0.000000 1.000000
vn 0.000000 -0.935893 -0.352286
vn 0.000000 -0.935894 -0.352282
vn -0.967982 -0.000000 -0.251018
vn -0.967986 -0.000000 -0.251005
vn 0.000000 -1.000000 0.000000
vn 0.000000 -1.000000 0.000000
vn 0.000000 -1.000000 0.000000
vn -0.645039 0.000000 0.764122
vn -0.645039 0.000000 0.764122
vn -0.645039 0.000000 0.764122
vn -0.645039 0.000000 0.764122
vn -0.645039 0.000000 0.764122
vn -0.645039 0.000000 0.764122
vn 0.000000 -0.537736 0.843074
vn 0.000000 -0.537736 0.843074
vn 0.000000 -0.537736 0.843074
vn 0.000000 -0.537736 0.843074
vn 0.000000 -0.537736 0.843074
vn 0.000000 -0.537736 0.843074
vn 0.000000 0.712302 0.701865
vn 0.000000 0.712302 0.701865
vn 0.000000 0.712302 0.701865
vn 0.581591 0.000000 0.813471
vn 0.581591 0.000000 0.813471
vn 0.581591 0.000000 0.813471
vn 0.000000 0.000000 1.000000
vn 1.000000 0.000000 0.000000
vn 1.000000 0.000001 0.000000
vn -1.000000 0.000000 0.000000
vn 1.000000 0.000000 0.000000
vn -0.007365 0.000000 0.999973
vn 0.000000 -1.000000 0.000000
vn 0.000000 -1.000000 0.000000
vn 0.000000 -1.000000 0.000000
vn 1.000000 0.000000 0.000000
vn -1.000000 0.000000 -0.000000
vn 0.008397 0.000000 -0.999965
vn 0.000000 -1.000000 0.000000
vn -1.000000 0.000000 0.000000
vn 1.000000 0.000000 0.000000
vn -0.000694 0.000000 1.000000
vn 0.000001 0.000000 -1.000000
vn 0.000000 -1.000000 0.000000
vn -0.000624 0.000000 1.000000
vn 0.000000 0.000000 -1.000000
vn 0.000000 -1.000000 0.000000
vn 0.000000 -1.000000 0.000000
vn 0.000000 0.000000 -1.000000
vn -0.000624 0.000000 1.000000
vn 0.000006 -1.000000 -0.000000
vn 0.000003 -1.000000 0.000000
vn 0.000000 -1.000000 -0.000002
vn -0.000002 -1.000000 -0.000007
vn 0.000002 -1.000000 -0.000007
vn -0.000001 -1.000000 -0.000012
vn 1.000000 0.000000 0.000000
vn 0.860286 0.000000 -0.509751
vn -0.871120 0.000000 0.491012
vn -0.261544 0.000000 0.965178
vn 0.000671 0.000000 -0.999969
vn 0.272805 0.000000 0.962035
vn 0.868770 0.000000 0.495163
vn -0.852870 0.000000 -0.522050
vn -1.000000 0.000000 0.000000
vn 1.000000 0.000000 0.000000
vn 1.000000 -0.000001 -0.000004
vn -1.000000 -0.000000 0.000007
vn 0.000000 -1.000000 0.000004
vn 0.000000 0.000000 -1.000000
vn 0.000001 0.000000 1.000000
vn -0.000001 -1.000000 0.000000
vn 0.000001 0.000000 1.000000
vn -0.000000 0.000000 -1.000000
vn 0.000000 -1.000000 0.000000
vn -0.000000 0.000000 1.000000
vn 0.000000 0.000000 -1.000000
vn -0.000001 -1.000000 -0.000000
vn 0.000006 -1.000000 -0.000000
vn 0.000003 -1.000000 0.000000
vn 0.000000 -1.000000 -0.000001
vn -0.000002 -1.000000 -0.000007
vn 0.000002 -1.000000 -0.000007
vn -0.000001 -1.000000 -0.000012
vn 1.000000 0.000000 0.000000
vn 0.860286 0.000000 -0.509751
vn -0.871120 0.000000 0.491012
vn -0.261544 0.000000 0.965178
vn 0.000671 0.000000 -0.999969
vn 0.272805 0.000000 0.962035
vn 0.868770 0.000000 0.495163
vn -0.852870 0.000000 -0.522050
vn -1.000000 0.000000 0.000000
vn 1.000000 0.000000 0.000000
vn 1.000000 -0.000002 -0.000007
vn -1.000000 0.000000 0.000004
vn 0.000000 -1.000000 0.000004
vn 0.000000 0.000000 -1.000000
vn 0.000001 0.000000 1.000000
vn -0.000001 -1.000000 0.000000
vn 0.000000 0.000000 1.000000
vn -0.000001 0.000000 -1.000000
vn 0.000000 -1.000000 0.000000
vn 0.000000 0.000000 1.000000
vn 0.000000 0.000000 -1.000000
vn -0.000001 -1.000000 -0.000000
vn -1.000000 -0.000006 0.000000
vn -1.000000 0.000000 -0.000000
vn -1.000000 0.000000 -0.000001
vn -1.000000 0.000000 -0.000004
vn -1.000000 -0.000002 -0.000004
vn -1.000000 0.000004 -0.000012
vn 0.000000 -1.000000 0.000000
vn 0.000000 -0.860286 -0.509751
vn 0.000000 0.871120 0.491012
vn 0.000000 0.261544 0.965178
vn 0.000000 -0.000671 -0.999969
vn 0.000000 -0.272805 0.962035
vn 0.000000 0.852870 -0.522050
vn 0.000000 0.999969 0.000000
vn 0.000000 -1.000000 0.000000
vn -0.000002 -1.000000 -0.000009
vn 0.000000 1.000000 0.000007
vn -1.000000 -0.000000 0.000000
vn 0.000000 0.000000 -1.000000
vn 0.000000 -0.000001 1.000000
vn -1.000000 0.000001 0.000000
vn 0.000000 0.000000 1.000000
vn 0.000000 0.000000 -1.000000
vn -1.000000 0.000000 0.000000
vn 0.000000 0.000000 1.000000
vn 0.000000 0.000000 -1.000000
vn -1.000000 0.000001 -0.000000
vn -1.000000 -0.000006 0.000000
vn -1.000000 0.000000 -0.000000
vn -1.000000 0.000000 -0.000001
vn -1.000000 0.000000 -0.000004
vn -1.000000 -0.000002 -0.000004
vn -1.000000 0.000004 -0.000012
vn 0.000000 -1.000000 0.000000
vn 0.000000 -0.860286 -0.509751
vn 0.000000 0.871120 0.491012
vn 0.000000 0.261544 0.965178
vn 0.000000 -0.000671 -0.999969
vn 0.000000 -0.272805 0.962035
vn 0.000000 -0.868770 0.495163
vn 0.000000 0.852870 -0.522050
vn 0.000000 0.999969 0.000000
vn 0.000000 -1.000000 0.000000
vn -0.000004 -1.000000 -0.000013
vn 0.000000 1.000000 0.000013
vn -1.000000 -0.000000 0.000000
vn -0.000001 0.000000 -1.000000
vn -0.000003 -0.000001 1.000000
vn -1.000000 0.000001 0.000000
vn 0.000000 0.000000 1.000000
vn 0.000000 0.000000 -1.000000
vn -1.000000 0.000000 0.000000
vn 0.000000 0.000000 1.000000
vn 0.000000 0.000000 -1.000000
vn -1.000000 0.000001 -0.000000
vn -1.000000 -0.000006 -0.000000
vn -1.000000 0.000000 -0.000000
vn -1.000000 0.000000 -0.000001
vn -1.000000 0.000002 -0.000007
vn -1.000000 -0.000002 -0.000007
vn -1.000000 0.000001 -0.000012
vn 0.000000 -1.000000 0.000000
vn 0.000000 -0.860286 -0.509751
vn 0.000000 0.871120 0.491012
vn 0.000000 0.261544 0.965178
vn 0.000000 -0.000671 -0.999969
vn 0.000000 -0.272805 0.962035
vn 0.000000 0.852870 -0.522050
vn 0.000000 0.999969 0.000000
vn 0.000000 -1.000000 0.000000
vn -0.000002 -1.000000 -0.000007
vn -0.000000 1.000000 0.000007
vn -1.000000 -0.000000 0.000000
vn -0.000001 0.000000 -1.000000
vn 0.000001 -0.000001 1.000000
vn -1.000000 0.000000 0.000000
vn 0.000000 0.000000 1.000000
vn 0.000000 0.000000 -1.000000
vn -1.000000 0.000000 0.000005
vn 0.000000 -0.000000 1.000000
vn 0.000000 0.000000 -1.000000
vn -1.000000 0.000000 -0.000000
vn -1.000000 -0.000006 0.000000
vn -1.000000 0.000000 0.000000
vn -1.000000 0.000000 -0.000002
vn -1.000000 0.000000 -0.000007
vn -1.000000 -0.000002 -0.000007
vn -1.000000 0.000001 -0.000012
vn 0.000000 -1.000000 0.000000
vn 0.000000 -0.860286 -0.509751
vn 0.000000 0.871120 0.491012
vn 0.000000 0.261544 0.965178
vn 0.000000 -0.000671 -0.999969
vn 0.000000 -0.272805 0.962035
vn 0.000000 -0.868770 0.495163
vn 0.000000 0.852870 -0.522050
vn 0.000000 1.000000 0.000000
vn 0.000000 -1.000000 0.000000
vn -0.000002 -1.000000 -0.000007
vn -0.000000 1.000000 0.000007
vn -1.000000 0.000000 0.000000
vn -0.000003 0.000000 -1.000000
vn 0.000000 -0.000000 1.000000
vn -1.000000 0.000001 0.000000
vn 0.000000 0.000000 1.000000
vn 0.000000 0.000000 -1.000000
vn -1.000000 -0.000001 0.000000
vn 0.000000 0.000000 1.000000
vn 0.000000 0.000000 -1.000000
vn -1.000000 0.000000 0.000000
vn -1.000000 -0.000006 0.000000
vn -1.000000 -0.000001 -0.000000
vn -1.000000 -0.000001 -0.000001
vn -1.000000 0.000001 -0.000005
vn -1.000000 -0.000002 -0.000005
vn -1.000000 0.000002 -0.000012
vn 0.000000 1.000000 0.000000
vn 0.000000 -1.000000 0.000000
vn 0.000000 -0.860286 -0.509751
vn 0.000000 0.871120 0.491012
vn 0.000000 0.261544 0.965178
vn 0.000000 -0.000671 -0.999969
vn 0.000000 -0.272805 0.962035
vn 0.000000 -0.868770 0.495163
vn 0.000000 0.852870 -0.522050
vn 0.000000 1.000000 0.000000
vn 0.000000 -1.000000 0.000000
vn -0.000003 -1.000000 -0.000009
vn 0.000000 1.000000 0.000004
vn -1.000000 -0.000000 0.000000
vn -0.000003 0.000000 -1.000000
vn 0.000003 -0.000001 1.000000
vn -1.000000 0.000000 0.000000
vn 0.000000 0.000000 1.000000
vn 0.000000 0.000000 -1.000000
vn -1.000000 -0.000000 0.000000
vn 0.000000 0.000000 1.000000
vn 0.000000 0.000000 -1.000000
vn -1.000000 0.000000 -0.000000
vn 1.000000 0.000006 -0.000000
vn 1.000000 0.000001 0.000000
vn 1.000000 0.000003 -0.000001
vn 1.000000 -0.000002 -0.000007
vn 1.000000 0.000003 -0.000007
vn 1.000000 -0.000001 -0.000012
vn 0.000000 -1.000000 0.000000
vn 0.000000 1.000000 -0.000000
vn -0.000006 0.860308 -0.509774
vn -0.000004 -0.871150 0.491017
vn 0.000000 -0.261570 0.965185
vn 0.000000 0.241878 -0.970307
vn 0.000000 -0.240518 -0.970645
vn 0.000000 0.272832 0.962062
vn 0.000000 0.868788 0.495185
vn -0.000007 -0.852898 -0.522077
vn 0.000000 -1.000000 0.000000
vn -0.000004 1.000000 0.000000
vn 0.000003 1.000000 -0.000009
vn 0.000000 -1.000000 0.000000
vn 1.000000 0.000000 0.000000
vn 0.000000 0.000000 -1.000000
vn 0.000000 0.000000 1.000000
vn 1.000000 -0.000000 0.000005
vn 0.000000 0.000000 1.000000
vn 0.000000 0.000000 -1.000000
vn 1.000000 0.000000 0.000005
vn 0.000000 0.000001 1.000000
vn 0.000000 0.000000 -1.000000
vn 1.000000 -0.000000 0.000000
vn 0.000006 -1.000000 0.000000
vn 0.000000 -1.000000 0.000000
vn 0.000000 -1.000000 -0.000002
vn -0.000002 -1.000000 -0.000007
vn 0.000003 -1.000000 -0.000007
vn -0.000001 -1.000000 -0.000012
vn 0.999969 0.000000 0.000000
vn 0.860286 0.000000 -0.509751
vn -0.871120 0.000000 0.491012
vn -0.261544 0.000000 0.965178
vn 0.000671 0.000000 -0.999969
vn 0.272805 0.000000 0.962035
vn 0.868770 0.000000 0.495163
vn -0.852870 0.000000 -0.522050
vn -1.000000 0.000000 0.000000
vn 1.000000 0.000000 0.000000
vn 1.000000 -0.000001 -0.000004
vn -1.000000 0.000000 0.000007
vn 0.000000 -1.000000 0.000000
vn 0.000000 0.000000 -1.000000
vn 0.000000 0.000000 1.000000
vn -0.000001 -1.000000 0.000011
vn 0.000000 0.000000 1.000000
vn 0.000000 0.000000 -1.000000
vn 0.000000 -1.000000 0.000000
vn 0.000000 0.000000 1.000000
vn 0.000000 0.000000 -1.000000
vn -0.000001 -1.000000 -0.000000
vn 0.000004 -1.000000 -0.000000
vn 0.000001 -1.000000 0.000000
vn 0.000000 -1.000000 -0.000002
vn -0.000001 -1.000000 -0.000005
vn 0.000002 -1.000000 -0.000005
vn 0.000001 -1.000000 -0.000013
vn 1.000000 0.000000 0.000000
vn 0.860286 0.000000 -0.509751
vn -0.871120 0.000000 0.491012
vn -0.261544 0.000000 0.965178
vn 0.000671 0.000000 -0.999969
vn 0.272805 0.000000 0.962035
vn 0.868770 0.000000 0.495163
vn -0.852870 0.000000 -0.522050
vn -1.000000 0.000000 0.000000
vn 1.000000 0.000000 0.000000
vn 1.000000 -0.000002 -0.000004
vn -1.000000 0.000000 0.000000
vn 0.000000 -1.000000 0.000000
vn 0.000000 0.000000 -1.000000
vn 0.000000 0.000000 1.000000
vn -0.000000 -1.000000 0.000000
vn 0.000000 0.000000 1.000000
vn 0.000000 0.000000 -1.000000
vn 0.000000 -1.000000 0.000000
vn 0.000000 0.000000 1.000000
vn 0.000000 0.000000 -1.000000
vn -0.000000 -1.000000 0.000000
vn -0.000004 1.000000 -0.000000
vn 0.000000 1.000000 -0.000000
vn -0.000001 1.000000 -0.000001
vn 0.000003 1.000000 -0.000011
vn -0.000003 1.000000 -0.000011
vn -0.000004 1.000000 -0.000013
vn -1.000000 0.000000 0.000000
vn -0.860286 0.000000 -0.509751
vn 0.871120 0.000000 0.491012
vn 0.261544 0.000000 0.965178
vn -0.000671 0.000000 -0.999969
vn -0.272805 0.000000 0.962035
vn -0.868770 0.000000 0.495163
vn 0.852870 0.000000 -0.522050
vn 0.999969 0.000000 0.000000
vn -1.000000 0.000000 0.000000
vn -1.000000 0.000000 -0.000009
vn 1.000000 0.000000 0.000004
vn -0.000000 1.000000 0.000000
vn 0.000000 0.000000 -1.000000
vn -0.000000 0.000000 1.000000
vn 0.000001 1.000000 0.000000
vn 0.000000 0.000000 1.000000
vn 0.000000 0.000000 -1.000000
vn 0.000000 1.000000 0.000000
vn 0.000000 0.000000 1.000000
vn 0.000000 0.000000 -1.000000
vn 0.000001 1.000000 -0.000000
vn -0.000008 1.000000 0.000000
vn 0.000000 1.000000 0.000000
vn 0.000000 1.000000 0.000000
vn -0.000001 1.000000 0.000000
vn -0.000001 1.000000 0.000000
vn 0.000007 1.000000 -0.000011
vn -1.000000 0.000000 0.000000
vn -0.860286 0.000000 -0.509751
vn 0.871120 0.000000 0.491012
vn 0.261544 0.000000 0.965178
vn -0.000671 0.000000 -0.999969
vn -0.272805 0.000000 0.962035
vn 0.852870 0.000000 -0.522050
vn 1.000000 0.000000 0.000000
vn -1.000000 0.000000 0.000000
vn -1.000000 0.000003 -0.000009
vn 1.000000 0.000000 0.000007
vn 0.000000 1.000000 0.000000
vn 0.000000 0.000000 -1.000000
vn -0.000000 0.000003 1.000000
vn 0.000001 1.000000 0.000016
vn 0.000000 0.000000 1.000000
vn 0.000000 0.000000 -1.000000
vn -0.000001 1.000000 0.000000
vn 0.000000 0.000000 1.000000
vn 0.000000 0.000000 -1.000000
vn 0.000000 1.000000 0.000000
vn -0.000008 1.000000 0.000000
vn 0.000000 1.000000 0.000000
vn 0.000000 1.000000 0.000000
vn -0.000001 1.000000 0.000000
vn -0.000001 1.000000 0.000000
vn 0.000007 1.000000 -0.000011
vn -1.000000 0.000000 0.000000
vn -0.860286 0.000000 -0.509751
vn 0.871120 0.000000 0.491012
vn 0.261544 0.000000 0.965178
vn -0.241859 0.000000 -0.970306
vn 0.240516 0.000000 -0.970641
vn -0.272805 0.000000 0.962035
vn 0.852870 0.000000 -0.522050
vn 1.000000 0.000000 0.000000
vn -1.000000 0.000000 0.000000
vn -1.000000 0.000002 -0.000007
vn 1.000000 0.000001 0.000004
vn 0.000000 1.000000 0.000000
vn 0.000000 0.000000 -1.000000
vn -0.000000 0.000003 1.000000
vn 0.000001 1.000000 0.000016
vn 0.000000 0.000000 1.000000
vn 0.000000 0.000000 -1.000000
vn -0.000001 1.000000 0.000000
vn -0.000001 0.000000 1.000000
vn 0.000000 0.000000 -1.000000
vn 0.000000 1.000000 0.000000
vn -0.000008 1.000000 0.000000
vn -0.000003 1.000000 0.000000
vn 0.000000 1.000000 0.000000
vn 0.000000 1.000000 0.000000
vn -0.000001 1.000000 0.000000
vn 0.000006 1.000000 -0.000010
vn -1.000000 0.000000 0.000000
vn -0.860286 0.000000 -0.509751
vn 0.871120 0.000000 0.491012
vn 0.261544 0.000000 0.965178
vn -0.000671 0.000000 -0.999969
vn -0.272805 0.000000 0.962035
vn 0.852870 0.000000 -0.522050
vn 1.000000 0.000000 0.000000
vn -1.000000 0.000000 0.000000
vn -1.000000 0.000001 -0.000007
vn 1.000000 0.000000 0.000009
vn 0.000000 1.000000 0.000000
vn 0.000000 0.000000 -1.000000
vn -0.000000 0.000003 1.000000
vn 0.000001 1.000000 0.000016
vn 0.000000 0.000000 1.000000
vn 0.000000 0.000000 -1.000000
vn -0.000001 1.000000 0.000000
vn -0.000001 -0.000020 1.000000
vn 0.000000 0.000000 -1.000000
vn 0.000000 1.000000 0.000000
vn 0.000000 1.000000 0.000000
vn -0.912686 0.000000 -0.408582
vn 0.000000 -1.000000 0.000000
vn 0.911374 0.000000 0.411542
vn -0.000001 -1.000000 -0.000000
vn 0.000000 1.000000 0.000000
vn -0.000000 1.000000 -0.000000
vn 0.000000 -1.000000 0.000000
vn -0.000000 -1.000000 0.000000
vn 0.000000 1.000000 -0.000000
vn 0.000000 1.000000 0.000000
vn 0.000000 -1.000000 0.000000
vn 0.911374 0.000000 0.411542
vn -0.000000 -1.000000 0.000000
vn -0.912686 0.000000 -0.408582
vn -0.000000 1.000000 -0.000000
vn -1.000000 -0.000000 0.000000
vn 0.000000 -0.912198 -0.409681
vn 1.000000 0.000000 0.000000
vn 0.000000 0.909207 0.416303
vn 1.000000 -0.000000 -0.000000
vn -1.000000 0.000000 0.000000
vn -1.000000 0.000000 0.000000
vn 1.000000 -0.000000 -0.000000
vn 1.000000 -0.000001 0.000000
vn -1.000000 0.000000 0.000000
vn -1.000000 0.000000 0.000000
vn 1.000000 -0.000000 -0.000000
vn 0.000000 0.909207 0.416303
vn 1.000000 0.000000 0.000000
vn 0.000000 -0.912198 -0.409681
vn -1.000000 0.000000 0.000000
vn -0.000000 1.000000 0.000000
vn 0.000000 -1.000000 0.000000
vn -1.000000 -0.000001 -0.000000
vn 0.000001 1.000000 0.000000
vn -1.000000 0.000000 0.000000
vn -1.000000 -0.000001 -0.000000
vn 0.000000 -1.000000 -0.000001
vn 0.000000 -1.000000 -0.000001
vn 0.000000 -1.000000 -0.000001
vn -1.000000 -0.000001 0.000000
vn 0.833713 0.000001 -0.552199
vn -0.000000 0.813275 -0.581880
vn 0.000000 0.871081 -0.491140
vn -0.877633 0.000001 -0.479332
vn 0.000000 -0.991548 0.129740
vn 0.923226 0.000001 -0.384258
vn -0.999913 -0.000001 -0.013185
vn 0.000000 -0.835902 -0.548879
vn 0.000000 -0.655690 0.754997
vn -0.829218 0.000000 0.558886
vn 0.926023 0.000000 0.377392
vn 0.000000 0.774255 0.632832
vn 0.000000 -0.950499 0.310617
vn -0.664266 0.000000 0.747459
vn 0.000000 0.908841 0.417066
vn 0.668569 0.000000 0.743614
vn -0.000001 -0.000001 1.000000
vn 0.000000 -0.000002 1.000000
vn 1.000000 0.000001 0.000000
vn -1.000000 -0.000001 0.000000
vn -0.000001 1.000000 0.000001
vn 0.000002 0.000000 -1.000000
vn 0.000000 0.000000 -1.000000
vn 0.000000 -0.000002 -1.000000
vn 0.000000 0.000000 -1.000000
vn 0.652547 0.000000 -0.757744
vn 0.000000 0.587970 -0.808863
vn 0.000000 -0.587970 -0.808863
vn -0.652516 0.000000 -0.757744
vn -1.000000 -0.000000 0.000001
vn 0.000001 -1.000000 -0.000002
vn -0.000001 1.000000 0.000000
vn 1.000000 0.000000 0.000000
vn 0.738792 0.000000 0.673910
vn 0.000000 0.721763 0.692099
vn 0.000000 -0.721763 0.692099
vn -0.738792 0.000000 0.673910
vn 0.000000 -1.000000 0.000000
vn -0.000006 -1.000000 -0.000008
vn -0.927915 0.000000 0.372753
vn -0.336924 0.064058 0.939329
vn 0.000000 -1.000000 0.000000
vn 0.000002 -1.000000 0.000000
vn 0.367046 0.009705 0.930113
vn 0.926450 0.000000 0.376324
vn -0.000003 -1.000000 -0.000001
vn 0.000002 -1.000000 0.000000
vn 0.999969 0.000000 0.000000
vn 1.000000 -0.000001 -0.000002
vn -1.000000 0.000000 0.000003
vn 0.000000 -1.000000 0.000001
vn 0.000000 -0.000000 1.000000
vn 0.000000 0.000000 1.000000
vn 0.000000 -1.000000 0.000002
vn -1.000000 0.000000 0.000003
vn 1.000000 0.000000 -0.000001
vn 0.000000 -1.000000 0.000000
vn 0.000000 -1.000000 0.000000
vn 0.000000 -0.985412 0.169988
vn -0.808679 0.000000 0.588214
vn 0.167119 -0.978393 0.121555
vn 1.000000 0.000001 -0.000002
vn -1.000000 -0.000001 0.000002
vn 0.000001 -1.000000 -0.000005
vn -0.000000 0.000000 -1.000000
vn -0.909726 0.000000 0.415174
vn 0.000000 -0.824030 0.566485
vn 0.000000 0.824030 0.566515
vn -0.000000 1.000000 0.000002
vn 0.000001 -1.000000 -0.000002
vn -1.000000 -0.000000 0.000000
vn 0.000000 -0.000000 -1.000000
vn 0.902707 0.000000 -0.430250
vn 0.293374 0.000000 -0.955992
vn -0.290719 0.000000 -0.956786
vn -1.000000 0.000000 0.000000
vn 0.000010 0.000000 1.000000
vn 0.000000 0.000009 1.000000
vn 0.000000 -0.000011 1.000000
vn -0.000002 0.000000 1.000000
vn 0.000000 -1.000000 0.000000
vn 0.000000 1.000000 0.000000
vn 0.000000 1.000000 0.000000
vn 0.000000 1.000000 0.000000
vn 0.000000 1.000000 0.000000
vn 0.000000 1.000000 0.000000
vn 0.000000 1.000000 0.000000
vn 0.895199 0.000000 -0.445631
vn -0.226783 0.000000 -0.973937
vn -1.000000 0.000000 0.000000
vn 0.000000 -1.000000 0.000000
vn 0.000000 -1.000000 0.000000
vn 0.000000 -0.000000 1.000000
vn 0.000000 -0.935893 -0.352286
vn 0.000000 -0.935895 -0.352280
vn -0.967982 -0.000001 -0.251020
vn -0.967985 -0.000000 -0.251007
vn 0.000000 0.712302 0.701865
vn 0.581591 0.000000 0.813471
vn 0.000000 0.000000 1.000000
vn 1.000000 0.000000 0.000000
vn 1.000000 0.000001 0.000000
f 6/1/1 5/2/1 1011/3/1
f 1/4/2 1018/5/2 7/6/2
f 1012/7/3 1015/8/3 2/9/3
f 1013/10/4 12/11/4 11/12/4
f 1017/13/5 1016/14/5 11/15/5
f 1014/16/6 10/17/6 12/18/6
f 1024/19/7 13/20/7 14/21/7
f 1019/22/8 16/23/8 15/24/8
f 1022/25/9 1026/26/9 1028/27/9
f 1027/28/10 1025/29/10 1030/30/10
f 21/31/11 22/32/11 1031/33/11
f 24/34/12 23/35/12 1037/36/12
f 1032/37/13 1040/38/13 17/39/13
f 1038/40/14 1034/41/14 20/42/14
f 1039/43/15 1041/44/15 1033/45/15
f 29/46/16 1044/47/16 25/48/16
f 32/49/17 1045/50/17 28/51/17
f 1046/52/18 31/53/18 1043/54/18
f 33/55/19 34/56/19 36/57/19
f 1047/58/20 1048/59/20 37/60/20
f 1050/61/21 1049/62/21 40/63/21
f 48/64/22 41/65/22 42/66/22
f 67/67/23 63/68/23 62/69/23
f 57/70/24 58/71/24 62/72/24
f 58/73/25 57/74/25 56/75/25
f 56/76/26 49/77/26 50/78/26
f 49/79/27 48/80/27 46/81/27
f 44/82/28 1051/83/29 1052/84/30
f 1054/85/31 1053/86/32 43/87/33
f 1061/88/34 1055/89/35 1057/90/36
f 52/91/37 47/92/38 1052/93/30
f 55/94/39 1065/95/40 1064/96/41
f 1068/97/42 1062/98/43 1059/99/44
f 59/100/45 1072/101/46 1068/102/42
f 1074/103/47 60/104/48 1076/105/49
f 1078/106/50 64/107/51 1077/108/52
f 61/109/53 1079/110/54 1073/111/55
f 1080/112/56 1081/113/57 65/114/58
f 64/115/51 1078/116/50 1085/117/59
f 69/118/60 73/119/60 76/120/60
f 74/121/61 70/122/61 71/123/61
f 1092/124/62 1090/125/62 1086/126/62
f 1087/127/63 1091/128/63 1095/129/63
f 1089/130/64 1096/131/64 1097/132/64
f 82/133/65 78/134/65 77/135/65
f 1098/136/66 1099/137/66 79/138/66
f 83/139/67 1101/140/67 1100/141/67
f 90/142/68 86/143/68 85/144/68
f 1102/145/69 1103/146/69 87/147/69
f 91/148/70 1105/149/70 1104/150/70
f 1083/151/71 1082/152/71 1058/153/71
f 1069/154/72 1082/155/72 1071/156/72
f 1058/157/73 1069/158/73 1060/159/73
f 1058/160/74 1082/161/74 1069/162/74
f 100/163/75 93/164/75 94/165/75
f 119/166/76 115/167/76 114/168/76
f 109/169/77 110/170/77 114/171/77
f 110/172/78 109/173/78 108/174/78
f 108/175/79 101/176/79 102/177/79
f 101/178/80 100/179/80 98/180/80
f 96/181/81 1106/182/82 1107/183/83
f 1109/184/84 1108/185/85 95/186/86
f 1116/187/87 1110/188/88 1112/189/89
f 104/190/90 99/191/91 1107/192/83
f 107/193/92 1120/194/93 1119/195/94
f 1123/196/95 1117/197/96 1114/198/97
f 111/199/98 1127/200/99 1123/201/95
f 1129/202/100 112/203/101 1131/204/102
f 1133/205/103 116/206/104 1132/207/105
f 113/208/106 1134/209/107 1128/210/108
f 1135/211/109 1136/212/110 117/213/111
f 116/214/104 1133/215/103 1140/216/112
f 121/217/113 125/218/113 128/219/113
f 126/220/114 122/221/114 123/222/114
f 1147/223/115 1145/224/115 1141/225/115
f 1142/226/116 1146/227/116 1150/228/116
f 1144/229/117 1151/230/117 1152/231/117
f 130/232/118 129/233/118 133/234/118
f 1153/235/119 1154/236/119 131/237/119
f 135/238/120 1156/239/120 1155/240/120
f 138/241/121 137/242/121 141/243/121
f 1157/244/122 1158/245/122 139/246/122
f 143/247/123 1160/248/123 1159/249/123
f 1138/250/124 1137/251/124 1113/252/124
f 1124/253/125 1137/254/125 1126/255/125
f 1113/256/126 1124/257/126 1115/258/126
f 1113/259/127 1137/260/127 1124/261/127
f 152/262/128 145/263/128 146/264/128
f 167/265/129 166/266/129 170/267/129
f 161/268/130 162/269/130 166/270/130
f 162/271/131 161/272/131 160/273/131
f 160/274/132 153/275/132 154/276/132
f 153/277/133 152/278/133 150/279/133
f 148/280/134 1161/281/135 1162/282/136
f 1164/283/137 1163/284/138 147/285/139
f 1171/286/140 1165/287/141 1167/288/142
f 156/289/143 151/290/144 1162/291/136
f 1176/292/145 159/293/146 1175/294/147
f 1178/295/148 1172/296/149 1169/297/150
f 163/298/151 1182/299/152 1178/300/148
f 1184/301/153 164/302/154 1186/303/155
f 168/304/156 1187/305/157 1185/306/158
f 165/307/159 1189/308/160 1183/309/161
f 1190/310/162 1191/311/163 169/312/164
f 168/313/156 1188/314/165 1195/315/166
f 173/316/167 177/317/167 180/318/167
f 178/319/168 174/320/168 175/321/168
f 1202/322/169 1200/323/169 1196/324/169
f 1197/325/170 1201/326/170 1205/327/170
f 1199/328/171 1206/329/171 1207/330/171
f 182/331/172 181/332/172 185/333/172
f 1208/334/173 1209/335/173 183/336/173
f 187/337/174 1211/338/174 1210/339/174
f 190/340/175 189/341/175 193/342/175
f 192/343/176 1212/344/176 1213/345/176
f 195/346/177 1215/347/177 1214/348/177
f 1193/349/178 1192/350/178 1168/351/178
f 1179/352/179 1192/353/179 1181/354/179
f 1168/355/180 1179/356/180 1170/357/180
f 1168/358/181 1192/359/181 1179/360/181
f 204/361/182 197/362/182 198/363/182
f 219/364/183 218/365/183 222/366/183
f 213/367/184 214/368/184 218/369/184
f 214/370/185 213/371/185 212/372/185
f 212/373/186 205/374/186 206/375/186
f 205/376/187 204/377/187 202/378/187
f 200/379/188 1216/380/189 1217/381/190
f 1219/382/191 1218/383/192 199/384/193
f 1226/385/194 1220/386/195 1222/387/196
f 208/388/197 203/389/198 1217/390/190
f 211/391/199 1230/392/200 1229/393/201
f 1233/394/202 1227/395/203 1224/396/204
f 215/397/205 1237/398/206 1233/399/202
f 1239/400/207 216/401/208 1241/402/209
f 1243/403/210 220/404/211 1242/405/212
f 217/406/213 1244/407/214 1238/408/215
f 1249/409/216 1245/410/217 1246/411/218
f 220/412/211 1243/413/210 1250/414/219
f 225/415/220 229/416/220 232/417/220
f 230/418/221 226/419/221 227/420/221
f 1257/421/222 1255/422/222 1251/423/222
f 1252/424/223 1256/425/223 1260/426/223
f 1261/427/224 1262/428/224 1258/429/224
f 234/430/225 233/431/225 237/432/225
f 1263/433/226 1264/434/226 235/435/226
f 239/436/227 1266/437/227 1265/438/227
f 242/439/228 241/440/228 245/441/228
f 1267/442/229 1268/443/229 243/444/229
f 247/445/230 1270/446/230 1269/447/230
f 1248/448/231 1247/449/231 1223/450/231
f 1234/451/232 1247/452/232 1236/453/232
f 1223/454/233 1234/455/233 1225/456/233
f 1223/457/234 1247/458/234 1234/459/234
f 256/460/235 249/461/235 250/462/235
f 271/463/236 270/464/236 274/465/236
f 265/466/237 266/467/237 270/468/237
f 266/469/238 265/470/238 264/471/238
f 264/472/239 257/473/239 258/474/239
f 257/475/240 256/476/240 254/477/240
f 252/478/241 1271/479/242 1272/480/243
f 1274/481/244 1273/482/245 251/483/246
f 1281/484/247 1275/485/248 1277/486/249
f 260/487/250 255/488/251 1272/489/243
f 263/490/252 1285/491/253 1284/492/254
f 1288/493/255 1282/494/256 1279/495/257
f 267/496/258 1292/497/259 1288/498/255
f 268/499/260 1296/500/261 1287/501/262
f 272/502/263 1297/503/264 1295/504/265
f 269/505/266 1299/506/267 1293/507/268
f 1300/508/269 1301/509/270 273/510/271
f 272/511/263 1298/512/272 1305/513/273
f 277/514/274 281/515/274 284/516/274
f 282/517/275 278/518/275 279/519/275
f 1312/520/276 1310/521/276 1306/522/276
f 1307/523/277 1311/524/277 1315/525/277
f 1309/526/278 1316/527/278 1317/528/278
f 286/529/279 285/530/279 289/531/279
f 1318/532/280 1319/533/280 287/534/280
f 291/535/281 1321/536/281 1320/537/281
f 294/538/282 293/539/282 297/540/282
f 1322/541/283 1323/542/283 295/543/283
f 299/544/284 1325/545/284 1324/546/284
f 1303/547/285 1302/548/285 1278/549/285
f 1289/550/286 1302/551/286 1291/552/286
f 1278/553/287 1289/554/287 1280/555/287
f 1278/556/288 1302/557/288 1289/558/288
f 308/559/289 301/560/289 302/561/289
f 323/562/290 322/563/290 326/564/290
f 317/565/291 318/566/291 322/567/291
f 318/568/292 317/569/292 316/570/292
f 316/571/293 309/572/293 310/573/293
f 309/574/294 308/575/294 306/576/294
f 304/577/295 1326/578/296 1327/579/297
f 1329/580/298 1328/581/299 303/582/300
f 1336/583/301 1330/584/302 1332/585/303
f 312/586/304 307/587/305 1327/588/297
f 315/589/306 1340/590/307 1339/591/308
f 1343/592/309 1337/593/310 1334/594/311
f 319/595/312 1347/596/313 1343/597/309
f 1349/598/314 320/599/315 1351/600/316
f 1353/601/317 324/602/318 1352/603/319
f 321/604/320 1354/605/321 1348/606/322
f 1355/607/323 1356/608/324 325/609/325
f 324/610/318 1353/611/317 1360/612/326
f 329/613/327 333/614/327 336/615/327
f 334/616/328 330/617/328 331/618/328
f 1367/619/329 1365/620/329 1361/621/329
f 1362/622/330 1366/623/330 1370/624/330
f 1364/625/331 1371/626/331 1372/627/331
f 338/628/332 337/629/332 341/630/332
f 1373/631/333 1374/632/333 339/633/333
f 343/634/334 1376/635/334 1375/636/334
f 346/637/335 345/638/335 349/639/335
f 348/640/336 1377/641/336 1378/642/336
f 352/643/337 351/644/337 1380/645/337
f 1358/646/338 1357/647/338 1333/648/338
f 1344/649/339 1357/650/339 1346/651/339
f 1333/652/340 1344/653/340 1335/654/340
f 1333/655/341 1357/656/341 1344/657/341
f 360/658/342 353/659/342 354/660/342
f 375/661/343 374/662/343 378/663/343
f 369/664/344 370/665/344 374/666/344
f 370/667/345 369/668/345 368/669/345
f 368/670/346 361/671/346 362/672/346
f 361/673/347 360/674/347 358/675/347
f 1381/676/348 1382/677/349 359/678/350
f 1384/679/351 1383/680/352 355/681/353
f 1391/682/354 1385/683/355 1387/684/356
f 364/685/357 359/686/350 1382/687/349
f 367/688/358 1395/689/359 1394/690/360
f 1398/691/361 1392/692/362 1389/693/363
f 371/694/364 1402/695/365 1398/696/361
f 372/697/366 1406/698/367 1397/699/368
f 1408/700/369 376/701/370 1407/702/371
f 373/703/372 1409/704/373 1403/705/374
f 1410/706/375 1411/707/376 377/708/377
f 376/709/370 1408/710/369 1415/711/378
f 381/712/379 385/713/379 388/714/379
f 386/715/380 382/716/380 383/717/380
f 1422/718/381 1420/719/381 1416/720/381
f 1417/721/382 1421/722/382 1425/723/382
f 1419/724/383 1426/725/383 1427/726/383
f 390/727/384 389/728/384 393/729/384
f 1428/730/385 1429/731/385 391/732/385
f 395/733/386 1431/734/386 1430/735/386
f 398/736/387 397/737/387 401/738/387
f 400/739/388 1432/740/388 1433/741/388
f 403/742/389 1435/743/389 1434/744/389
f 1413/745/390 1412/746/390 1388/747/390
f 1399/748/391 1412/749/391 1401/750/391
f 1388/751/392 1399/752/392 1390/753/392
f 1388/754/393 1412/755/393 1399/756/393
f 412/757/394 405/758/394 406/759/394
f 427/760/395 426/761/395 430/762/395
f 421/763/396 422/764/396 426/765/396
f 422/766/397 421/767/397 420/768/397
f 420/769/398 413/770/398 414/771/398
f 413/772/399 412/773/399 410/774/399
f 408/775/400 1436/776/400 1437/777/400
f 1439/778/401 1438/779/401 407/780/401
f 1446/781/402 1440/782/402 1442/783/402
f 416/784/403 411/785/403 1437/786/403
f 419/787/404 1450/788/404 1449/789/404
f 1453/790/405 1447/791/405 1444/792/405
f 423/793/406 1457/794/406 1453/795/406
f 1459/796/407 424/797/407 1461/798/407
f 1463/799/408 428/800/408 1462/801/408
f 425/802/409 1464/803/409 1458/804/409
f 1465/805/410 1466/806/410 429/807/410
f 428/808/411 1463/809/411 1470/810/411
f 433/811/412 437/812/412 440/813/412
f 438/814/413 434/815/413 435/816/413
f 1477/817/414 1475/818/414 1471/819/414
f 1472/820/415 1476/821/415 1480/822/415
f 1474/823/416 1481/824/416 1482/825/416
f 442/826/417 441/827/417 445/828/417
f 1483/829/418 1484/830/418 443/831/418
f 447/832/419 1486/833/419 1485/834/419
f 450/835/420 449/836/420 453/837/420
f 452/838/421 1487/839/421 1488/840/421
f 455/841/422 1490/842/422 1489/843/422
f 1468/844/423 1467/845/423 1443/846/423
f 1454/847/424 1467/848/424 1456/849/424
f 1443/850/425 1454/851/425 1445/852/425
f 1443/853/426 1467/854/426 1454/855/426
f 464/856/427 457/857/427 458/858/427
f 479/859/428 478/860/428 482/861/428
f 473/862/429 474/863/429 478/864/429
f 474/865/430 473/866/430 472/867/430
f 472/868/431 465/869/431 466/870/431
f 465/871/432 464/872/432 462/873/432
f 460/874/433 1491/875/434 1492/876/435
f 1494/877/436 1493/878/437 459/879/438
f 1501/880/439 1495/881/440 1497/882/441
f 468/883/442 463/884/443 1492/885/435
f 471/886/444 1505/887/445 1504/888/446
f 1508/889/447 1502/890/448 1499/891/449
f 475/892/450 1512/893/451 1508/894/447
f 476/895/452 1516/896/453 1507/897/454
f 1518/898/455 480/899/456 1517/900/457
f 477/901/458 1519/902/459 1513/903/460
f 1520/904/461 1521/905/462 481/906/463
f 480/907/456 1518/908/455 1525/909/464
f 485/910/465 489/911/465 492/912/465
f 490/913/466 486/914/466 487/915/466
f 1532/916/467 1530/917/467 1526/918/467
f 1527/919/468 1531/920/468 1535/921/468
f 1529/922/469 1536/923/469 1537/924/469
f 494/925/470 493/926/470 497/927/470
f 496/928/471 1538/929/471 1539/930/471
f 499/931/472 1541/932/472 1540/933/472
f 502/934/473 501/935/473 505/936/473
f 1542/937/474 1543/938/474 503/939/474
f 507/940/475 1545/941/475 1544/942/475
f 1523/943/476 1522/944/476 1498/945/476
f 1509/946/477 1522/947/477 1511/948/477
f 1498/949/478 1509/950/478 1500/951/478
f 1498/952/479 1522/953/479 1509/954/479
f 516/955/480 509/956/480 510/957/480
f 531/958/481 530/959/481 534/960/481
f 525/961/482 526/962/482 530/963/482
f 526/964/483 525/965/483 524/966/483
f 524/967/484 517/968/484 518/969/484
f 517/970/485 516/971/485 514/972/485
f 512/973/486 1546/974/487 1547/975/488
f 1549/976/489 1548/977/490 511/978/491
f 1556/979/492 1550/980/493 1552/981/494
f 520/982/495 515/983/496 1547/984/488
f 1561/985/497 523/986/498 1560/987/499
f 1563/988/500 1557/989/501 1554/990/502
f 527/991/503 1567/992/504 1563/993/500
f 1569/994/505 528/995/506 1571/996/507
f 1573/997/508 532/998/509 1572/999/510
f 529/1000/511 1574/1001/512 1568/1002/513
f 1575/1003/514 1576/1004/515 533/1005/516
f 532/1006/509 1573/1007/508 1580/1008/517
f 537/1009/518 541/1010/518 544/1011/518
f 542/1012/519 538/1013/519 539/1014/519
f 1587/1015/520 1585/1016/520 1581/1017/520
f 1582/1018/521 1586/1019/521 1590/1020/521
f 1584/1021/522 1591/1022/522 1592/1023/522
f 546/1024/523 545/1025/523 549/1026/523
f 1593/1027/524 1594/1028/524 547/1029/524
f 551/1030/525 1596/1031/525 1595/1032/525
f 554/1033/526 553/1034/526 557/1035/526
f 556/1036/527 1597/1037/527 1598/1038/527
f 559/1039/528 1600/1040/528 1599/1041/528
f 1578/1042/529 1577/1043/529 1553/1044/529
f 1564/1045/530 1577/1046/530 1566/1047/530
f 1553/1048/531 1564/1049/531 1555/1050/531
f 1553/1051/532 1577/1052/532 1564/1053/532
f 568/1054/533 561/1055/533 562/1056/533
f 583/1057/534 582/1058/534 586/1059/534
f 577/1060/535 578/1061/535 582/1062/535
f 578/1063/536 577/1064/536 576/1065/536
f 576/1066/537 569/1067/537 570/1068/537
f 569/1069/538 568/1070/538 566/1071/538
f 564/1072/539 1601/1073/540 1602/1074/541
f 1604/1075/542 1603/1076/543 563/1077/544
f 1611/1078/545 1605/1079/546 1607/1080/547
f 572/1081/548 567/1082/549 1602/1083/541
f 1616/1084/550 575/1085/551 1615/1086/552
f 1618/1087/553 1612/1088/554 1609/1089/555
f 579/1090/556 1622/1091/557 1618/1092/553
f 1624/1093/558 580/1094/559 1626/1095/560
f 1628/1096/561 584/1097/562 1627/1098/563
f 581/1099/564 1629/1100/565 1623/1101/566
f 1630/1102/567 1631/1103/568 585/1104/569
f 584/1105/562 1628/1106/561 1635/1107/570
f 589/1108/571 593/1109/571 596/1110/571
f 594/1111/572 590/1112/572 591/1113/572
f 1642/1114/573 1640/1115/573 1636/1116/573
f 1637/1117/574 1641/1118/574 1645/1119/574
f 1639/1120/575 1646/1121/575 1647/1122/575
f 598/1123/576 597/1124/576 601/1125/576
f 1648/1126/577 1649/1127/577 599/1128/577
f 603/1129/578 1651/1130/578 1650/1131/578
f 606/1132/579 605/1133/579 609/1134/579
f 1652/1135/580 1653/1136/580 607/1137/580
f 611/1138/581 1655/1139/581 1654/1140/581
f 1633/1141/582 1632/1142/582 1608/1143/582
f 1619/1144/583 1632/1145/583 1621/1146/583
f 1608/1147/584 1619/1148/584 1610/1149/584
f 1608/1150/585 1632/1151/585 1619/1152/585
f 620/1153/586 613/1154/586 614/1155/586
f 635/1156/587 634/1157/587 638/1158/587
f 629/1159/588 630/1160/588 634/1161/588
f 630/1162/589 629/1163/589 628/1164/589
f 628/1165/590 621/1166/590 622/1167/590
f 621/1168/591 620/1169/591 618/1170/591
f 616/1171/592 1656/1172/593 1657/1173/594
f 1659/1174/595 1658/1175/596 615/1176/597
f 1666/1177/598 1660/1178/599 1662/1179/600
f 624/1180/601 619/1181/602 1657/1182/594
f 627/1183/603 1670/1184/604 1669/1185/605
f 1673/1186/606 1667/1187/607 1664/1188/608
f 631/1189/609 1677/1190/610 1673/1191/606
f 1679/1192/611 632/1193/612 1681/1194/613
f 636/1195/614 1682/1196/615 1680/1197/616
f 633/1198/617 1684/1199/618 1678/1200/619
f 1685/1201/620 1686/1202/621 637/1203/622
f 636/1204/614 1683/1205/623 1690/1206/624
f 641/1207/625 645/1208/625 648/1209/625
f 646/1210/626 642/1211/626 643/1212/626
f 1697/1213/627 1695/1214/627 1691/1215/627
f 1692/1216/628 1696/1217/628 1700/1218/628
f 1701/1219/629 1702/1220/629 1698/1221/629
f 650/1222/630 649/1223/630 653/1224/630
f 1703/1225/631 1704/1226/631 651/1227/631
f 655/1228/632 1706/1229/632 1705/1230/632
f 658/1231/633 657/1232/633 661/1233/633
f 660/1234/634 1707/1235/634 1708/1236/634
f 663/1237/635 1710/1238/635 1709/1239/635
f 1688/1240/636 1687/1241/636 1663/1242/636
f 1674/1243/637 1687/1244/637 1676/1245/637
f 1663/1246/638 1674/1247/638 1665/1248/638
f 1663/1249/639 1687/1250/639 1674/1251/639
f 672/1252/640 665/1253/640 666/1254/640
f 687/1255/641 686/1256/641 690/1257/641
f 681/1258/642 682/1259/642 686/1260/642
f 682/1261/643 681/1262/643 680/1263/643
f 680/1264/644 673/1265/644 674/1266/644
f 673/1267/645 672/1268/645 670/1269/645
f 668/1270/646 1711/1271/647 1712/1272/648
f 1714/1273/649 1713/1274/650 667/1275/651
f 1721/1276/652 1715/1277/653 1717/1278/654
f 676/1279/655 671/1280/656 1712/1281/648
f 679/1282/657 1725/1283/658 1724/1284/659
f 677/1285/660 1728/1286/661 1722/1287/662
f 1732/1288/663 1728/1289/661 677/1290/660
f 684/1291/664 1736/1292/665 1727/1293/666
f 688/1294/667 1737/1295/668 1735/1296/669
f 685/1297/670 1739/1298/671 1733/1299/672
f 1740/1300/673 1741/1301/674 689/1302/675
f 688/1303/667 1738/1304/676 1745/1305/677
f 693/1306/678 697/1307/678 700/1308/678
f 698/1309/679 694/1310/679 695/1311/679
f 1752/1312/680 1750/1313/680 1746/1314/680
f 1747/1315/681 1751/1316/681 1755/1317/681
f 1756/1318/682 1757/1319/682 1753/1320/682
f 702/1321/683 701/1322/683 705/1323/683
f 1758/1324/684 1759/1325/684 703/1326/684
f 707/1327/685 1761/1328/685 1760/1329/685
f 710/1330/686 709/1331/686 713/1332/686
f 1762/1333/687 1763/1334/687 711/1335/687
f 715/1336/688 1765/1337/688 1764/1338/688
f 1743/1339/689 1742/1340/689 1718/1341/689
f 1729/1342/690 1742/1343/690 1731/1344/690
f 1718/1345/691 1729/1346/691 1720/1347/691
f 1718/1348/692 1742/1349/692 1729/1350/692
f 724/1351/693 717/1352/693 718/1353/693
f 739/1354/694 738/1355/694 742/1356/694
f 733/1357/695 734/1358/695 738/1359/695
f 734/1360/696 733/1361/696 732/1362/696
f 732/1363/697 725/1364/697 726/1365/697
f 725/1366/698 724/1367/698 722/1368/698
f 720/1369/699 1766/1370/700 1767/1371/701
f 1769/1372/702 1768/1373/703 719/1374/704
f 1776/1375/705 1770/1376/706 1772/1377/707
f 728/1378/708 723/1379/709 1767/1380/701
f 731/1381/710 1780/1382/711 1779/1383/712
f 1783/1384/713 1777/1385/714 1774/1386/715
f 735/1387/716 1787/1388/717 1783/1389/713
f 1789/1390/718 736/1391/719 1791/1392/720
f 740/1393/721 1792/1394/722 1790/1395/723
f 737/1396/724 1794/1397/725 1788/1398/726
f 1795/1399/727 1796/1400/728 741/1401/729
f 740/1402/721 1793/1403/730 1800/1404/731
f 745/1405/732 749/1406/732 752/1407/732
f 750/1408/733 746/1409/733 747/1410/733
f 1807/1411/734 1805/1412/734 1801/1413/734
f 1802/1414/735 1806/1415/735 1810/1416/735
f 1811/1417/736 1812/1418/736 1808/1419/736
f 754/1420/737 753/1421/737 757/1422/737
f 1813/1423/738 1814/1424/738 755/1425/738
f 759/1426/739 1816/1427/739 1815/1428/739
f 762/1429/740 761/1430/740 765/1431/740
f 764/1432/741 1817/1433/741 1818/1434/741
f 767/1435/742 1820/1436/742 1819/1437/742
f 1798/1438/743 1797/1439/743 1773/1440/743
f 1784/1441/744 1797/1442/744 1786/1443/744
f 1773/1444/745 1784/1445/745 1775/1446/745
f 1773/1447/746 1797/1448/746 1784/1449/746
f 1821/1450/747 1823/1451/747 774/1452/747
f 775/1453/748 1824/1454/749 772/1455/750
f 1827/1456/751 776/1457/751 1826/1458/751
f 769/1459/752 1822/1460/753 1828/1461/754
f 1822/1462/753 778/1463/755 777/1464/756
f 1829/1465/757 779/1466/757 1826/1467/757
f 775/1468/748 1831/1469/758 780/1470/759
f 774/1471/760 1832/1472/760 1830/1473/760
f 1832/1474/761 782/1475/761 781/1476/761
f 783/1477/762 1834/1478/763 780/1479/759
f 784/1480/764 1835/1481/764 779/1482/764
f 1833/1483/765 1836/1484/766 777/1485/756
f 788/1486/767 785/1487/768 792/1488/769
f 1837/1489/770 786/1490/770 790/1491/770
f 1839/1492/771 787/1493/772 789/1494/773
f 1842/1495/774 1841/1496/774 1843/1497/774
f 795/1498/775 1842/1499/775 1844/1500/775
f 1840/1501/776 789/1502/773 1845/1503/777
f 1838/1504/778 790/1505/778 1846/1506/778
f 791/1507/779 792/1508/769 1848/1509/780
f 1847/1510/781 1848/1511/780 799/1512/782
f 1849/1513/783 793/1514/783 1846/1515/783
f 794/1516/784 1845/1517/777 797/1518/785
f 795/1519/786 796/1520/786 1852/1521/786
f 806/1522/787 805/1523/787 1853/1524/787
f 807/1525/788 1856/1526/789 804/1527/790
f 1859/1528/791 808/1529/791 1858/1530/791
f 1854/1531/792 1860/1532/793 802/1533/794
f 1854/1534/792 810/1535/795 809/1536/796
f 1861/1537/797 811/1538/797 1858/1539/797
f 1863/1540/798 812/1541/799 1856/1542/789
f 806/1543/800 1864/1544/800 1862/1545/800
f 1864/1546/801 814/1547/801 813/1548/801
f 1863/1549/798 815/1550/802 1866/1551/803
f 816/1552/804 1867/1553/804 811/1554/804
f 1865/1555/805 1868/1556/806 809/1557/796
f 823/1558/807 820/1559/808 817/1560/809
f 1869/1561/810 818/1562/810 822/1563/810
f 1872/1564/811 1871/1565/812 819/1566/813
f 1874/1567/814 1873/1568/814 1875/1569/814
f 827/1570/815 1874/1571/815 1876/1572/815
f 826/1573/816 1872/1574/811 821/1575/817
f 1870/1576/818 822/1577/818 1878/1578/818
f 823/1579/807 824/1580/819 1880/1581/820
f 1879/1582/821 1880/1583/820 831/1584/822
f 1881/1585/823 825/1586/823 1878/1587/823
f 1882/1588/824 826/1589/816 1877/1590/825
f 827/1591/826 828/1592/826 1884/1593/826
f 2064/1594/827 1896/1595/827 2054/1596/827
f 1006/1597/828 1004/1598/828 1005/1599/828
f 1897/1600/829 2065/1601/829 836/1602/829
f 1887/1603/830 1885/1604/830 840/1605/830
f 1008/1606/831 1010/1607/831 1009/1608/831
f 1002/1609/832 999/1610/832 1001/1611/832
f 2056/1612/833 845/1613/833 843/1614/833
f 989/1615/834 990/1616/834 988/1617/834
f 998/1618/835 996/1619/835 997/1620/835
f 991/1621/836 993/1622/836 992/1623/836
f 833/1624/837 853/1625/837 854/1626/837
f 855/1627/838 1890/1628/838 2055/1629/838
f 839/1630/839 1902/1631/839 2108/1632/839
f 858/1633/840 857/1634/840 2049/1635/840
f 2112/1636/841 1904/1637/841 2048/1638/841
f 2098/1639/842 1907/1640/842 846/1641/842
f 2046/1642/843 1910/1643/843 2103/1644/843
f 2047/1645/844 859/1646/844 860/1647/844
f 1906/1648/845 861/1649/846 862/1650/847
f 1912/1651/848 863/1652/849 2102/1653/850
f 2099/1654/851 864/1655/852 1914/1656/853
f 1916/1657/854 1918/1658/855 2097/1659/856
f 2112/1660/857 865/1661/858 866/1662/859
f 1920/1663/860 867/1664/861 1901/1665/862
f 1924/1666/863 868/1667/864 2109/1668/865
f 2107/1669/866 1926/1670/867 1922/1671/868
f 1915/1672/869 1919/1673/869 1917/1674/869
f 1923/1675/870 1927/1676/870 1925/1677/870
f 869/1678/871 870/1679/871 2016/1680/871
f 1936/1681/872 874/1682/872 1931/1683/872
f 1928/1684/873 872/1685/873 873/1686/873
f 1932/1687/874 1934/1688/874 877/1689/874
f 928/1690/875 878/1691/875 877/1692/875
f 1930/1693/876 1932/1694/876 876/1695/876
f 1930/1696/877 879/1697/877 878/1698/877
f 1941/1699/878 1943/1700/879 881/1701/880
f 1944/1702/881 1937/1703/882 882/1704/883
f 1939/1705/884 1942/1706/885 1948/1707/886
f 1940/1708/887 1954/1709/888 1951/1710/889
f 1955/1711/890 885/1712/890 884/1713/890
f 1949/1714/891 886/1715/891 1957/1716/891
f 1946/1717/892 1953/1718/892 1960/1719/892
f 1950/1720/893 1947/1721/893 1966/1722/893
f 1964/1723/894 1967/1724/895 889/1725/896
f 1968/1726/897 1961/1727/898 890/1728/899
f 1965/1729/900 1971/1730/901 891/1731/902
f 1962/1732/903 1959/1733/904 1975/1734/905
f 923/1735/906 2014/1736/907 1977/1737/908
f 1978/1738/909 892/1739/909 893/1740/909
f 896/1741/910 1978/1742/910 894/1743/910
f 929/1744/911 923/1745/906 895/1746/912
f 899/1747/913 927/1748/914 2017/1749/915
f 1985/1750/916 896/1751/916 897/1752/916
f 901/1753/917 900/1754/917 1985/1755/917
f 1992/1756/918 926/1757/919 2067/1758/920
f 903/1759/921 904/1760/922 2069/1761/923
f 902/1762/924 1993/1763/924 900/1764/924
f 1993/1765/925 902/1766/925 905/1767/925
f 904/1768/922 903/1769/921 1996/1770/926
f 907/1771/927 911/1772/927 914/1773/927
f 912/1774/928 908/1775/928 909/1776/928
f 2001/1777/929 2000/1778/929 1997/1779/929
f 2003/1780/930 2004/1781/930 2002/1782/930
f 915/1783/931 918/1784/931 917/1785/931
f 2005/1786/932 920/1787/932 919/1788/932
f 2007/1789/933 921/1790/933 2011/1791/933
f 922/1792/934 2010/1793/934 2009/1794/934
f 875/1795/935 924/1796/935 2013/1797/935
f 2118/1798/936 925/1799/936 924/1800/936
f 2070/1801/937 2015/1802/937 2068/1803/937
f 2022/1804/938 2019/1805/939 931/1806/940
f 849/1807/941 844/1808/942 932/1809/943
f 847/1810/944 2023/1811/945 933/1812/946
f 2026/1813/947 2024/1814/947 936/1815/947
f 2025/1816/948 2030/1817/948 937/1818/948
f 931/1819/949 2031/1820/949 2027/1821/949
f 2029/1822/950 2028/1823/950 2032/1824/950
f 1888/1825/951 938/1826/952 939/1827/953
f 842/1828/954 2036/1829/955 940/1830/956
f 1889/1831/957 1886/1832/958 941/1833/959
f 2039/1834/960 2040/1835/960 944/1836/960
f 2038/1837/961 2037/1838/961 945/1839/961
f 938/1840/962 2041/1841/962 2043/1842/962
f 2045/1843/963 2044/1844/963 2042/1845/963
f 1979/1846/964 946/1847/965 947/1848/966
f 1980/1849/967 947/1850/966 948/1851/968
f 1987/1852/969 1982/1853/970 2060/1854/971
f 1989/1855/972 1988/1856/973 2063/1857/974
f 1990/1858/975 2116/1859/976 950/1860/977
f 1995/1861/978 1994/1862/979 950/1863/977
f 1976/1864/980 952/1865/980 951/1866/980
f 1972/1867/981 953/1868/981 952/1869/981
f 1970/1870/982 1974/1871/982 951/1872/982
f 1972/1873/983 1970/1874/983 2066/1875/983
f 2015/1876/984 2070/1877/984 2071/1878/984
f 2071/1879/985 925/1880/985 2118/1881/985
f 2059/1882/986 2058/1883/986 957/1884/986
f 2061/1885/987 2059/1886/987 958/1887/987
f 2061/1888/988 959/1889/988 960/1890/988
f 955/1891/989 2062/1892/989 960/1893/989
f 955/1894/990 961/1895/990 962/1896/990
f 2115/1897/991 962/1898/991 963/1899/991
f 2073/1900/992 965/1901/993 964/1902/994
f 2075/1903/995 964/1904/994 966/1905/996
f 2077/1906/997 2089/1907/998 967/1908/999
f 2078/1909/1000 967/1910/999 968/1911/1001
f 2080/1912/1002 2092/1913/1003 969/1914/1004
f 2081/1915/1005 969/1916/1004 970/1917/1006
f 2088/1918/1007 2086/1919/1007 2095/1920/1007
f 2088/1921/1008 2094/1922/1008 2093/1923/1008
f 2090/1924/1009 2093/1925/1009 2091/1926/1009
f 2057/1927/1010 2087/1928/1010 2074/1929/1010
f 2084/1930/1011 2083/1931/1011 2096/1932/1011
f 2084/1933/1012 2096/1934/1012 2087/1935/1012
f 2056/1936/1013 1893/1937/1013 971/1938/1013
f 835/1939/1014 2106/1940/1014 2101/1941/1014
f 1897/1942/1015 838/1943/1015 973/1944/1015
f 2050/1945/1016 2051/1946/1016 2111/1947/1016
f 2013/1948/1017 2018/1949/1017 1935/1950/1017
f 1935/1951/1018 2018/1952/1018 2068/1953/1018
f 2068/1954/1019 2015/1955/1019 1935/1956/1019
f 2113/1957/1020 2052/1958/1021 2125/1959/1022
f 1899/1960/1023 2110/1961/1024 975/1962/1025
f 2053/1963/1026 2104/1964/1027 976/1965/1028
f 2100/1966/1029 977/1967/1030 976/1968/1028
f 2100/1969/1029 1894/1970/1031 977/1971/1030
f 1900/1972/1032 2119/1973/1033 978/1974/1034
f 1892/1975/1035 2123/1976/1036 2121/1977/1037
f 2122/1978/1038 2124/1979/1038 2120/1980/1038
f 2110/1981/1024 2113/1982/1020 2125/1983/1022
f 981/1984/1039 982/1985/1039 979/1986/1039
f 984/1987/1040 985/1988/1040 986/1989/1040
f 3/1990/1041 6/1991/1041 1011/1992/1041
f 8/1993/1042 1/1994/1042 7/1995/1042
f 4/1996/1043 1012/1997/1043 2/1998/1043
f 1016/1999/1044 1013/2000/1044 11/2001/1044
f 9/2002/1045 1017/2003/1045 11/2004/1045
f 1013/2005/1046 1014/2006/1046 12/2007/1046
f 1021/2008/1047 1024/2009/1047 14/2010/1047
f 1023/2011/1048 1019/2012/1048 15/2013/1048
f 1020/2014/1049 1022/2015/1049 1028/2016/1049
f 1029/2017/1050 1027/2018/1050 1030/2019/1050
f 1036/2020/1051 21/2021/1051 1031/2022/1051
f 1042/2023/1052 24/2024/1052 1037/2025/1052
f 19/2026/1053 1032/2027/1053 17/2028/1053
f 18/2029/1054 1038/2030/1054 20/2031/1054
f 1035/2032/1055 1039/2033/1055 1033/2034/1055
f 27/2035/1056 29/2036/1056 25/2037/1056
f 26/2038/1057 32/2039/1057 28/2040/1057
f 30/2041/1058 1046/2042/1058 1043/2043/1058
f 35/2044/1059 33/2045/1059 36/2046/1059
f 39/2047/1060 1047/2048/1060 37/2049/1060
f 38/2050/1061 1050/2051/1061 40/2052/1061
f 46/2053/1062 48/2054/1062 42/2055/1062
f 66/2056/1063 67/2057/1063 62/2058/1063
f 63/2059/1064 57/2060/1064 62/2061/1064
f 54/2062/1065 58/2063/1065 56/2064/1065
f 54/2065/1066 56/2066/1066 50/2067/1066
f 50/2068/1067 49/2069/1067 46/2070/1067
f 47/2071/38 44/2072/28 1052/2073/30
f 45/2074/1068 1054/2075/31 43/2076/33
f 51/2077/1069 1061/2078/34 1057/2079/36
f 1063/2080/1070 52/2081/37 1052/2082/30
f 1066/2083/1071 55/2084/39 1064/2085/41
f 53/2086/1072 1068/2087/42 1059/2088/44
f 53/2089/1072 59/2090/45 1068/2091/42
f 1067/2092/1073 1074/2093/47 1076/2094/49
f 1075/2095/1074 1078/2096/50 1077/2097/52
f 1070/2098/1075 61/2099/53 1073/2100/55
f 1084/2101/1076 1080/2102/56 65/2103/58
f 68/2104/1077 64/2105/51 1085/2106/59
f 72/2107/1078 69/2108/1078 76/2109/1078
f 75/2110/1079 74/2111/1079 71/2112/1079
f 1088/2113/1080 1092/2114/1080 1086/2115/1080
f 1094/2116/1081 1087/2117/1081 1095/2118/1081
f 1093/2119/1082 1089/2120/1082 1097/2121/1082
f 81/2122/1083 82/2123/1083 77/2124/1083
f 80/2125/1084 1098/2126/1084 79/2127/1084
f 84/2128/1085 83/2129/1085 1100/2130/1085
f 89/2131/1086 90/2132/1086 85/2133/1086
f 88/2134/1087 1102/2135/1087 87/2136/1087
f 92/2137/1088 91/2138/1088 1104/2139/1088
f 1056/2140/1089 1083/2141/1089 1058/2142/1089
f 98/2143/1090 100/2144/1090 94/2145/1090
f 118/2146/1091 119/2147/1091 114/2148/1091
f 115/2149/1092 109/2150/1092 114/2151/1092
f 106/2152/1093 110/2153/1093 108/2154/1093
f 106/2155/1094 108/2156/1094 102/2157/1094
f 102/2158/1095 101/2159/1095 98/2160/1095
f 99/2161/91 96/2162/81 1107/2163/83
f 97/2164/1096 1109/2165/84 95/2166/86
f 103/2167/1097 1116/2168/87 1112/2169/89
f 1118/2170/1098 104/2171/90 1107/2172/83
f 1121/2173/1099 107/2174/92 1119/2175/94
f 105/2176/1100 1123/2177/95 1114/2178/97
f 105/2179/1100 111/2180/98 1123/2181/95
f 1122/2182/1101 1129/2183/100 1131/2184/102
f 1130/2185/1102 1133/2186/103 1132/2187/105
f 1125/2188/1103 113/2189/106 1128/2190/108
f 1139/2191/1104 1135/2192/109 117/2193/111
f 120/2194/1105 116/2195/104 1140/2196/112
f 124/2197/1106 121/2198/1106 128/2199/1106
f 127/2200/1107 126/2201/1107 123/2202/1107
f 1143/2203/1108 1147/2204/1108 1141/2205/1108
f 1149/2206/1109 1142/2207/1109 1150/2208/1109
f 1148/2209/1110 1144/2210/1110 1152/2211/1110
f 134/2212/1111 130/2213/1111 133/2214/1111
f 132/2215/1112 1153/2216/1112 131/2217/1112
f 136/2218/1113 135/2219/1113 1155/2220/1113
f 142/2221/1114 138/2222/1114 141/2223/1114
f 140/2224/1115 1157/2225/1115 139/2226/1115
f 144/2227/1116 143/2228/1116 1159/2229/1116
f 1111/2230/1117 1138/2231/1117 1113/2232/1117
f 150/2233/1118 152/2234/1118 146/2235/1118
f 171/2236/1119 167/2237/1119 170/2238/1119
f 167/2239/1120 161/2240/1120 166/2241/1120
f 158/2242/1121 162/2243/1121 160/2244/1121
f 158/2245/1122 160/2246/1122 154/2247/1122
f 154/2248/1123 153/2249/1123 150/2250/1123
f 151/2251/144 148/2252/134 1162/2253/136
f 149/2254/1124 1164/2255/137 147/2256/139
f 155/2257/1125 1171/2258/140 1167/2259/142
f 1173/2260/1126 156/2261/143 1162/2262/136
f 1174/2263/1127 1176/2264/145 1175/2265/147
f 157/2266/1128 1178/2267/148 1169/2268/150
f 157/2269/1128 163/2270/151 1178/2271/148
f 1177/2272/1129 1184/2273/153 1186/2274/155
f 1188/2275/165 168/2276/156 1185/2277/158
f 1180/2278/1130 165/2279/159 1183/2280/161
f 1194/2281/1131 1190/2282/162 169/2283/164
f 172/2284/1132 168/2285/156 1195/2286/166
f 176/2287/1133 173/2288/1133 180/2289/1133
f 179/2290/1134 178/2291/1134 175/2292/1134
f 1198/2293/1135 1202/2294/1135 1196/2295/1135
f 1204/2296/1136 1197/2297/1136 1205/2298/1136
f 1203/2299/1137 1199/2300/1137 1207/2301/1137
f 186/2302/1138 182/2303/1138 185/2304/1138
f 184/2305/1139 1208/2306/1139 183/2307/1139
f 188/2308/1140 187/2309/1140 1210/2310/1140
f 194/2311/1141 190/2312/1141 193/2313/1141
f 191/2314/1142 192/2315/1142 1213/2316/1142
f 196/2317/1143 195/2318/1143 1214/2319/1143
f 1166/2320/1144 1193/2321/1144 1168/2322/1144
f 202/2323/1145 204/2324/1145 198/2325/1145
f 223/2326/1146 219/2327/1146 222/2328/1146
f 219/2329/1147 213/2330/1147 218/2331/1147
f 210/2332/1148 214/2333/1148 212/2334/1148
f 210/2335/1149 212/2336/1149 206/2337/1149
f 206/2338/1150 205/2339/1150 202/2340/1150
f 203/2341/198 200/2342/188 1217/2343/190
f 201/2344/1151 1219/2345/191 199/2346/193
f 207/2347/1152 1226/2348/194 1222/2349/196
f 1228/2350/1153 208/2351/197 1217/2352/190
f 1231/2353/1154 211/2354/199 1229/2355/201
f 209/2356/1155 1233/2357/202 1224/2358/204
f 209/2359/1155 215/2360/205 1233/2361/202
f 1232/2362/1156 1239/2363/207 1241/2364/209
f 1240/2365/1157 1243/2366/210 1242/2367/212
f 1235/2368/1158 217/2369/213 1238/2370/215
f 221/2371/1159 1249/2372/216 1246/2373/218
f 224/2374/1160 220/2375/211 1250/2376/219
f 228/2377/1161 225/2378/1161 232/2379/1161
f 231/2380/1162 230/2381/1162 227/2382/1162
f 1253/2383/1163 1257/2384/1163 1251/2385/1163
f 1259/2386/1164 1252/2387/1164 1260/2388/1164
f 1254/2389/1165 1261/2390/1165 1258/2391/1165
f 238/2392/1166 234/2393/1166 237/2394/1166
f 236/2395/1167 1263/2396/1167 235/2397/1167
f 240/2398/1168 239/2399/1168 1265/2400/1168
f 246/2401/1169 242/2402/1169 245/2403/1169
f 244/2404/1170 1267/2405/1170 243/2406/1170
f 248/2407/1171 247/2408/1171 1269/2409/1171
f 1221/2410/1172 1248/2411/1172 1223/2412/1172
f 254/2413/1173 256/2414/1173 250/2415/1173
f 275/2416/1174 271/2417/1174 274/2418/1174
f 271/2419/1175 265/2420/1175 270/2421/1175
f 262/2422/1176 266/2423/1176 264/2424/1176
f 262/2425/1177 264/2426/1177 258/2427/1177
f 258/2428/1178 257/2429/1178 254/2430/1178
f 255/2431/251 252/2432/241 1272/2433/243
f 253/2434/1179 1274/2435/244 251/2436/246
f 259/2437/1180 1281/2438/247 1277/2439/249
f 1283/2440/1181 260/2441/250 1272/2442/243
f 1286/2443/1182 263/2444/252 1284/2445/254
f 261/2446/1183 1288/2447/255 1279/2448/257
f 261/2449/1183 267/2450/258 1288/2451/255
f 1294/2452/1184 268/2453/260 1287/2454/262
f 1298/2455/272 272/2456/263 1295/2457/265
f 1290/2458/1185 269/2459/266 1293/2460/268
f 1304/2461/1186 1300/2462/269 273/2463/271
f 276/2464/1187 272/2465/263 1305/2466/273
f 280/2467/1188 277/2468/1188 284/2469/1188
f 283/2470/1189 282/2471/1189 279/2472/1189
f 1308/2473/1190 1312/2474/1190 1306/2475/1190
f 1314/2476/1191 1307/2477/1191 1315/2478/1191
f 1313/2479/1192 1309/2480/1192 1317/2481/1192
f 290/2482/1193 286/2483/1193 289/2484/1193
f 288/2485/1194 1318/2486/1194 287/2487/1194
f 292/2488/1195 291/2489/1195 1320/2490/1195
f 298/2491/1196 294/2492/1196 297/2493/1196
f 296/2494/1197 1322/2495/1197 295/2496/1197
f 300/2497/1198 299/2498/1198 1324/2499/1198
f 1276/2500/1199 1303/2501/1199 1278/2502/1199
f 306/2503/1200 308/2504/1200 302/2505/1200
f 327/2506/1201 323/2507/1201 326/2508/1201
f 323/2509/1202 317/2510/1202 322/2511/1202
f 314/2512/1203 318/2513/1203 316/2514/1203
f 314/2515/1204 316/2516/1204 310/2517/1204
f 310/2518/1205 309/2519/1205 306/2520/1205
f 307/2521/305 304/2522/295 1327/2523/297
f 305/2524/1206 1329/2525/298 303/2526/300
f 311/2527/1207 1336/2528/301 1332/2529/303
f 1338/2530/1208 312/2531/304 1327/2532/297
f 1341/2533/1209 315/2534/306 1339/2535/308
f 313/2536/1210 1343/2537/309 1334/2538/311
f 313/2539/1210 319/2540/312 1343/2541/309
f 1342/2542/1211 1349/2543/314 1351/2544/316
f 1350/2545/1212 1353/2546/317 1352/2547/319
f 1345/2548/1213 321/2549/320 1348/2550/322
f 1359/2551/1214 1355/2552/323 325/2553/325
f 328/2554/1215 324/2555/318 1360/2556/326
f 332/2557/1216 329/2558/1216 336/2559/1216
f 335/2560/1217 334/2561/1217 331/2562/1217
f 1363/2563/1218 1367/2564/1218 1361/2565/1218
f 1369/2566/1219 1362/2567/1219 1370/2568/1219
f 1368/2569/1220 1364/2570/1220 1372/2571/1220
f 342/2572/1221 338/2573/1221 341/2574/1221
f 340/2575/1222 1373/2576/1222 339/2577/1222
f 344/2578/1223 343/2579/1223 1375/2580/1223
f 350/2581/1224 346/2582/1224 349/2583/1224
f 347/2584/1225 348/2585/1225 1378/2586/1225
f 1379/2587/1226 352/2588/1226 1380/2589/1226
f 1331/2590/1227 1358/2591/1227 1333/2592/1227
f 358/2593/1228 360/2594/1228 354/2595/1228
f 379/2596/1229 375/2597/1229 378/2598/1229
f 375/2599/1230 369/2600/1230 374/2601/1230
f 366/2602/1231 370/2603/1231 368/2604/1231
f 366/2605/1232 368/2606/1232 362/2607/1232
f 362/2608/1233 361/2609/1233 358/2610/1233
f 356/2611/1234 1381/2612/348 359/2613/350
f 357/2614/1235 1384/2615/351 355/2616/353
f 363/2617/1236 1391/2618/354 1387/2619/356
f 1393/2620/1237 364/2621/357 1382/2622/349
f 1396/2623/1238 367/2624/358 1394/2625/360
f 365/2626/1239 1398/2627/361 1389/2628/363
f 365/2629/1239 371/2630/364 1398/2631/361
f 1404/2632/1240 372/2633/366 1397/2634/368
f 1405/2635/1241 1408/2636/369 1407/2637/371
f 1400/2638/1242 373/2639/372 1403/2640/374
f 1414/2641/1243 1410/2642/375 377/2643/377
f 380/2644/1244 376/2645/370 1415/2646/378
f 384/2647/1245 381/2648/1245 388/2649/1245
f 387/2650/1246 386/2651/1246 383/2652/1246
f 1418/2653/1247 1422/2654/1247 1416/2655/1247
f 1424/2656/1248 1417/2657/1248 1425/2658/1248
f 1423/2659/1249 1419/2660/1249 1427/2661/1249
f 394/2662/1250 390/2663/1250 393/2664/1250
f 392/2665/1251 1428/2666/1251 391/2667/1251
f 396/2668/1252 395/2669/1252 1430/2670/1252
f 402/2671/1253 398/2672/1253 401/2673/1253
f 399/2674/1254 400/2675/1254 1433/2676/1254
f 404/2677/1255 403/2678/1255 1434/2679/1255
f 1386/2680/1256 1413/2681/1256 1388/2682/1256
f 410/2683/1257 412/2684/1257 406/2685/1257
f 431/2686/1258 427/2687/1258 430/2688/1258
f 427/2689/1259 421/2690/1259 426/2691/1259
f 418/2692/1260 422/2693/1260 420/2694/1260
f 418/2695/1261 420/2696/1261 414/2697/1261
f 414/2698/1262 413/2699/1262 410/2700/1262
f 411/2701/1263 408/2702/1263 1437/2703/1263
f 409/2704/1264 1439/2705/1264 407/2706/1264
f 415/2707/1265 1446/2708/1265 1442/2709/1265
f 1448/2710/1266 416/2711/1266 1437/2712/1266
f 1451/2713/1267 419/2714/1267 1449/2715/1267
f 417/2716/1268 1453/2717/1268 1444/2718/1268
f 417/2719/1269 423/2720/1269 1453/2721/1269
f 1452/2722/1270 1459/2723/1270 1461/2724/1270
f 1460/2725/1271 1463/2726/1271 1462/2727/1271
f 1455/2728/1272 425/2729/1272 1458/2730/1272
f 1469/2731/1273 1465/2732/1273 429/2733/1273
f 432/2734/1274 428/2735/1274 1470/2736/1274
f 436/2737/1275 433/2738/1275 440/2739/1275
f 439/2740/1276 438/2741/1276 435/2742/1276
f 1473/2743/1277 1477/2744/1277 1471/2745/1277
f 1479/2746/1278 1472/2747/1278 1480/2748/1278
f 1478/2749/1279 1474/2750/1279 1482/2751/1279
f 446/2752/1280 442/2753/1280 445/2754/1280
f 444/2755/1281 1483/2756/1281 443/2757/1281
f 448/2758/1282 447/2759/1282 1485/2760/1282
f 454/2761/1283 450/2762/1283 453/2763/1283
f 451/2764/1284 452/2765/1284 1488/2766/1284
f 456/2767/1285 455/2768/1285 1489/2769/1285
f 1441/2770/1286 1468/2771/1286 1443/2772/1286
f 462/2773/1287 464/2774/1287 458/2775/1287
f 483/2776/1288 479/2777/1288 482/2778/1288
f 479/2779/1289 473/2780/1289 478/2781/1289
f 470/2782/1290 474/2783/1290 472/2784/1290
f 470/2785/1291 472/2786/1291 466/2787/1291
f 466/2788/1292 465/2789/1292 462/2790/1292
f 463/2791/443 460/2792/433 1492/2793/435
f 461/2794/1293 1494/2795/436 459/2796/438
f 467/2797/1294 1501/2798/439 1497/2799/441
f 1503/2800/1295 468/2801/442 1492/2802/435
f 1506/2803/1296 471/2804/444 1504/2805/446
f 469/2806/1297 1508/2807/447 1499/2808/449
f 469/2809/1297 475/2810/450 1508/2811/447
f 1514/2812/1298 476/2813/452 1507/2814/454
f 1515/2815/1299 1518/2816/455 1517/2817/457
f 1510/2818/1300 477/2819/458 1513/2820/460
f 1524/2821/1301 1520/2822/461 481/2823/463
f 484/2824/1302 480/2825/456 1525/2826/464
f 488/2827/1303 485/2828/1303 492/2829/1303
f 491/2830/1304 490/2831/1304 487/2832/1304
f 1528/2833/1305 1532/2834/1305 1526/2835/1305
f 1534/2836/1306 1527/2837/1306 1535/2838/1306
f 1533/2839/1307 1529/2840/1307 1537/2841/1307
f 498/2842/1308 494/2843/1308 497/2844/1308
f 495/2845/1309 496/2846/1309 1539/2847/1309
f 500/2848/1310 499/2849/1310 1540/2850/1310
f 506/2851/1311 502/2852/1311 505/2853/1311
f 504/2854/1312 1542/2855/1312 503/2856/1312
f 508/2857/1313 507/2858/1313 1544/2859/1313
f 1496/2860/1314 1523/2861/1314 1498/2862/1314
f 514/2863/1315 516/2864/1315 510/2865/1315
f 535/2866/1316 531/2867/1316 534/2868/1316
f 531/2869/1317 525/2870/1317 530/2871/1317
f 522/2872/1318 526/2873/1318 524/2874/1318
f 522/2875/1319 524/2876/1319 518/2877/1319
f 518/2878/1320 517/2879/1320 514/2880/1320
f 515/2881/496 512/2882/486 1547/2883/488
f 513/2884/1321 1549/2885/489 511/2886/491
f 519/2887/1322 1556/2888/492 1552/2889/494
f 1558/2890/1323 520/2891/495 1547/2892/488
f 1559/2893/1324 1561/2894/497 1560/2895/499
f 521/2896/1325 1563/2897/500 1554/2898/502
f 521/2899/1325 527/2900/503 1563/2901/500
f 1562/2902/1326 1569/2903/505 1571/2904/507
f 1570/2905/1327 1573/2906/508 1572/2907/510
f 1565/2908/1328 529/2909/511 1568/2910/513
f 1579/2911/1329 1575/2912/514 533/2913/516
f 536/2914/1330 532/2915/509 1580/2916/517
f 540/2917/1331 537/2918/1331 544/2919/1331
f 543/2920/1332 542/2921/1332 539/2922/1332
f 1583/2923/1333 1587/2924/1333 1581/2925/1333
f 1589/2926/1334 1582/2927/1334 1590/2928/1334
f 1588/2929/1335 1584/2930/1335 1592/2931/1335
f 550/2932/1336 546/2933/1336 549/2934/1336
f 548/2935/1337 1593/2936/1337 547/2937/1337
f 552/2938/1338 551/2939/1338 1595/2940/1338
f 558/2941/1339 554/2942/1339 557/2943/1339
f 555/2944/1340 556/2945/1340 1598/2946/1340
f 560/2947/1341 559/2948/1341 1599/2949/1341
f 1551/2950/1342 1578/2951/1342 1553/2952/1342
f 566/2953/1343 568/2954/1343 562/2955/1343
f 587/2956/1344 583/2957/1344 586/2958/1344
f 583/2959/1345 577/2960/1345 582/2961/1345
f 574/2962/1346 578/2963/1346 576/2964/1346
f 574/2965/1347 576/2966/1347 570/2967/1347
f 570/2968/1348 569/2969/1348 566/2970/1348
f 567/2971/549 564/2972/539 1602/2973/541
f 565/2974/1349 1604/2975/542 563/2976/544
f 571/2977/1350 1611/2978/545 1607/2979/547
f 1613/2980/1351 572/2981/548 1602/2982/541
f 1614/2983/1352 1616/2984/550 1615/2985/552
f 573/2986/1353 1618/2987/553 1609/2988/555
f 573/2989/1353 579/2990/556 1618/2991/553
f 1617/2992/1354 1624/2993/558 1626/2994/560
f 1625/2995/1355 1628/2996/561 1627/2997/563
f 1620/2998/1356 581/2999/564 1623/3000/566
f 1634/3001/1357 1630/3002/567 585/3003/569
f 588/3004/1358 584/3005/562 1635/3006/570
f 592/3007/1359 589/3008/1359 596/3009/1359
f 595/3010/1360 594/3011/1360 591/3012/1360
f 1638/3013/1361 1642/3014/1361 1636/3015/1361
f 1644/3016/1362 1637/3017/1362 1645/3018/1362
f 1643/3019/1363 1639/3020/1363 1647/3021/1363
f 602/3022/1364 598/3023/1364 601/3024/1364
f 600/3025/1365 1648/3026/1365 599/3027/1365
f 604/3028/1366 603/3029/1366 1650/3030/1366
f 610/3031/1367 606/3032/1367 609/3033/1367
f 608/3034/1368 1652/3035/1368 607/3036/1368
f 612/3037/1369 611/3038/1369 1654/3039/1369
f 1606/3040/1370 1633/3041/1370 1608/3042/1370
f 618/3043/1371 620/3044/1371 614/3045/1371
f 639/3046/1372 635/3047/1372 638/3048/1372
f 635/3049/1373 629/3050/1373 634/3051/1373
f 626/3052/1374 630/3053/1374 628/3054/1374
f 626/3055/1375 628/3056/1375 622/3057/1375
f 622/3058/1376 621/3059/1376 618/3060/1376
f 619/3061/602 616/3062/592 1657/3063/594
f 617/3064/1377 1659/3065/595 615/3066/597
f 623/3067/1378 1666/3068/598 1662/3069/600
f 1668/3070/1379 624/3071/601 1657/3072/594
f 1671/3073/1380 627/3074/603 1669/3075/605
f 625/3076/1381 1673/3077/606 1664/3078/608
f 625/3079/1381 631/3080/609 1673/3081/606
f 1672/3082/1382 1679/3083/611 1681/3084/613
f 1683/3085/623 636/3086/614 1680/3087/616
f 1675/3088/1383 633/3089/617 1678/3090/619
f 1689/3091/1384 1685/3092/620 637/3093/622
f 640/3094/1385 636/3095/614 1690/3096/624
f 644/3097/1386 641/3098/1386 648/3099/1386
f 647/3100/1387 646/3101/1387 643/3102/1387
f 1693/3103/1388 1697/3104/1388 1691/3105/1388
f 1699/3106/1389 1692/3107/1389 1700/3108/1389
f 1694/3109/1390 1701/3110/1390 1698/3111/1390
f 654/3112/1391 650/3113/1391 653/3114/1391
f 652/3115/1392 1703/3116/1392 651/3117/1392
f 656/3118/1393 655/3119/1393 1705/3120/1393
f 662/3121/1394 658/3122/1394 661/3123/1394
f 659/3124/1395 660/3125/1395 1708/3126/1395
f 664/3127/1396 663/3128/1396 1709/3129/1396
f 1661/3130/1397 1688/3131/1397 1663/3132/1397
f 670/3133/1398 672/3134/1398 666/3135/1398
f 691/3136/1399 687/3137/1399 690/3138/1399
f 687/3139/1400 681/3140/1400 686/3141/1400
f 678/3142/1401 682/3143/1401 680/3144/1401
f 678/3145/1402 680/3146/1402 674/3147/1402
f 674/3148/1403 673/3149/1403 670/3150/1403
f 671/3151/656 668/3152/646 1712/3153/648
f 669/3154/1404 1714/3155/649 667/3156/651
f 675/3157/1405 1721/3158/652 1717/3159/654
f 1723/3160/1406 676/3161/655 1712/3162/648
f 1726/3163/1407 679/3164/657 1724/3165/659
f 1719/3166/1408 677/3167/660 1722/3168/662
f 683/3169/1409 1732/3170/663 677/3171/660
f 1734/3172/1410 684/3173/664 1727/3174/666
f 1738/3175/676 688/3176/667 1735/3177/669
f 1730/3178/1411 685/3179/670 1733/3180/672
f 1744/3181/1412 1740/3182/673 689/3183/675
f 692/3184/1413 688/3185/667 1745/3186/677
f 696/3187/1414 693/3188/1414 700/3189/1414
f 699/3190/1415 698/3191/1415 695/3192/1415
f 1748/3193/1416 1752/3194/1416 1746/3195/1416
f 1754/3196/1417 1747/3197/1417 1755/3198/1417
f 1749/3199/1418 1756/3200/1418 1753/3201/1418
f 706/3202/1419 702/3203/1419 705/3204/1419
f 704/3205/1420 1758/3206/1420 703/3207/1420
f 708/3208/1421 707/3209/1421 1760/3210/1421
f 714/3211/1422 710/3212/1422 713/3213/1422
f 712/3214/1423 1762/3215/1423 711/3216/1423
f 716/3217/1424 715/3218/1424 1764/3219/1424
f 1716/3220/1425 1743/3221/1425 1718/3222/1425
f 722/3223/1426 724/3224/1426 718/3225/1426
f 743/3226/1427 739/3227/1427 742/3228/1427
f 739/3229/1428 733/3230/1428 738/3231/1428
f 730/3232/1429 734/3233/1429 732/3234/1429
f 730/3235/1430 732/3236/1430 726/3237/1430
f 726/3238/1431 725/3239/1431 722/3240/1431
f 723/3241/709 720/3242/699 1767/3243/701
f 721/3244/1432 1769/3245/702 719/3246/704
f 727/3247/1433 1776/3248/705 1772/3249/707
f 1778/3250/1434 728/3251/708 1767/3252/701
f 1781/3253/1435 731/3254/710 1779/3255/712
f 729/3256/1436 1783/3257/713 1774/3258/715
f 729/3259/1436 735/3260/716 1783/3261/713
f 1782/3262/1437 1789/3263/718 1791/3264/720
f 1793/3265/730 740/3266/721 1790/3267/723
f 1785/3268/1438 737/3269/724 1788/3270/726
f 1799/3271/1439 1795/3272/727 741/3273/729
f 744/3274/1440 740/3275/721 1800/3276/731
f 748/3277/1441 745/3278/1441 752/3279/1441
f 751/3280/1442 750/3281/1442 747/3282/1442
f 1803/3283/1443 1807/3284/1443 1801/3285/1443
f 1809/3286/1444 1802/3287/1444 1810/3288/1444
f 1804/3289/1445 1811/3290/1445 1808/3291/1445
f 758/3292/1446 754/3293/1446 757/3294/1446
f 756/3295/1447 1813/3296/1447 755/3297/1447
f 760/3298/1448 759/3299/1448 1815/3300/1448
f 766/3301/1449 762/3302/1449 765/3303/1449
f 763/3304/1450 764/3305/1450 1818/3306/1450
f 768/3307/1451 767/3308/1451 1819/3309/1451
f 1771/3310/1452 1798/3311/1452 1773/3312/1452
f 773/3313/1453 1821/3314/1453 774/3315/1453
f 1825/3316/1454 775/3317/748 772/3318/750
f 771/3319/1455 1827/3320/1455 1826/3321/1455
f 770/3322/1456 769/3323/752 1828/3324/754
f 1828/3325/754 1822/3326/753 777/3327/756
f 776/3328/1457 1829/3329/1457 1826/3330/1457
f 1824/3331/749 775/3332/748 780/3333/759
f 773/3334/1458 774/3335/1458 1830/3336/1458
f 1830/3337/1459 1832/3338/1459 781/3339/1459
f 1831/3340/758 783/3341/762 780/3342/759
f 1829/3343/1460 784/3344/1460 779/3345/1460
f 778/3346/755 1833/3347/765 777/3348/756
f 791/3349/779 788/3350/767 792/3351/769
f 1838/3352/1461 1837/3353/1461 790/3354/1461
f 1840/3355/776 1839/3356/771 789/3357/773
f 1844/3358/1462 1842/3359/1462 1843/3360/1462
f 796/3361/1463 795/3362/1463 1844/3363/1463
f 794/3364/784 1840/3365/776 1845/3366/777
f 793/3367/1464 1838/3368/1464 1846/3369/1464
f 1847/3370/781 791/3371/779 1848/3372/780
f 800/3373/1465 1847/3374/781 799/3375/782
f 798/3376/1466 1849/3377/1466 1846/3378/1466
f 1850/3379/1467 794/3380/784 797/3381/785
f 1851/3382/1468 795/3383/1468 1852/3384/1468
f 1855/3385/1469 806/3386/1469 1853/3387/1469
f 1857/3388/1470 807/3389/788 804/3390/790
f 803/3391/1471 1859/3392/1471 1858/3393/1471
f 801/3394/1472 1854/3395/792 802/3396/794
f 1860/3397/793 1854/3398/792 809/3399/796
f 808/3400/1473 1861/3401/1473 1858/3402/1473
f 807/3403/788 1863/3404/798 1856/3405/789
f 805/3406/1474 806/3407/1474 1862/3408/1474
f 1862/3409/1475 1864/3410/1475 813/3411/1475
f 812/3412/799 1863/3413/798 1866/3414/803
f 1861/3415/1476 816/3416/1476 811/3417/1476
f 810/3418/795 1865/3419/805 809/3420/796
f 824/3421/819 823/3422/807 817/3423/809
f 1870/3424/1477 1869/3425/1477 822/3426/1477
f 821/3427/817 1872/3428/811 819/3429/813
f 1876/3430/1478 1874/3431/1478 1875/3432/1478
f 828/3433/1479 827/3434/1479 1876/3435/1479
f 1877/3436/825 826/3437/816 821/3438/817
f 825/3439/1480 1870/3440/1480 1878/3441/1480
f 1879/3442/821 823/3443/807 1880/3444/820
f 832/3445/1481 1879/3446/821 831/3447/822
f 830/3448/1482 1881/3449/1482 1878/3450/1482
f 829/3451/1483 1882/3452/824 1877/3453/825
f 1883/3454/1484 827/3455/1484 1884/3456/1484
f 954/3457/1485 2064/3458/1485 2054/3459/1485
f 1003/3460/1486 1006/3461/1486 1005/3462/1486
f 838/3463/1487 1897/3464/1487 836/3465/1487
f 839/3466/1488 1887/3467/1488 840/3468/1488
f 1007/3469/1489 1008/3470/1489 1009/3471/1489
f 1000/3472/1490 1002/3473/1490 1001/3474/1490
f 953/3475/1491 2056/3476/1491 843/3477/1491
f 987/3478/1492 989/3479/1492 988/3480/1492
f 995/3481/1493 998/3482/1493 997/3483/1493
f 994/3484/1494 991/3485/1494 992/3486/1494
f 834/3487/1495 833/3488/1495 854/3489/1495
f 852/3490/1496 855/3491/1496 2055/3492/1496
f 1887/3493/1497 839/3494/1497 2108/3495/1497
f 841/3496/1498 858/3497/1498 2049/3498/1498
f 851/3499/1499 2112/3500/1499 2048/3501/1499
f 2105/3502/1500 2098/3503/1500 846/3504/1500
f 850/3505/1501 2046/3506/1501 2103/3507/1501
f 848/3508/1502 2047/3509/1502 860/3510/1502
f 1909/3511/1503 1906/3512/845 862/3513/847
f 1911/3514/1504 1912/3515/848 2102/3516/850
f 1908/3517/1505 2099/3518/851 1914/3519/853
f 972/3520/1506 1916/3521/854 2097/3522/856
f 1904/3523/1507 2112/3524/857 866/3525/859
f 1905/3526/1508 1920/3527/860 1901/3528/862
f 1903/3529/1509 1924/3530/863 2109/3531/865
f 974/3532/1510 2107/3533/866 1922/3534/868
f 1913/3535/1511 1915/3536/1511 1917/3537/1511
f 1921/3538/1512 1923/3539/1512 1925/3540/1512
f 871/3541/1513 869/3542/1513 2016/3543/1513
f 1933/3544/1514 1936/3545/1514 1931/3546/1514
f 1929/3547/1515 1928/3548/1515 873/3549/1515
f 876/3550/1516 1932/3551/1516 877/3552/1516
f 1934/3553/1517 928/3554/1517 877/3555/1517
f 879/3556/1518 1930/3557/1518 876/3558/1518
f 928/3559/1519 1930/3560/1519 878/3561/1519
f 880/3562/1520 1941/3563/878 881/3564/880
f 1945/3565/1521 1944/3566/881 882/3567/883
f 883/3568/1522 1939/3569/884 1948/3570/886
f 1938/3571/1523 1940/3572/887 1951/3573/889
f 1952/3574/1524 1955/3575/1524 884/3576/1524
f 1956/3577/1525 1949/3578/1525 1957/3579/1525
f 887/3580/1526 1946/3581/1526 1960/3582/1526
f 1963/3583/1527 1950/3584/1527 1966/3585/1527
f 888/3586/1528 1964/3587/894 889/3588/896
f 1969/3589/1529 1968/3590/897 890/3591/899
f 1958/3592/1530 1965/3593/900 891/3594/902
f 1973/3595/1531 1962/3596/903 1975/3597/905
f 895/3598/912 923/3599/906 1977/3600/908
f 894/3601/1532 1978/3602/1532 893/3603/1532
f 897/3604/1533 896/3605/1533 894/3606/1533
f 1984/3607/1534 929/3608/911 895/3609/912
f 1983/3610/1535 899/3611/913 2017/3612/915
f 898/3613/1536 1985/3614/1536 897/3615/1536
f 898/3616/1537 901/3617/1537 1985/3618/1537
f 1986/3619/1538 1992/3620/918 2067/3621/920
f 1991/3622/1539 903/3623/921 2069/3624/923
f 901/3625/1540 902/3626/1540 900/3627/1540
f 906/3628/1541 1993/3629/1541 905/3630/1541
f 2072/3631/1542 904/3632/922 1996/3633/926
f 910/3634/1543 907/3635/1543 914/3636/1543
f 913/3637/1544 912/3638/1544 909/3639/1544
f 1998/3640/1545 2001/3641/1545 1997/3642/1545
f 1999/3643/1546 2003/3644/1546 2002/3645/1546
f 916/3646/1547 915/3647/1547 917/3648/1547
f 2008/3649/1548 2005/3650/1548 919/3651/1548
f 2006/3652/1549 2007/3653/1549 2011/3654/1549
f 2012/3655/1550 922/3656/1550 2009/3657/1550
f 1935/3658/1551 875/3659/1551 2013/3660/1551
f 875/3661/1552 2118/3662/1552 924/3663/1552
f 930/3664/1553 2022/3665/938 931/3666/940
f 2020/3667/1554 849/3668/941 932/3669/943
f 843/3670/1555 847/3671/944 933/3672/946
f 935/3673/1556 2026/3674/1556 936/3675/1556
f 2021/3676/1557 2025/3677/1557 937/3678/1557
f 930/3679/1558 931/3680/1558 2027/3681/1558
f 934/3682/1559 2029/3683/1559 2032/3684/1559
f 2035/3685/1560 1888/3686/951 939/3687/953
f 837/3688/1561 842/3689/954 940/3690/956
f 2033/3691/1562 1889/3692/957 941/3693/959
f 2034/3694/1563 2039/3695/1563 944/3696/1563
f 942/3697/1564 2038/3698/1564 945/3699/1564
f 939/3700/1565 938/3701/1565 2043/3702/1565
f 943/3703/1566 2045/3704/1566 2042/3705/1566
f 1980/3706/967 1979/3707/964 947/3708/966
f 1981/3709/1567 1980/3710/967 948/3711/968
f 949/3712/1568 1987/3713/969 2060/3714/971
f 2117/3715/1569 1989/3716/972 2063/3717/974
f 1994/3718/979 1990/3719/975 950/3720/977
f 2085/3721/1570 1995/3722/978 950/3723/977
f 1974/3724/1571 1976/3725/1571 951/3726/1571
f 1976/3727/1572 1972/3728/1572 952/3729/1572
f 2066/3730/1573 1970/3731/1573 951/3732/1573
f 953/3733/1574 1972/3734/1574 2066/3735/1574
f 2015/3736/1575 2071/3737/1575 2118/3738/1575
f 958/3739/1576 2059/3740/1576 957/3741/1576
f 959/3742/1577 2061/3743/1577 958/3744/1577
f 2062/3745/1578 2061/3746/1578 960/3747/1578
f 961/3748/1579 955/3749/1579 960/3750/1579
f 2115/3751/1580 955/3752/1580 962/3753/1580
f 956/3754/1581 2115/3755/1581 963/3756/1581
f 2075/3757/995 2073/3758/992 964/3759/994
f 2076/3760/1582 2075/3761/995 966/3762/996
f 2078/3763/1000 2077/3764/997 967/3765/999
f 2079/3766/1583 2078/3767/1000 968/3768/1001
f 2081/3769/1005 2080/3770/1002 969/3771/1004
f 2082/3772/1584 2081/3773/1005 970/3774/1006
f 2094/3775/1585 2088/3776/1585 2095/3777/1585
f 2090/3778/1586 2088/3779/1586 2093/3780/1586
f 2057/3781/1587 2084/3782/1587 2087/3783/1587
f 845/3784/1588 2056/3785/1588 971/3786/1588
f 856/3787/1589 835/3788/1589 2101/3789/1589
f 1898/3790/1590 1897/3791/1590 973/3792/1590
f 2114/3793/1591 2050/3794/1591 2111/3795/1591
f 2104/3796/1027 2100/3797/1029 976/3798/1028
f 1891/3799/1592 1900/3800/1032 978/3801/1034
f 1895/3802/1593 1892/3803/1035 2121/3804/1037
f 2126/3805/1594 2122/3806/1594 2120/3807/1594
f 975/3808/1025 2110/3809/1024 2125/3810/1022
f 980/3811/1595 981/3812/1595 979/3813/1595
f 983/3814/1596 984/3815/1596 986/3816/1596
