# Blender v2.82 (sub 7) OBJ File: 'low_poly_mushrooms.blend'
# www.blender.org
mtllib amanita.mtl
o amanita_Cylinder.026
v 0.026959 0.000163 -0.021410
v 0.026731 0.000163 0.024429
v -0.013081 0.000163 0.047151
v -0.052665 0.000163 0.024033
v -0.052436 0.000163 -0.021805
v -0.012624 0.000163 -0.044527
v 0.026062 0.089498 -0.018305
v 0.025912 0.089503 0.023721
v -0.010473 0.090896 0.044501
v -0.046706 0.092283 0.023256
v -0.046556 0.092278 -0.018769
v -0.010172 0.090885 -0.039550
v 0.029574 0.173428 -0.018780
v 0.029512 0.173435 0.018265
v -0.002248 0.177273 0.036523
v -0.033946 0.181103 0.017736
v -0.033883 0.181096 -0.019310
v -0.002123 0.177258 -0.037568
v 0.015954 0.357865 -0.014401
v 0.032670 0.355845 -0.004449
v -0.000756 0.359884 -0.004794
v -0.000750 0.359883 0.014765
v 0.015965 0.357863 0.024717
v 0.032676 0.355844 0.015111
v 0.048059 0.175504 0.029260
v -0.001909 0.181542 0.057985
v -0.051781 0.187568 0.028423
v 0.048155 0.175492 -0.029027
v -0.051684 0.187557 -0.029864
v -0.001717 0.181519 -0.058589
v 0.013430 0.337148 -0.084215
v 0.089812 0.327918 -0.038739
v -0.062924 0.346374 -0.040317
v -0.062898 0.346371 0.049055
v 0.013481 0.337141 0.094530
v 0.089836 0.327915 0.050635
v 0.009953 0.308502 -0.136884
v 0.131348 0.293833 -0.064608
v -0.111397 0.323165 -0.067116
v -0.111356 0.323160 0.074923
v 0.010033 0.308492 0.147199
v 0.131386 0.293828 0.077435
v 0.005015 0.267745 -0.181785
v 0.164784 0.248439 -0.086662
v -0.154696 0.287044 -0.089963
v -0.154642 0.287037 0.096977
v 0.005121 0.267732 0.192100
v 0.164835 0.248433 0.100283
v 0.005925 0.275294 -0.191722
v 0.174186 0.254962 -0.091543
v -0.162276 0.295619 -0.095019
v -0.162219 0.295612 0.101858
v 0.006035 0.275281 0.202037
v 0.174239 0.254956 0.105339
v 0.011321 0.319901 -0.170640
v 0.161565 0.301746 -0.081188
v -0.138869 0.338049 -0.084292
v -0.138818 0.338043 0.091503
v 0.011420 0.319889 0.180955
v 0.161613 0.301740 0.094612
v 0.016476 0.362447 -0.124445
v 0.127240 0.349063 -0.058499
v -0.094248 0.375827 -0.060787
v -0.094211 0.375822 0.068814
v 0.016549 0.362439 0.134761
v 0.127275 0.349059 0.071106
v 0.019563 0.387837 -0.056753
v 0.072475 0.381443 -0.025250
v -0.033329 0.394228 -0.026343
v -0.033311 0.394226 0.035566
v 0.019598 0.387833 0.067069
v 0.072492 0.381441 0.036661
v 0.020988 0.399471 0.005158
v -0.151366 0.000163 0.122226
v -0.134201 0.000163 0.148522
v -0.148392 0.000163 0.176536
v -0.179748 0.000163 0.178254
v -0.196913 0.000163 0.151957
v -0.182722 0.000163 0.123944
v -0.153713 0.063511 0.122716
v -0.137969 0.065191 0.146761
v -0.150875 0.064537 0.172410
v -0.179526 0.062204 0.174013
v -0.195270 0.060524 0.149968
v -0.182364 0.061178 0.124319
v -0.166141 0.122255 0.124259
v -0.152272 0.124864 0.145352
v -0.163085 0.121759 0.167939
v -0.187767 0.116044 0.169434
v -0.201636 0.113435 0.148340
v -0.190823 0.116541 0.125753
v -0.204476 0.207569 0.142570
v -0.191611 0.211243 0.141837
v -0.209996 0.205277 0.154426
v -0.202653 0.206660 0.165547
v -0.189788 0.210335 0.164814
v -0.184267 0.212626 0.152959
v -0.138772 0.130992 0.144754
v -0.155784 0.126107 0.180291
v -0.194618 0.117115 0.182640
v -0.160594 0.126887 0.111567
v -0.216440 0.113010 0.149453
v -0.199428 0.117896 0.113917
v -0.226814 0.188896 0.102022
v -0.168031 0.205687 0.098671
v -0.252038 0.178425 0.156193
v -0.218482 0.184745 0.207011
v -0.159701 0.201535 0.203662
v -0.134475 0.212006 0.149492
v -0.241231 0.166180 0.070897
v -0.147807 0.192866 0.065571
v -0.281321 0.149539 0.156991
v -0.227990 0.159582 0.237758
v -0.134569 0.186267 0.232434
v -0.094476 0.202909 0.146342
v -0.250467 0.135985 0.043691
v -0.127511 0.171106 0.036682
v -0.303230 0.114082 0.157001
v -0.233040 0.127300 0.263300
v -0.110087 0.162421 0.256293
v -0.057320 0.184324 0.142985
v -0.255610 0.140286 0.038351
v -0.126118 0.177275 0.030969
v -0.311178 0.117220 0.157684
v -0.237257 0.131141 0.269633
v -0.107768 0.168128 0.262253
v -0.052197 0.191196 0.142923
v -0.256038 0.171349 0.052170
v -0.140411 0.204377 0.045579
v -0.305655 0.150753 0.158725
v -0.239649 0.163183 0.258686
v -0.124026 0.196210 0.252097
v -0.074405 0.216807 0.145544
v -0.246650 0.202823 0.080184
v -0.161407 0.227172 0.075325
v -0.283230 0.187639 0.158740
v -0.234569 0.196803 0.232434
v -0.149328 0.221151 0.227576
v -0.112746 0.236336 0.149023
v -0.225983 0.224443 0.119719
v -0.185263 0.236074 0.117397
v -0.243457 0.217189 0.157244
v -0.220211 0.221567 0.192447
v -0.179492 0.233198 0.190127
v -0.162017 0.240452 0.152602
v -0.204914 0.236535 0.155401
v 0.137995 0.099605 -0.110539
v 0.136221 0.108035 -0.103620
v 0.136980 0.105888 -0.110178
v 0.141003 0.102104 -0.114934
v 0.135146 0.101992 -0.104297
v 0.139922 0.112339 -0.108490
v 0.223475 0.094932 -0.079612
v 0.219640 0.085212 -0.081990
v 0.216847 0.093232 -0.089061
v 0.221574 0.090663 -0.084673
v 0.222924 0.088037 -0.078009
v 0.216118 0.087187 -0.088030
v 0.220781 0.097908 -0.084749
v 0.218742 0.132126 -0.060799
v 0.222994 0.122841 -0.064045
v 0.223363 0.131030 -0.071455
v 0.223519 0.129153 -0.064773
v 0.220346 0.125346 -0.059427
v 0.224930 0.125108 -0.070670
v 0.219957 0.135312 -0.066355
v 0.148634 0.142482 -0.041454
v 0.156217 0.145424 -0.034478
v 0.155942 0.151250 -0.043863
v 0.152406 0.147718 -0.039045
v 0.151835 0.141563 -0.035182
v 0.158996 0.150786 -0.038516
v 0.150195 0.146940 -0.045946
v 0.204065 0.120803 -0.112605
v 0.205759 0.129952 -0.107289
v 0.210462 0.120992 -0.102851
v 0.208432 0.124315 -0.108599
v 0.203044 0.127808 -0.112048
v 0.209819 0.127075 -0.101998
v 0.207508 0.117086 -0.108504
v 0.203435 0.155627 -0.096463
v 0.203795 0.162618 -0.088350
v 0.210599 0.153963 -0.087408
v 0.207392 0.158475 -0.091597
v 0.201104 0.161638 -0.093489
v 0.208849 0.159113 -0.084484
v 0.207936 0.151612 -0.093990
v 0.186771 0.172733 -0.062190
v 0.179668 0.169314 -0.054931
v 0.189961 0.165526 -0.053589
v 0.185844 0.170714 -0.055670
v 0.180117 0.172715 -0.059711
v 0.184312 0.165236 -0.051112
v 0.191824 0.169489 -0.059653
v 0.172416 0.166144 -0.097382
v 0.164837 0.165911 -0.089810
v 0.173624 0.172191 -0.087479
v 0.169340 0.169661 -0.092321
v 0.166116 0.163761 -0.095135
v 0.168206 0.170354 -0.085154
v 0.176382 0.170168 -0.094131
v 0.159440 0.125078 -0.100190
v 0.191994 0.117347 -0.101711
v 0.210330 0.117359 -0.073910
v 0.196112 0.125100 -0.044588
v 0.163558 0.132831 -0.043067
v 0.145222 0.132820 -0.070869
v 0.118886 0.101770 -0.064631
v 0.147467 0.101787 -0.021298
v 0.198209 0.089738 -0.023668
v 0.220371 0.077671 -0.069371
v 0.191791 0.077653 -0.112705
v 0.141048 0.089703 -0.110335
v 0.139709 0.095696 -0.115373
v 0.195281 0.082499 -0.117969
v 0.226582 0.082519 -0.070510
v 0.202311 0.095734 -0.020456
v 0.146738 0.108931 -0.017860
v 0.115437 0.108912 -0.065319
v 0.124766 0.137424 -0.069879
v 0.154592 0.137443 -0.024656
v 0.207547 0.124868 -0.027129
v 0.230676 0.112274 -0.074826
v 0.200849 0.112256 -0.120049
v 0.147894 0.124831 -0.117576
v 0.164388 0.155770 -0.108082
v 0.200709 0.147145 -0.109779
v 0.221167 0.147157 -0.078761
v 0.205304 0.155795 -0.046047
v 0.168983 0.164420 -0.044350
v 0.148525 0.164407 -0.075368
v 0.172418 0.176184 -0.078826
v 0.181565 0.176189 -0.064958
v 0.197804 0.172333 -0.065717
v 0.204896 0.168471 -0.080343
v 0.195750 0.168466 -0.094211
v 0.179511 0.172322 -0.093453
v 0.189403 0.175565 -0.080078
v 0.164390 0.141861 -0.073589
v 0.173602 0.141867 -0.059622
v 0.189956 0.137983 -0.060386
v 0.197099 0.134094 -0.075116
v 0.187888 0.134089 -0.089083
v 0.171533 0.137972 -0.088319
v 0.148752 0.062486 -0.062095
v 0.159785 0.062411 -0.044980
v 0.179960 0.059437 -0.045884
v 0.189101 0.056537 -0.063904
v 0.178068 0.056611 -0.081019
v 0.157894 0.059586 -0.080114
v 0.144404 0.000163 -0.062073
v 0.157254 0.000163 -0.041894
v 0.181154 0.000163 -0.042933
v 0.192206 0.000163 -0.064150
v 0.179356 0.000163 -0.084330
v 0.155455 0.000163 -0.083291
v -0.095259 0.000163 -0.155398
v -0.084713 0.000163 -0.176871
v -0.060844 0.000163 -0.178474
v -0.047521 0.000163 -0.158604
v -0.058067 0.000163 -0.137131
v -0.081936 0.000163 -0.135528
v -0.091302 0.059586 -0.156015
v -0.082425 0.056611 -0.174154
v -0.062115 0.056537 -0.175632
v -0.050684 0.059437 -0.158971
v -0.059561 0.062411 -0.140832
v -0.079871 0.062486 -0.139354
v -0.091965 0.137972 -0.171918
v -0.084795 0.134089 -0.186637
v -0.068122 0.134094 -0.188026
v -0.058618 0.137983 -0.174696
v -0.065788 0.141867 -0.159977
v -0.082461 0.141861 -0.158588
v -0.076166 0.175565 -0.183650
v -0.092646 0.172322 -0.181380
v -0.085527 0.168466 -0.195995
v -0.068971 0.168471 -0.197374
v -0.059535 0.172333 -0.184138
v -0.066654 0.176189 -0.169523
v -0.083209 0.176184 -0.168144
v -0.091628 0.164407 -0.145518
v -0.054600 0.164420 -0.148602
v -0.038677 0.155795 -0.181291
v -0.059783 0.147157 -0.210895
v -0.096811 0.147145 -0.207810
v -0.112734 0.155770 -0.175122
v -0.128973 0.124831 -0.165197
v -0.105758 0.112256 -0.212857
v -0.051771 0.112274 -0.217354
v -0.020999 0.124868 -0.174191
v -0.044214 0.137443 -0.126532
v -0.098201 0.137424 -0.122035
v -0.098671 0.108912 -0.111662
v -0.042016 0.108931 -0.116381
v -0.017653 0.095734 -0.166396
v -0.049946 0.082519 -0.211692
v -0.106601 0.082499 -0.206973
v -0.130963 0.095696 -0.156958
v -0.125900 0.089703 -0.155718
v -0.103655 0.077653 -0.201386
v -0.051924 0.077671 -0.205695
v -0.022438 0.089738 -0.164336
v -0.044683 0.101787 -0.118668
v -0.096414 0.101770 -0.114359
v -0.089263 0.132820 -0.140461
v -0.056075 0.132831 -0.143226
v -0.041803 0.125100 -0.172525
v -0.060720 0.117359 -0.199059
v -0.093908 0.117347 -0.196294
v -0.108180 0.125078 -0.166996
v 0.040729 0.310249 0.166529
v 0.045567 0.277633 0.176477
v 0.017677 0.294888 0.186993
v 0.037489 0.296063 0.181212
v 0.050959 0.291693 0.167531
v 0.027736 0.281612 0.186003
v 0.025030 0.310284 0.176294
v -0.023922 0.369869 -0.094369
v -0.014042 0.378558 -0.073400
v -0.038552 0.375611 -0.075242
v -0.025856 0.378475 -0.082411
v -0.012609 0.374326 -0.085170
v -0.028372 0.378621 -0.069661
v -0.035880 0.370882 -0.088660
v -0.115213 0.358071 -0.049739
v -0.103647 0.367858 -0.025391
v -0.125520 0.349336 -0.024444
v -0.117834 0.362013 -0.033191
v -0.103982 0.367579 -0.039969
v -0.115780 0.357582 -0.018949
v -0.124986 0.349793 -0.041199
v -0.153832 0.310840 0.061280
v -0.146509 0.324101 0.085630
v -0.160352 0.299004 0.086575
v -0.157686 0.313588 0.077829
v -0.146723 0.323723 0.071052
v -0.154188 0.310177 0.092070
v -0.160016 0.299623 0.069820
v -0.051442 0.347964 0.120163
v -0.027535 0.344092 0.135520
v -0.051180 0.329121 0.141779
v -0.044745 0.343781 0.135458
v -0.034594 0.350785 0.124654
v -0.037936 0.332980 0.143436
v -0.058281 0.337424 0.129058
v 0.078363 0.354174 0.100020
v 0.100700 0.336340 0.102342
v 0.078463 0.333880 0.120281
v 0.087918 0.344454 0.110532
v 0.094148 0.347539 0.095683
v 0.090883 0.330419 0.115105
v 0.071883 0.346824 0.111893
v 0.162260 0.299322 0.074951
v 0.169640 0.271965 0.070534
v 0.166952 0.281952 0.097282
v 0.170828 0.285639 0.080921
v 0.166100 0.285082 0.065232
v 0.169568 0.272249 0.087688
v 0.163006 0.296573 0.090080
v 0.139391 0.332325 -0.028793
v 0.156030 0.309390 -0.033212
v 0.149962 0.317762 -0.006464
v 0.152271 0.322589 -0.022824
v 0.148051 0.320386 -0.038513
v 0.155862 0.309628 -0.016058
v 0.141067 0.330020 -0.013665
v 0.114743 0.291674 -0.115275
v 0.127382 0.266010 -0.117280
v 0.139350 0.286688 -0.101419
v 0.129574 0.282940 -0.115081
v 0.116426 0.274976 -0.120785
v 0.138537 0.273974 -0.106962
v 0.126287 0.296101 -0.106103
v 0.027242 0.344245 -0.134919
v 0.044473 0.323080 -0.143723
v 0.052233 0.339634 -0.121630
v 0.043443 0.338620 -0.136394
v 0.032064 0.330622 -0.145076
v 0.053857 0.329308 -0.130782
v 0.037679 0.347587 -0.124107
v -0.079051 0.306291 -0.131791
v -0.061583 0.291174 -0.148783
v -0.053463 0.316939 -0.139159
v -0.066631 0.306824 -0.143696
v -0.074238 0.292445 -0.141646
v -0.051898 0.305111 -0.146279
v -0.068314 0.317315 -0.131379
v 0.089786 0.371211 -0.013226
v 0.096660 0.367150 0.010206
v 0.075755 0.379508 0.005405
v 0.089468 0.376120 0.000795
v 0.098795 0.365886 -0.002136
v 0.084068 0.374594 0.012518
v 0.079079 0.377541 -0.008546
v -0.049611 0.387506 0.049306
v -0.043550 0.379698 0.072003
v -0.067270 0.379954 0.064924
v -0.053856 0.386179 0.063484
v -0.040107 0.384208 0.060764
v -0.058252 0.378013 0.072589
v -0.062327 0.385113 0.052335
v 0.031218 0.392230 0.030358
v 0.037968 0.387877 0.044787
v 0.021933 0.391747 0.044005
v 0.030975 0.393212 0.040218
v 0.038738 0.389291 0.036545
v 0.028661 0.389475 0.047690
v 0.023489 0.393205 0.034588
v -0.021616 0.395358 -0.015775
v -0.014542 0.396040 -0.000870
v -0.030928 0.394458 -0.002168
v -0.022623 0.397983 -0.006271
v -0.013859 0.396107 -0.009240
v -0.024011 0.395126 0.001795
v -0.029457 0.394601 -0.011710
v 0.034188 0.387903 -0.038564
v 0.041296 0.389098 -0.023707
v 0.025244 0.392542 -0.025481
v 0.034188 0.392440 -0.029752
v 0.041861 0.387379 -0.031908
v 0.032063 0.391727 -0.021377
v 0.026565 0.390427 -0.034810
v -0.205180 0.231172 0.173460
v -0.199175 0.228357 0.188583
v -0.215011 0.225076 0.185245
v -0.207133 0.230720 0.183167
v -0.198026 0.230979 0.180688
v -0.208524 0.225453 0.189911
v -0.213029 0.228220 0.176332
v -0.223944 0.225840 0.128666
v -0.221065 0.227772 0.140304
v -0.231561 0.222366 0.137462
v -0.226420 0.227104 0.135404
v -0.219658 0.228233 0.134308
v -0.227524 0.224552 0.141140
v -0.229506 0.223122 0.130707
v -0.173744 0.238445 0.138122
v -0.170601 0.239462 0.149808
v -0.182281 0.238161 0.146753
v -0.175731 0.240670 0.144773
v -0.168998 0.239249 0.143847
v -0.177803 0.238819 0.150511
v -0.179954 0.237971 0.140047
v -0.144350 0.231345 0.183070
v -0.139799 0.226935 0.199507
v -0.156737 0.229614 0.195475
v -0.146680 0.232096 0.193356
v -0.137471 0.228733 0.191045
v -0.150244 0.227709 0.200676
v -0.153357 0.231564 0.185941
v -0.251161 0.203087 0.180979
v -0.246993 0.200104 0.197833
v -0.261123 0.192329 0.190744
v -0.254729 0.200751 0.190654
v -0.245269 0.204151 0.190028
v -0.255618 0.194102 0.197021
v -0.258553 0.197296 0.182093
v -0.186569 0.221519 0.080733
v -0.187066 0.228170 0.098360
v -0.202500 0.220485 0.090750
v -0.192898 0.226165 0.088877
v -0.182218 0.226533 0.090256
v -0.197689 0.224523 0.097377
v -0.196293 0.218930 0.081777
v -0.266719 0.183046 0.103285
v -0.268200 0.191769 0.122778
v -0.278020 0.173216 0.118579
v -0.273857 0.184426 0.113879
v -0.264431 0.192123 0.112570
v -0.275236 0.181218 0.124561
v -0.273286 0.174401 0.107052
v -0.206316 0.196862 0.237289
v -0.191389 0.186292 0.248411
v -0.211907 0.180319 0.249670
v -0.203674 0.190011 0.247833
v -0.194097 0.194262 0.241508
v -0.201800 0.179710 0.251916
v -0.214151 0.189709 0.241702
v -0.118612 0.224849 0.116251
v -0.102128 0.222983 0.129781
v -0.119647 0.233779 0.135678
v -0.112072 0.230163 0.125950
v -0.106636 0.220892 0.120094
v -0.110128 0.229887 0.137016
v -0.124081 0.230928 0.124324
v -0.161363 0.177500 0.037531
v -0.142623 0.187788 0.038646
v -0.160414 0.197122 0.046037
v -0.155381 0.188872 0.037570
v -0.148376 0.178991 0.035810
v -0.150271 0.196590 0.043942
v -0.166264 0.186644 0.042475
v -0.264923 0.140382 0.059986
v -0.256961 0.156306 0.048100
v -0.264670 0.160368 0.067653
v -0.265368 0.152919 0.057207
v -0.259361 0.145756 0.049308
v -0.260312 0.162862 0.058578
v -0.267098 0.148101 0.068218
v -0.258924 0.134956 0.235039
v -0.263302 0.152880 0.224184
v -0.251649 0.153803 0.242118
v -0.260893 0.147638 0.235665
v -0.264171 0.142082 0.225264
v -0.256413 0.157776 0.233806
v -0.253135 0.141384 0.242604
v -0.135530 0.166019 0.261864
v -0.142321 0.185164 0.255110
v -0.121358 0.181379 0.257226
v -0.133202 0.178647 0.261392
v -0.144521 0.175039 0.258452
v -0.129670 0.187146 0.254942
v -0.124761 0.169928 0.260968
v -0.078869 0.191384 0.185627
v -0.086968 0.208787 0.176150
v -0.071724 0.197384 0.166360
v -0.076722 0.201166 0.177576
v -0.086712 0.201934 0.184605
v -0.078521 0.205169 0.167230
v -0.072070 0.190004 0.176465
v -0.097284 0.191939 0.085876
v -0.113860 0.201954 0.076756
v -0.105111 0.184892 0.067239
v -0.103197 0.195031 0.074896
v -0.106709 0.201110 0.084921
v -0.111852 0.192725 0.068107
v -0.097278 0.184640 0.077000
v -0.094741 0.170168 -0.178959
v -0.090782 0.170354 -0.167481
v -0.100543 0.163761 -0.170431
v -0.096528 0.169661 -0.171912
v -0.090225 0.172191 -0.173351
v -0.096483 0.165911 -0.166756
v -0.099495 0.166144 -0.177037
v -0.057080 0.169489 -0.175983
v -0.053186 0.165236 -0.165296
v -0.062743 0.172715 -0.165737
v -0.056451 0.170714 -0.168826
v -0.052651 0.165526 -0.171442
v -0.058763 0.169314 -0.163052
v -0.061729 0.172733 -0.172765
v -0.079490 0.151612 -0.206584
v -0.070710 0.159113 -0.202828
v -0.082326 0.161638 -0.200348
v -0.077651 0.158475 -0.204959
v -0.072437 0.153963 -0.205766
v -0.076526 0.162618 -0.200246
v -0.083819 0.155627 -0.203820
v -0.092433 0.117086 -0.213166
v -0.085615 0.127075 -0.212075
v -0.097684 0.127808 -0.210948
v -0.092074 0.124315 -0.214022
v -0.086056 0.120992 -0.213048
v -0.092206 0.129952 -0.211048
v -0.097683 0.120803 -0.212111
v -0.065007 0.146940 -0.132879
v -0.054267 0.150786 -0.137040
v -0.054774 0.141563 -0.129158
v -0.057890 0.147718 -0.131510
v -0.060424 0.151250 -0.136924
v -0.052055 0.145424 -0.132666
v -0.061813 0.142482 -0.129355
v -0.049475 0.135312 -0.203886
v -0.050878 0.125108 -0.210319
v -0.043209 0.125346 -0.200907
v -0.046379 0.129153 -0.206253
v -0.052318 0.131030 -0.209320
v -0.045992 0.122841 -0.205444
v -0.045182 0.132126 -0.200156
v -0.065223 0.097908 -0.213427
v -0.070338 0.087187 -0.210907
v -0.058281 0.088037 -0.212076
v -0.064776 0.090663 -0.214086
v -0.070893 0.093232 -0.212042
v -0.063349 0.085212 -0.211103
v -0.059424 0.094932 -0.213328
v -0.124821 0.112339 -0.153846
v -0.123431 0.101992 -0.147644
v -0.129958 0.102104 -0.157883
v -0.127712 0.105888 -0.152072
v -0.122320 0.108035 -0.148263
v -0.127542 0.099605 -0.153136
v -0.128410 0.109028 -0.158163
v -0.101664 0.148215 -0.143327
v -0.105092 0.138484 -0.136924
v -0.109551 0.140295 -0.148073
v -0.106948 0.143373 -0.142001
v -0.101763 0.143664 -0.137393
v -0.108943 0.137400 -0.142988
v -0.105546 0.146159 -0.148143
v -0.083155 0.123744 -0.118328
v -0.085468 0.112599 -0.114097
v -0.094602 0.120335 -0.116140
v -0.087586 0.119570 -0.114320
v -0.081413 0.116860 -0.115978
v -0.092236 0.115211 -0.114480
v -0.089570 0.124896 -0.118212
v -0.037440 0.119283 -0.132661
v -0.037958 0.109140 -0.126004
v -0.042260 0.119573 -0.121520
v -0.037426 0.116409 -0.125963
v -0.036383 0.112017 -0.131237
v -0.041009 0.113826 -0.121367
v -0.040275 0.122433 -0.127708
v -0.031023 0.139260 -0.171827
v -0.027994 0.130629 -0.163840
v -0.035053 0.139886 -0.160389
v -0.029738 0.137635 -0.164839
v -0.027689 0.132964 -0.169549
v -0.032077 0.134875 -0.159590
v -0.034407 0.142176 -0.167079
v -0.028540 0.102000 -0.182757
v -0.023808 0.093854 -0.175095
v -0.021782 0.105703 -0.173373
v -0.023074 0.100404 -0.178208
v -0.027185 0.095140 -0.180103
v -0.021302 0.099979 -0.172098
v -0.025739 0.106680 -0.179187
v -0.118951 0.127690 -0.180888
v -0.114071 0.138626 -0.182904
v -0.120557 0.136634 -0.172833
v -0.119516 0.134880 -0.179830
v -0.115022 0.132792 -0.184693
v -0.117324 0.139874 -0.176529
v -0.121375 0.130029 -0.175307
v -0.113084 0.089517 -0.194144
v -0.111956 0.100937 -0.198115
v -0.116921 0.098749 -0.187251
v -0.115788 0.096285 -0.194016
v -0.111153 0.094877 -0.198990
v -0.115067 0.102167 -0.191666
v -0.115792 0.091892 -0.188711
v 0.141990 0.109028 -0.113711
v 0.141792 0.148215 -0.083126
v 0.134529 0.138484 -0.083065
v 0.142176 0.140295 -0.092322
v 0.138095 0.143373 -0.087127
v 0.136537 0.143664 -0.080368
v 0.138005 0.137400 -0.089351
v 0.144157 0.146159 -0.088841
v 0.128726 0.123744 -0.054898
v 0.123903 0.112599 -0.054899
v 0.121318 0.120335 -0.063895
v 0.123084 0.119570 -0.056866
v 0.127498 0.116860 -0.052242
v 0.120995 0.115211 -0.061023
v 0.125548 0.124896 -0.060472
v 0.163219 0.119283 -0.021649
v 0.157129 0.109140 -0.018912
v 0.151130 0.119573 -0.020538
v 0.157348 0.116409 -0.018426
v 0.162476 0.112017 -0.020039
v 0.151596 0.113826 -0.019367
v 0.157513 0.122433 -0.021763
v 0.200667 0.139260 -0.034793
v 0.195111 0.130629 -0.028306
v 0.188697 0.139886 -0.032847
v 0.195150 0.137635 -0.030315
v 0.200267 0.132964 -0.030774
v 0.189422 0.134875 -0.029852
v 0.194878 0.142176 -0.035487
v 0.211450 0.102000 -0.037854
v 0.206994 0.093854 -0.030028
v 0.206454 0.105703 -0.027424
v 0.210077 0.100404 -0.030876
v 0.209770 0.095140 -0.035392
v 0.205565 0.099979 -0.026392
v 0.209660 0.106680 -0.033684
v 0.166469 0.127690 -0.116303
v 0.170577 0.138626 -0.112987
v 0.158630 0.136634 -0.113851
v 0.165270 0.134880 -0.116291
v 0.171692 0.132792 -0.114679
v 0.163423 0.139874 -0.112785
v 0.160409 0.130029 -0.115755
v 0.180914 0.089517 -0.117509
v 0.184940 0.100937 -0.118422
v 0.173026 0.098749 -0.117572
v 0.179506 0.096285 -0.119820
v 0.186093 0.094877 -0.118137
v 0.177789 0.102167 -0.118060
v 0.174848 0.091892 -0.117280
v 0.174659 0.099605 0.038317
v 0.168211 0.108035 0.035245
v 0.174500 0.105888 0.037251
v 0.178393 0.102104 0.042114
v 0.169083 0.101992 0.034319
v 0.172278 0.112339 0.039814
v 0.127858 0.094932 0.116246
v 0.130930 0.085212 0.112940
v 0.138406 0.093232 0.111561
v 0.133190 0.090663 0.115354
v 0.126391 0.088037 0.115396
v 0.137534 0.087187 0.110646
v 0.133417 0.097908 0.114591
v 0.110308 0.132126 0.107980
v 0.112674 0.122841 0.112778
v 0.119874 0.131030 0.114566
v 0.113287 0.129153 0.113432
v 0.108652 0.125346 0.109290
v 0.118802 0.125108 0.115952
v 0.115526 0.135312 0.110242
v 0.104818 0.142482 0.035459
v 0.096513 0.145424 0.041558
v 0.105776 0.151250 0.043095
v 0.101728 0.147718 0.038697
v 0.098048 0.141563 0.037393
v 0.099941 0.150786 0.045062
v 0.108926 0.146940 0.037856
v 0.163970 0.120803 0.103550
v 0.158427 0.129952 0.104188
v 0.153167 0.120992 0.107949
v 0.159198 0.124315 0.107063
v 0.163620 0.127808 0.102441
v 0.152453 0.127075 0.107154
v 0.159282 0.117086 0.106138
v 0.148251 0.155627 0.099825
v 0.140220 0.162618 0.098615
v 0.137986 0.153963 0.105111
v 0.142714 0.158475 0.102770
v 0.145781 0.161638 0.096964
v 0.135454 0.159113 0.102831
v 0.144957 0.151612 0.103765
v 0.117826 0.172733 0.076875
v 0.112070 0.169314 0.068507
v 0.108772 0.165526 0.078350
v 0.111607 0.170714 0.074710
v 0.116674 0.172715 0.069868
v 0.107429 0.165236 0.072329
v 0.114364 0.169489 0.081345
v 0.155123 0.166144 0.069562
v 0.149152 0.165911 0.060667
v 0.145173 0.172191 0.068842
v 0.150748 0.169661 0.065569
v 0.154131 0.163761 0.062947
v 0.143934 0.170354 0.063077
v 0.151169 0.170168 0.072828
v 0.160376 0.125078 0.057369
v 0.155602 0.117347 0.089607
v 0.124792 0.117359 0.102249
v 0.098755 0.125100 0.082653
v 0.103529 0.132831 0.050415
v 0.134340 0.132820 0.037773
v 0.133288 0.101770 0.010729
v 0.085264 0.101787 0.030435
v 0.077822 0.089738 0.080684
v 0.118406 0.077671 0.111229
v 0.166430 0.077653 0.091524
v 0.173871 0.089703 0.041274
v 0.179073 0.095696 0.040929
v 0.170924 0.082499 0.095962
v 0.118328 0.082519 0.117543
v 0.073881 0.095734 0.084091
v 0.082031 0.108931 0.029058
v 0.134627 0.108912 0.007477
v 0.137306 0.137424 0.017509
v 0.087187 0.137443 0.038073
v 0.079422 0.124868 0.090514
v 0.121775 0.112274 0.122391
v 0.171894 0.112256 0.101826
v 0.179659 0.124831 0.049385
v 0.167168 0.155770 0.063744
v 0.161842 0.147145 0.099712
v 0.127467 0.147157 0.113817
v 0.098417 0.155795 0.091954
v 0.103744 0.164420 0.055985
v 0.138119 0.164407 0.041881
v 0.136914 0.176184 0.065992
v 0.121545 0.176189 0.072299
v 0.119163 0.172333 0.088380
v 0.132151 0.168471 0.098155
v 0.147520 0.168466 0.091849
v 0.149902 0.172322 0.075768
v 0.134873 0.175565 0.082900
v 0.133319 0.141861 0.057106
v 0.117841 0.141867 0.063458
v 0.115442 0.137983 0.079653
v 0.128523 0.134094 0.089498
v 0.144001 0.134089 0.083147
v 0.146400 0.137972 0.066951
v 0.125050 0.062486 0.039548
v 0.106132 0.062411 0.047081
v 0.103136 0.059437 0.067052
v 0.119059 0.056537 0.079491
v 0.137978 0.056611 0.071959
v 0.140973 0.059586 0.051987
v 0.125866 0.000163 0.035278
v 0.103591 0.000163 0.044003
v 0.100010 0.000163 0.067657
v 0.118704 0.000163 0.082585
v 0.140979 0.000163 0.073860
v 0.144560 0.000163 0.050206
v 0.177002 0.109028 0.042848
v 0.147028 0.148215 0.036766
v 0.148366 0.138484 0.029628
v 0.155978 0.140295 0.038913
v 0.151666 0.143373 0.033909
v 0.145333 0.143664 0.031078
v 0.153866 0.137400 0.034248
v 0.152181 0.146159 0.040187
v 0.121842 0.123744 0.018511
v 0.122772 0.112599 0.013779
v 0.132098 0.120335 0.012974
v 0.124859 0.119570 0.013354
v 0.119473 0.116860 0.016796
v 0.129341 0.115211 0.012104
v 0.127924 0.124896 0.016466
v 0.082576 0.119283 0.045960
v 0.081063 0.109140 0.039457
v 0.083813 0.119573 0.033884
v 0.080543 0.116409 0.039578
v 0.081140 0.112017 0.044921
v 0.082575 0.113826 0.034115
v 0.083786 0.122433 0.040383
v 0.088266 0.139260 0.085238
v 0.082970 0.130629 0.078536
v 0.088661 0.139886 0.073117
v 0.084934 0.137635 0.078962
v 0.084400 0.132964 0.084071
v 0.085582 0.134875 0.073252
v 0.090062 0.142176 0.079691
v 0.089195 0.102000 0.096408
v 0.082373 0.093854 0.090529
v 0.079921 0.105703 0.089498
v 0.082611 0.100404 0.093718
v 0.087103 0.095140 0.094286
v 0.079080 0.099979 0.088427
v 0.085447 0.106680 0.093849
v 0.174834 0.127690 0.067368
v 0.170790 0.138626 0.070761
v 0.173937 0.136634 0.059203
v 0.175054 0.134880 0.066189
v 0.172236 0.132792 0.072180
v 0.171969 0.139874 0.063702
v 0.175463 0.130029 0.061316
v 0.173238 0.089517 0.081775
v 0.173359 0.100937 0.085902
v 0.174818 0.098749 0.074047
v 0.175777 0.096285 0.080839
v 0.172857 0.094877 0.086978
v 0.174381 0.102167 0.078815
v 0.174181 0.091892 0.075779
vt 0.819465 0.425470
vt 0.828616 0.421027
vt 0.837767 0.425470
vt 0.837767 0.434355
vt 0.828616 0.438798
vt 0.819465 0.434355
vt 0.875322 0.529233
vt 0.893624 0.529233
vt 0.893624 0.520506
vt 0.875322 0.520506
vt 0.930862 0.493059
vt 0.930862 0.475289
vt 0.921870 0.475289
vt 0.921870 0.493059
vt 0.893941 0.529233
vt 0.912243 0.529233
vt 0.912243 0.520506
vt 0.893941 0.520506
vt 0.930862 0.511146
vt 0.930862 0.493376
vt 0.921870 0.493376
vt 0.921870 0.511146
vt 0.912560 0.520190
vt 0.930862 0.520190
vt 0.930862 0.511463
vt 0.912560 0.511463
vt 0.940172 0.438798
vt 0.940172 0.421027
vt 0.931179 0.421027
vt 0.931179 0.438798
vt 0.856703 0.547320
vt 0.875005 0.547320
vt 0.875005 0.538593
vt 0.856703 0.538593
vt 0.949481 0.511146
vt 0.949481 0.493376
vt 0.940489 0.493376
vt 0.940489 0.511146
vt 0.875322 0.547320
vt 0.893624 0.547320
vt 0.893624 0.538593
vt 0.875322 0.538593
vt 0.949481 0.529233
vt 0.949481 0.511463
vt 0.940489 0.511463
vt 0.940489 0.529233
vt 0.893941 0.547320
vt 0.912243 0.547320
vt 0.912243 0.538593
vt 0.893941 0.538593
vt 0.940172 0.547320
vt 0.940172 0.529550
vt 0.931179 0.529550
vt 0.931179 0.547320
vt 0.912560 0.547320
vt 0.930862 0.547320
vt 0.930862 0.538593
vt 0.912560 0.538593
vt 0.958791 0.529233
vt 0.958791 0.511463
vt 0.949798 0.511463
vt 0.949798 0.529233
vt 0.931179 0.556364
vt 0.949481 0.556364
vt 0.949481 0.547637
vt 0.931179 0.547637
vt 0.958791 0.547320
vt 0.958791 0.529550
vt 0.949798 0.529550
vt 0.949798 0.547320
vt 0.819465 0.565407
vt 0.837767 0.565407
vt 0.837767 0.556681
vt 0.819465 0.556681
vt 0.968100 0.438798
vt 0.968100 0.421027
vt 0.959108 0.421027
vt 0.959108 0.438798
vt 0.921553 0.421027
vt 0.917215 0.421027
vt 0.917215 0.429754
vt 0.921553 0.429754
vt 0.916898 0.421027
vt 0.912560 0.421027
vt 0.912560 0.429754
vt 0.916898 0.429754
vt 0.930862 0.421027
vt 0.926524 0.421027
vt 0.926524 0.429754
vt 0.930862 0.429754
vt 0.926208 0.421027
vt 0.921870 0.421027
vt 0.921870 0.429754
vt 0.926208 0.429754
vt 0.921553 0.430071
vt 0.917215 0.430071
vt 0.917215 0.438798
vt 0.921553 0.438798
vt 0.916898 0.430071
vt 0.912560 0.430071
vt 0.912560 0.438798
vt 0.916898 0.438798
vt 0.856386 0.565407
vt 0.856386 0.556681
vt 0.838084 0.556681
vt 0.838084 0.565407
vt 0.968100 0.439115
vt 0.959108 0.439115
vt 0.959108 0.456885
vt 0.968100 0.456885
vt 0.875005 0.565407
vt 0.875005 0.556681
vt 0.856703 0.556681
vt 0.856703 0.565407
vt 0.968100 0.457202
vt 0.959108 0.457202
vt 0.959108 0.474972
vt 0.968100 0.474972
vt 0.893624 0.565407
vt 0.893624 0.556681
vt 0.875322 0.556681
vt 0.875322 0.565407
vt 0.968100 0.493376
vt 0.959108 0.493376
vt 0.959108 0.511146
vt 0.968100 0.511146
vt 0.819465 0.574451
vt 0.837767 0.574451
vt 0.837767 0.565724
vt 0.819465 0.565724
vt 0.958791 0.493059
vt 0.958791 0.475289
vt 0.949798 0.475289
vt 0.949798 0.493059
vt 0.838084 0.547320
vt 0.856386 0.547320
vt 0.856386 0.538593
vt 0.838084 0.538593
vt 0.949481 0.474972
vt 0.949481 0.457202
vt 0.940489 0.457202
vt 0.940489 0.474972
vt 0.856703 0.520190
vt 0.875005 0.520190
vt 0.875005 0.511463
vt 0.856703 0.511463
vt 0.921553 0.474972
vt 0.921553 0.457202
vt 0.912560 0.457202
vt 0.912560 0.474972
vt 0.875322 0.520190
vt 0.893624 0.520190
vt 0.893624 0.511463
vt 0.875322 0.511463
vt 0.921553 0.493059
vt 0.921553 0.475289
vt 0.912560 0.475289
vt 0.912560 0.493059
vt 0.893941 0.520190
vt 0.912243 0.520190
vt 0.912243 0.511463
vt 0.893941 0.511463
vt 0.921553 0.511146
vt 0.921553 0.493376
vt 0.912560 0.493376
vt 0.912560 0.511146
vt 0.856703 0.529233
vt 0.875005 0.529233
vt 0.875005 0.520506
vt 0.856703 0.520506
vt 0.930862 0.474972
vt 0.930862 0.457202
vt 0.921870 0.457202
vt 0.921870 0.474972
vt 0.856703 0.576712
vt 0.875005 0.576712
vt 0.875005 0.574768
vt 0.856703 0.574768
vt 0.975083 0.565407
vt 0.975083 0.547637
vt 0.973072 0.547637
vt 0.973072 0.565407
vt 0.838084 0.576712
vt 0.856386 0.576712
vt 0.856386 0.574768
vt 0.838084 0.574768
vt 0.975083 0.547320
vt 0.975083 0.529550
vt 0.973072 0.529550
vt 0.973072 0.547320
vt 0.875322 0.576712
vt 0.893624 0.576712
vt 0.893624 0.574768
vt 0.875322 0.574768
vt 0.975083 0.529233
vt 0.975083 0.511463
vt 0.973072 0.511463
vt 0.973072 0.529233
vt 0.908654 0.324155
vt 0.926956 0.324155
vt 0.926956 0.315428
vt 0.908654 0.315428
vt 0.936266 0.251807
vt 0.936266 0.234036
vt 0.927273 0.234036
vt 0.927273 0.251807
vt 0.815559 0.333199
vt 0.833861 0.333199
vt 0.833861 0.324472
vt 0.815559 0.324472
vt 0.936266 0.269894
vt 0.936266 0.252124
vt 0.927273 0.252124
vt 0.927273 0.269894
vt 0.834178 0.333199
vt 0.852480 0.333199
vt 0.852480 0.324472
vt 0.834178 0.324472
vt 0.936266 0.287981
vt 0.936266 0.270211
vt 0.927273 0.270211
vt 0.927273 0.287981
vt 0.852797 0.333199
vt 0.871099 0.333199
vt 0.871099 0.324472
vt 0.852797 0.324472
vt 0.936266 0.306068
vt 0.936266 0.288298
vt 0.927273 0.288298
vt 0.927273 0.306068
vt 0.871416 0.333199
vt 0.889718 0.333199
vt 0.889718 0.324472
vt 0.871416 0.324472
vt 0.936266 0.324155
vt 0.936266 0.306385
vt 0.927273 0.306385
vt 0.927273 0.324155
vt 0.890035 0.333199
vt 0.908337 0.333199
vt 0.908337 0.324472
vt 0.890035 0.324472
vt 0.945575 0.233720
vt 0.945575 0.215949
vt 0.936582 0.215949
vt 0.936582 0.233720
vt 0.908654 0.333199
vt 0.926956 0.333199
vt 0.926956 0.324472
vt 0.908654 0.324472
vt 0.945575 0.251807
vt 0.945575 0.234036
vt 0.936582 0.234036
vt 0.936582 0.251807
vt 0.815559 0.342242
vt 0.833861 0.342242
vt 0.833861 0.333515
vt 0.815559 0.333515
vt 0.852480 0.306385
vt 0.834178 0.306385
vt 0.834178 0.324155
vt 0.852480 0.324155
vt 0.926956 0.234036
vt 0.908654 0.234036
vt 0.908654 0.251807
vt 0.926956 0.251807
vt 0.945575 0.287981
vt 0.945575 0.270211
vt 0.936582 0.270211
vt 0.936582 0.287981
vt 0.899503 0.242763
vt 0.908337 0.242763
vt 0.908337 0.234195
vt 0.890193 0.242763
vt 0.899028 0.242763
vt 0.899028 0.234195
vt 0.852480 0.306068
vt 0.843646 0.306068
vt 0.852480 0.297500
vt 0.852322 0.297341
vt 0.843487 0.297341
vt 0.843487 0.305909
vt 0.890035 0.234036
vt 0.898869 0.234036
vt 0.890035 0.242605
vt 0.908179 0.234036
vt 0.899344 0.234036
vt 0.899344 0.242605
vt 0.837767 0.527051
vt 0.833271 0.529233
vt 0.828774 0.527051
vt 0.828774 0.522688
vt 0.833271 0.520506
vt 0.837767 0.522688
vt 0.930862 0.438798
vt 0.930862 0.430071
vt 0.926524 0.430071
vt 0.926524 0.438798
vt 0.926208 0.438798
vt 0.926208 0.430071
vt 0.921870 0.430071
vt 0.921870 0.438798
vt 0.902934 0.502102
vt 0.902934 0.493376
vt 0.898596 0.493376
vt 0.898596 0.502102
vt 0.898279 0.502102
vt 0.898279 0.493376
vt 0.893941 0.493376
vt 0.893941 0.502102
vt 0.912243 0.502102
vt 0.912243 0.493376
vt 0.907905 0.493376
vt 0.907905 0.502102
vt 0.907589 0.502102
vt 0.907589 0.493376
vt 0.903251 0.493376
vt 0.903251 0.502102
vt 0.902934 0.511146
vt 0.902934 0.502419
vt 0.898596 0.502419
vt 0.898596 0.511146
vt 0.898279 0.511146
vt 0.898279 0.502419
vt 0.893941 0.502419
vt 0.893941 0.511146
vt 0.912243 0.511146
vt 0.912243 0.502419
vt 0.907905 0.502419
vt 0.907905 0.511146
vt 0.907589 0.511146
vt 0.907589 0.502419
vt 0.903251 0.502419
vt 0.903251 0.511146
vt 0.884315 0.502102
vt 0.884315 0.493376
vt 0.879977 0.493376
vt 0.879977 0.502102
vt 0.879660 0.502102
vt 0.879660 0.493376
vt 0.875322 0.493376
vt 0.875322 0.502102
vt 0.875322 0.574451
vt 0.893624 0.574451
vt 0.893624 0.570246
vt 0.875322 0.570246
vt 0.972755 0.565407
vt 0.972755 0.547637
vt 0.968417 0.547637
vt 0.968417 0.565407
vt 0.893941 0.574451
vt 0.912243 0.574451
vt 0.912243 0.570246
vt 0.893941 0.570246
vt 0.977410 0.438798
vt 0.977410 0.421027
vt 0.973072 0.421027
vt 0.973072 0.438798
vt 0.912560 0.574451
vt 0.930862 0.574451
vt 0.930862 0.570246
vt 0.912560 0.570246
vt 0.977410 0.456885
vt 0.977410 0.439115
vt 0.973072 0.439115
vt 0.973072 0.456885
vt 0.977410 0.572190
vt 0.977410 0.570246
vt 0.973072 0.570246
vt 0.973072 0.572190
vt 0.823803 0.511463
vt 0.821792 0.511463
vt 0.821792 0.515668
vt 0.823803 0.515668
vt 0.821476 0.511463
vt 0.819465 0.511463
vt 0.819465 0.515668
vt 0.821476 0.515668
vt 0.828458 0.511463
vt 0.826447 0.511463
vt 0.826447 0.515668
vt 0.828458 0.515668
vt 0.826130 0.511463
vt 0.824120 0.511463
vt 0.824120 0.515668
vt 0.826130 0.515668
vt 0.823803 0.515985
vt 0.821792 0.515985
vt 0.821792 0.520190
vt 0.823803 0.520190
vt 0.875005 0.430071
vt 0.866013 0.430071
vt 0.866013 0.438798
vt 0.875005 0.438798
vt 0.865696 0.430071
vt 0.856703 0.430071
vt 0.856703 0.438798
vt 0.865696 0.438798
vt 0.875005 0.421027
vt 0.866013 0.421027
vt 0.866013 0.429754
vt 0.875005 0.429754
vt 0.865696 0.421027
vt 0.856703 0.421027
vt 0.856703 0.429754
vt 0.865696 0.429754
vt 0.875005 0.448158
vt 0.866013 0.448158
vt 0.866013 0.456885
vt 0.875005 0.456885
vt 0.865696 0.448158
vt 0.856703 0.448158
vt 0.856703 0.456885
vt 0.865696 0.456885
vt 0.949481 0.547320
vt 0.949481 0.529550
vt 0.940489 0.529550
vt 0.940489 0.547320
vt 0.819465 0.556364
vt 0.837767 0.556364
vt 0.837767 0.547637
vt 0.819465 0.547637
vt 0.958791 0.438798
vt 0.958791 0.421027
vt 0.949798 0.421027
vt 0.949798 0.438798
vt 0.838084 0.556364
vt 0.856386 0.556364
vt 0.856386 0.547637
vt 0.838084 0.547637
vt 0.958791 0.456885
vt 0.958791 0.439115
vt 0.949798 0.439115
vt 0.949798 0.456885
vt 0.856703 0.556364
vt 0.875005 0.556364
vt 0.875005 0.547637
vt 0.856703 0.547637
vt 0.958791 0.474972
vt 0.958791 0.457202
vt 0.949798 0.457202
vt 0.949798 0.474972
vt 0.875322 0.556364
vt 0.893624 0.556364
vt 0.893624 0.547637
vt 0.875322 0.547637
vt 0.968100 0.493059
vt 0.968100 0.475289
vt 0.959108 0.475289
vt 0.959108 0.493059
vt 0.893941 0.556364
vt 0.912243 0.556364
vt 0.912243 0.547637
vt 0.893941 0.547637
vt 0.958791 0.511146
vt 0.958791 0.493376
vt 0.949798 0.493376
vt 0.949798 0.511146
vt 0.912560 0.556364
vt 0.930862 0.556364
vt 0.930862 0.547637
vt 0.912560 0.547637
vt 0.976246 0.529233
vt 0.976246 0.511463
vt 0.975399 0.511463
vt 0.975399 0.529233
vt 0.940489 0.575581
vt 0.958791 0.575581
vt 0.958791 0.574768
vt 0.940489 0.574768
vt 0.976246 0.547320
vt 0.976246 0.529550
vt 0.975399 0.529550
vt 0.975399 0.547320
vt 0.893941 0.575581
vt 0.912243 0.575581
vt 0.912243 0.574768
vt 0.893941 0.574768
vt 0.976246 0.565407
vt 0.976246 0.547637
vt 0.975399 0.547637
vt 0.975399 0.565407
vt 0.912560 0.575581
vt 0.930862 0.575581
vt 0.930862 0.574768
vt 0.912560 0.574768
vt 0.973504 0.269894
vt 0.973504 0.252124
vt 0.969166 0.252124
vt 0.969166 0.269894
vt 0.927273 0.369373
vt 0.945575 0.369373
vt 0.945575 0.365168
vt 0.927273 0.365168
vt 0.973504 0.287981
vt 0.973504 0.270211
vt 0.969166 0.270211
vt 0.969166 0.287981
vt 0.815559 0.373894
vt 0.833861 0.373894
vt 0.833861 0.369689
vt 0.815559 0.369689
vt 0.973504 0.306068
vt 0.973504 0.288298
vt 0.969166 0.288298
vt 0.969166 0.306068
vt 0.945892 0.369373
vt 0.964194 0.369373
vt 0.964194 0.365168
vt 0.945892 0.365168
vt 0.964194 0.324155
vt 0.964194 0.306385
vt 0.955202 0.306385
vt 0.955202 0.324155
vt 0.890035 0.360329
vt 0.908337 0.360329
vt 0.908337 0.351602
vt 0.890035 0.351602
vt 0.964194 0.342242
vt 0.964194 0.324472
vt 0.955202 0.324472
vt 0.955202 0.342242
vt 0.908654 0.360329
vt 0.926956 0.360329
vt 0.926956 0.351602
vt 0.908654 0.351602
vt 0.954885 0.360329
vt 0.954885 0.342559
vt 0.945892 0.342559
vt 0.945892 0.360329
vt 0.927273 0.360329
vt 0.945575 0.360329
vt 0.945575 0.351602
vt 0.927273 0.351602
vt 0.871099 0.234036
vt 0.862106 0.234036
vt 0.862106 0.242763
vt 0.871099 0.242763
vt 0.861789 0.234036
vt 0.852797 0.234036
vt 0.852797 0.242763
vt 0.861789 0.242763
vt 0.852480 0.261167
vt 0.843487 0.261167
vt 0.843487 0.269894
vt 0.852480 0.269894
vt 0.843170 0.261167
vt 0.834178 0.261167
vt 0.834178 0.269894
vt 0.843170 0.269894
vt 0.852480 0.252124
vt 0.843487 0.252124
vt 0.843487 0.260850
vt 0.852480 0.260850
vt 0.843170 0.252124
vt 0.834178 0.252124
vt 0.834178 0.260850
vt 0.843170 0.260850
vt 0.890193 0.224676
vt 0.899028 0.224676
vt 0.899028 0.216108
vt 0.899503 0.251807
vt 0.908337 0.251807
vt 0.908337 0.243238
vt 0.899028 0.251807
vt 0.890193 0.251807
vt 0.899028 0.243238
vt 0.898869 0.243080
vt 0.890035 0.243080
vt 0.890035 0.251648
vt 0.899344 0.243080
vt 0.908179 0.243080
vt 0.899344 0.251648
vt 0.898869 0.215949
vt 0.890035 0.215949
vt 0.890035 0.224518
vt 0.973919 0.565882
vt 0.973230 0.566538
vt 0.973919 0.566538
vt 0.855222 0.421186
vt 0.855222 0.421841
vt 0.854534 0.421841
vt 0.854059 0.424577
vt 0.853370 0.425232
vt 0.854059 0.425232
vt 0.852895 0.424577
vt 0.852207 0.425232
vt 0.852895 0.425232
vt 0.838931 0.427969
vt 0.838242 0.428624
vt 0.838931 0.428624
vt 0.855222 0.422316
vt 0.854534 0.422972
vt 0.855222 0.422972
vt 0.849404 0.427969
vt 0.848716 0.428624
vt 0.849404 0.428624
vt 0.855222 0.425708
vt 0.855222 0.426363
vt 0.854534 0.426363
vt 0.844749 0.425708
vt 0.844061 0.426363
vt 0.844749 0.426363
vt 0.856386 0.421186
vt 0.855698 0.421841
vt 0.856386 0.421841
vt 0.842422 0.427969
vt 0.841733 0.428624
vt 0.842422 0.428624
vt 0.850568 0.427969
vt 0.849879 0.428624
vt 0.850568 0.428624
vt 0.842422 0.422316
vt 0.841733 0.422972
vt 0.842422 0.422972
vt 0.844749 0.422316
vt 0.844749 0.422972
vt 0.844061 0.422972
vt 0.852895 0.423447
vt 0.852207 0.424102
vt 0.852895 0.424102
vt 0.854059 0.423447
vt 0.853370 0.424102
vt 0.854059 0.424102
vt 0.854059 0.427969
vt 0.853370 0.428624
vt 0.854059 0.428624
vt 0.847077 0.424577
vt 0.846388 0.425232
vt 0.847077 0.425232
vt 0.838931 0.429099
vt 0.838242 0.429754
vt 0.838931 0.429754
vt 0.842422 0.429099
vt 0.842422 0.429754
vt 0.841733 0.429754
vt 0.852048 0.423944
vt 0.852737 0.423288
vt 0.852048 0.423288
vt 0.853212 0.423944
vt 0.853900 0.423288
vt 0.853212 0.423288
vt 0.840095 0.426838
vt 0.839406 0.427493
vt 0.840095 0.427493
vt 0.852048 0.425074
vt 0.852737 0.424419
vt 0.852048 0.424419
vt 0.841258 0.429099
vt 0.840570 0.429754
vt 0.841258 0.429754
vt 0.853212 0.425074
vt 0.853212 0.424419
vt 0.853900 0.424419
vt 0.840095 0.429099
vt 0.839406 0.429754
vt 0.840095 0.429754
vt 0.845913 0.425708
vt 0.845224 0.426363
vt 0.845913 0.426363
vt 0.842422 0.425708
vt 0.841733 0.426363
vt 0.842422 0.426363
vt 0.841258 0.426838
vt 0.840570 0.427493
vt 0.841258 0.427493
vt 0.842422 0.426838
vt 0.841733 0.427493
vt 0.842422 0.427493
vt 0.849404 0.426838
vt 0.849404 0.427493
vt 0.848716 0.427493
vt 0.977410 0.513882
vt 0.976722 0.514537
vt 0.977410 0.514537
vt 0.838931 0.426838
vt 0.838242 0.427493
vt 0.838931 0.427493
vt 0.852895 0.422316
vt 0.852207 0.422972
vt 0.852895 0.422972
vt 0.845913 0.427969
vt 0.845224 0.428624
vt 0.845913 0.428624
vt 0.855222 0.427969
vt 0.854534 0.428624
vt 0.855222 0.428624
vt 0.854376 0.421683
vt 0.854376 0.421027
vt 0.855064 0.421027
vt 0.851731 0.427969
vt 0.851043 0.428624
vt 0.851731 0.428624
vt 0.852895 0.429099
vt 0.852207 0.429754
vt 0.852895 0.429754
vt 0.843586 0.427969
vt 0.842897 0.428624
vt 0.843586 0.428624
vt 0.856386 0.422316
vt 0.855698 0.422972
vt 0.856386 0.422972
vt 0.844749 0.427969
vt 0.844061 0.428624
vt 0.844749 0.428624
vt 0.843586 0.429099
vt 0.843586 0.429754
vt 0.842897 0.429754
vt 0.844749 0.429099
vt 0.844061 0.429754
vt 0.844749 0.429754
vt 0.855539 0.421683
vt 0.856228 0.421027
vt 0.855539 0.421027
vt 0.847077 0.425708
vt 0.846388 0.426363
vt 0.847077 0.426363
vt 0.854376 0.422813
vt 0.855064 0.422158
vt 0.854376 0.422158
vt 0.850568 0.429099
vt 0.849879 0.429754
vt 0.850568 0.429754
vt 0.843586 0.425708
vt 0.843586 0.426363
vt 0.842897 0.426363
vt 0.970428 0.572665
vt 0.969739 0.573320
vt 0.970428 0.573320
vt 0.977410 0.565882
vt 0.976722 0.566538
vt 0.977410 0.566538
vt 0.854059 0.422316
vt 0.853370 0.422972
vt 0.854059 0.422972
vt 0.855539 0.422813
vt 0.856228 0.422158
vt 0.855539 0.422158
vt 0.976246 0.568143
vt 0.975558 0.568799
vt 0.976246 0.568799
vt 0.972755 0.565724
vt 0.968417 0.565724
vt 0.968417 0.569929
vt 0.972755 0.569929
vt 0.828458 0.461723
vt 0.824120 0.461723
vt 0.824120 0.465928
vt 0.828458 0.465928
vt 0.823803 0.461723
vt 0.819465 0.461723
vt 0.819465 0.465928
vt 0.823803 0.465928
vt 0.828458 0.457202
vt 0.824120 0.457202
vt 0.824120 0.461407
vt 0.828458 0.461407
vt 0.823803 0.457202
vt 0.819465 0.457202
vt 0.819465 0.461407
vt 0.823803 0.461407
vt 0.837767 0.461723
vt 0.833429 0.461723
vt 0.833429 0.465928
vt 0.837767 0.465928
vt 0.875005 0.466245
vt 0.866013 0.466245
vt 0.866013 0.474972
vt 0.875005 0.474972
vt 0.865696 0.466245
vt 0.856703 0.466245
vt 0.856703 0.474972
vt 0.865696 0.474972
vt 0.875005 0.457202
vt 0.866013 0.457202
vt 0.866013 0.465928
vt 0.875005 0.465928
vt 0.865696 0.457202
vt 0.856703 0.457202
vt 0.856703 0.465928
vt 0.865696 0.465928
vt 0.837767 0.484332
vt 0.828774 0.484332
vt 0.828774 0.493059
vt 0.837767 0.493059
vt 0.828458 0.484332
vt 0.819465 0.484332
vt 0.819465 0.493059
vt 0.828458 0.493059
vt 0.835440 0.520190
vt 0.835440 0.511463
vt 0.834593 0.511463
vt 0.834593 0.520190
vt 0.834276 0.520190
vt 0.834276 0.511463
vt 0.833429 0.511463
vt 0.833429 0.520190
vt 0.837767 0.520190
vt 0.837767 0.511463
vt 0.836920 0.511463
vt 0.836920 0.520190
vt 0.836603 0.520190
vt 0.836603 0.511463
vt 0.835757 0.511463
vt 0.835757 0.520190
vt 0.830785 0.520190
vt 0.830785 0.511463
vt 0.829938 0.511463
vt 0.829938 0.520190
vt 0.829621 0.520190
vt 0.829621 0.511463
vt 0.828774 0.511463
vt 0.828774 0.520190
vt 0.889718 0.297024
vt 0.889718 0.288298
vt 0.885380 0.288298
vt 0.885380 0.297024
vt 0.885063 0.297024
vt 0.885063 0.288298
vt 0.880725 0.288298
vt 0.880725 0.297024
vt 0.880409 0.306068
vt 0.880409 0.297341
vt 0.876071 0.297341
vt 0.876071 0.306068
vt 0.875754 0.306068
vt 0.875754 0.297341
vt 0.871416 0.297341
vt 0.871416 0.306068
vt 0.889718 0.306068
vt 0.889718 0.297341
vt 0.885380 0.297341
vt 0.885380 0.306068
vt 0.885063 0.306068
vt 0.885063 0.297341
vt 0.880725 0.297341
vt 0.880725 0.306068
vt 0.833861 0.270211
vt 0.824868 0.270211
vt 0.824868 0.278937
vt 0.833861 0.278937
vt 0.824551 0.270211
vt 0.815559 0.270211
vt 0.815559 0.278937
vt 0.824551 0.278937
vt 0.889718 0.224993
vt 0.880725 0.224993
vt 0.880725 0.233720
vt 0.889718 0.233720
vt 0.880409 0.224993
vt 0.871416 0.224993
vt 0.871416 0.233720
vt 0.880409 0.233720
vt 0.889718 0.215949
vt 0.880725 0.215949
vt 0.880725 0.224676
vt 0.889718 0.224676
vt 0.880409 0.215949
vt 0.871416 0.215949
vt 0.871416 0.224676
vt 0.880409 0.224676
vt 0.829206 0.256645
vt 0.824868 0.256645
vt 0.824868 0.260850
vt 0.829206 0.260850
vt 0.833861 0.252124
vt 0.829523 0.252124
vt 0.829523 0.256328
vt 0.833861 0.256328
vt 0.829206 0.252124
vt 0.824868 0.252124
vt 0.824868 0.256328
vt 0.829206 0.256328
vt 0.824551 0.265689
vt 0.820213 0.265689
vt 0.820213 0.269894
vt 0.824551 0.269894
vt 0.819897 0.265689
vt 0.815559 0.265689
vt 0.815559 0.269894
vt 0.819897 0.269894
vt 0.824551 0.261167
vt 0.820213 0.261167
vt 0.820213 0.265372
vt 0.824551 0.265372
vt 0.817569 0.245024
vt 0.815717 0.245024
vt 0.817569 0.243238
vt 0.818044 0.245024
vt 0.819897 0.245024
vt 0.819897 0.243238
vt 0.815717 0.247285
vt 0.817569 0.247285
vt 0.817569 0.245499
vt 0.818044 0.247285
vt 0.819897 0.247285
vt 0.819897 0.245499
vt 0.973504 0.369373
vt 0.971652 0.369373
vt 0.973504 0.367587
vt 0.969324 0.369373
vt 0.971176 0.369373
vt 0.971176 0.367587
vt 0.963446 0.565407
vt 0.963446 0.547637
vt 0.959108 0.547637
vt 0.959108 0.565407
vt 0.838084 0.569929
vt 0.856386 0.569929
vt 0.856386 0.565724
vt 0.838084 0.565724
vt 0.968100 0.565407
vt 0.968100 0.547637
vt 0.963763 0.547637
vt 0.963763 0.565407
vt 0.856703 0.569929
vt 0.875005 0.569929
vt 0.875005 0.565724
vt 0.856703 0.565724
vt 0.972755 0.438798
vt 0.972755 0.421027
vt 0.968417 0.421027
vt 0.968417 0.438798
vt 0.875322 0.569929
vt 0.893624 0.569929
vt 0.893624 0.565724
vt 0.875322 0.565724
vt 0.902934 0.484015
vt 0.902934 0.475289
vt 0.898596 0.475289
vt 0.898596 0.484015
vt 0.898279 0.484015
vt 0.898279 0.475289
vt 0.893941 0.475289
vt 0.893941 0.484015
vt 0.912243 0.484015
vt 0.912243 0.475289
vt 0.907905 0.475289
vt 0.907905 0.484015
vt 0.907589 0.484015
vt 0.907589 0.475289
vt 0.903251 0.475289
vt 0.903251 0.484015
vt 0.902934 0.493059
vt 0.902934 0.484332
vt 0.898596 0.484332
vt 0.898596 0.493059
vt 0.898279 0.493059
vt 0.898279 0.484332
vt 0.893941 0.484332
vt 0.893941 0.493059
vt 0.856386 0.490877
vt 0.851890 0.493059
vt 0.847394 0.490877
vt 0.847393 0.486514
vt 0.851890 0.484332
vt 0.856386 0.486514
vt 0.847077 0.486514
vt 0.847077 0.490877
vt 0.842580 0.493059
vt 0.838084 0.490877
vt 0.838084 0.486514
vt 0.842580 0.484332
vt 0.912243 0.493059
vt 0.912243 0.484332
vt 0.907905 0.484332
vt 0.907905 0.493059
vt 0.907589 0.493059
vt 0.907589 0.484332
vt 0.903251 0.484332
vt 0.903251 0.493059
vt 0.902934 0.465928
vt 0.902934 0.457202
vt 0.898596 0.457202
vt 0.898596 0.465928
vt 0.898279 0.465928
vt 0.898279 0.457202
vt 0.893941 0.457202
vt 0.893941 0.465928
vt 0.912243 0.465928
vt 0.912243 0.457202
vt 0.907905 0.457202
vt 0.907905 0.465928
vt 0.907589 0.465928
vt 0.907589 0.457202
vt 0.903251 0.457202
vt 0.903251 0.465928
vt 0.972755 0.456885
vt 0.972755 0.439115
vt 0.968417 0.439115
vt 0.968417 0.456885
vt 0.893941 0.569929
vt 0.912243 0.569929
vt 0.912243 0.565724
vt 0.893941 0.565724
vt 0.972755 0.474972
vt 0.972755 0.457202
vt 0.968417 0.457202
vt 0.968417 0.474972
vt 0.912560 0.569929
vt 0.930862 0.569929
vt 0.930862 0.565724
vt 0.912560 0.565724
vt 0.972755 0.493059
vt 0.972755 0.475289
vt 0.968417 0.475289
vt 0.968417 0.493059
vt 0.931179 0.569929
vt 0.949481 0.569929
vt 0.949481 0.565724
vt 0.931179 0.565724
vt 0.843646 0.220154
vt 0.845498 0.220154
vt 0.845498 0.218369
vt 0.847825 0.220154
vt 0.845973 0.220154
vt 0.847825 0.218369
vt 0.838991 0.233720
vt 0.840843 0.233720
vt 0.840843 0.231934
vt 0.834336 0.233720
vt 0.836188 0.233720
vt 0.836188 0.231934
vt 0.841318 0.233720
vt 0.843170 0.233720
vt 0.843170 0.231934
vt 0.843487 0.218210
vt 0.845339 0.218210
vt 0.843487 0.219996
vt 0.819897 0.261167
vt 0.815559 0.261167
vt 0.815559 0.265372
vt 0.819897 0.265372
vt 0.833861 0.265689
vt 0.829523 0.265689
vt 0.829523 0.269894
vt 0.833861 0.269894
vt 0.829206 0.265689
vt 0.824868 0.265689
vt 0.824868 0.269894
vt 0.829206 0.269894
vt 0.833861 0.261167
vt 0.829523 0.261167
vt 0.829523 0.265372
vt 0.833861 0.265372
vt 0.829206 0.261167
vt 0.824868 0.261167
vt 0.824868 0.265372
vt 0.829206 0.265372
vt 0.843170 0.238558
vt 0.838832 0.238558
vt 0.838832 0.242763
vt 0.843170 0.242763
vt 0.852480 0.270211
vt 0.843487 0.270211
vt 0.843487 0.278937
vt 0.852480 0.278937
vt 0.843170 0.270211
vt 0.834178 0.270211
vt 0.834178 0.278937
vt 0.843170 0.278937
vt 0.889718 0.243080
vt 0.880725 0.243080
vt 0.880725 0.251807
vt 0.889718 0.251807
vt 0.880409 0.243080
vt 0.871416 0.243080
vt 0.871416 0.251807
vt 0.880409 0.251807
vt 0.889718 0.234036
vt 0.880725 0.234036
vt 0.880725 0.242763
vt 0.889718 0.242763
vt 0.880409 0.234036
vt 0.871416 0.234036
vt 0.871416 0.242763
vt 0.880409 0.242763
vt 0.899028 0.269894
vt 0.899028 0.261167
vt 0.894690 0.261167
vt 0.894690 0.269894
vt 0.894373 0.269894
vt 0.894373 0.261167
vt 0.890035 0.261167
vt 0.890035 0.269894
vt 0.908337 0.269894
vt 0.908337 0.261167
vt 0.903999 0.261167
vt 0.903999 0.269894
vt 0.903682 0.269894
vt 0.903682 0.261167
vt 0.899344 0.261167
vt 0.899344 0.269894
vt 0.861789 0.297024
vt 0.861789 0.288298
vt 0.857452 0.288298
vt 0.857452 0.297024
vt 0.857135 0.297024
vt 0.857135 0.288298
vt 0.852797 0.288298
vt 0.852797 0.297024
vt 0.833112 0.520190
vt 0.833112 0.511463
vt 0.832266 0.511463
vt 0.832266 0.520190
vt 0.831949 0.520190
vt 0.831949 0.511463
vt 0.831102 0.511463
vt 0.831102 0.520190
vt 0.826130 0.529233
vt 0.826130 0.520506
vt 0.825283 0.520506
vt 0.825283 0.529233
vt 0.824967 0.529233
vt 0.824967 0.520506
vt 0.824120 0.520506
vt 0.824120 0.529233
vt 0.828458 0.529233
vt 0.828458 0.520506
vt 0.827611 0.520506
vt 0.827611 0.529233
vt 0.827294 0.529233
vt 0.827294 0.520506
vt 0.826447 0.520506
vt 0.826447 0.529233
vt 0.875005 0.484332
vt 0.866013 0.484332
vt 0.866013 0.493059
vt 0.875005 0.493059
vt 0.865696 0.484332
vt 0.856703 0.484332
vt 0.856703 0.493059
vt 0.865696 0.493059
vt 0.875005 0.475289
vt 0.866013 0.475289
vt 0.866013 0.484015
vt 0.875005 0.484015
vt 0.865696 0.475289
vt 0.856703 0.475289
vt 0.856703 0.484015
vt 0.865696 0.484015
vt 0.893624 0.466245
vt 0.884632 0.466245
vt 0.884632 0.474972
vt 0.893624 0.474972
vt 0.884315 0.466245
vt 0.875322 0.466245
vt 0.875322 0.474972
vt 0.884315 0.474972
vt 0.842422 0.443636
vt 0.838084 0.443636
vt 0.838084 0.447841
vt 0.842422 0.447841
vt 0.847077 0.439115
vt 0.842739 0.439115
vt 0.842739 0.443319
vt 0.847077 0.443319
vt 0.842422 0.439115
vt 0.838084 0.439115
vt 0.838084 0.443319
vt 0.842422 0.443319
vt 0.856386 0.443636
vt 0.852048 0.443636
vt 0.852048 0.447841
vt 0.856386 0.447841
vt 0.851731 0.443636
vt 0.847393 0.443636
vt 0.847393 0.447841
vt 0.851731 0.447841
vt 0.856386 0.439115
vt 0.852048 0.439115
vt 0.852048 0.443319
vt 0.856386 0.443319
vt 0.821476 0.516143
vt 0.819623 0.520190
vt 0.821476 0.520190
vt 0.819465 0.520031
vt 0.821317 0.515985
vt 0.819465 0.515985
vt 0.828458 0.516143
vt 0.824278 0.520190
vt 0.828458 0.520190
vt 0.824120 0.520031
vt 0.828299 0.515985
vt 0.824120 0.515985
vt 0.833112 0.448317
vt 0.828933 0.452363
vt 0.833112 0.452363
vt 0.828774 0.452205
vt 0.828774 0.448158
vt 0.832954 0.448158
vt 0.851731 0.432490
vt 0.849879 0.434276
vt 0.851731 0.434276
vt 0.849721 0.425074
vt 0.851573 0.423288
vt 0.849721 0.423288
vt 0.849404 0.432490
vt 0.847552 0.434276
vt 0.849404 0.434276
vt 0.844749 0.434751
vt 0.842897 0.436537
vt 0.844749 0.436537
vt 0.842739 0.436378
vt 0.844591 0.434593
vt 0.842739 0.434593
vt 0.847077 0.434751
vt 0.847077 0.436537
vt 0.845224 0.436537
vt 0.844749 0.430229
vt 0.842897 0.432015
vt 0.844749 0.432015
vt 0.856386 0.430229
vt 0.854534 0.432015
vt 0.856386 0.432015
vt 0.851731 0.434751
vt 0.849879 0.436537
vt 0.851731 0.436537
vt 0.842422 0.434751
vt 0.840570 0.436537
vt 0.842422 0.436537
vt 0.849404 0.437012
vt 0.847552 0.438798
vt 0.849404 0.438798
vt 0.847077 0.432490
vt 0.847077 0.434276
vt 0.845224 0.434276
vt 0.842422 0.437012
vt 0.840570 0.438798
vt 0.842422 0.438798
vt 0.845066 0.436378
vt 0.846918 0.434593
vt 0.845066 0.434593
vt 0.840095 0.434751
vt 0.838242 0.436537
vt 0.840095 0.436537
vt 0.842739 0.438639
vt 0.844591 0.436854
vt 0.842739 0.436854
vt 0.845066 0.438639
vt 0.846918 0.436854
vt 0.845066 0.436854
vt 0.851731 0.430229
vt 0.851731 0.432015
vt 0.849879 0.432015
vt 0.838084 0.436378
vt 0.839936 0.434593
vt 0.838084 0.434593
vt 0.847077 0.430229
vt 0.845224 0.432015
vt 0.847077 0.432015
vt 0.840095 0.430229
vt 0.838242 0.432015
vt 0.840095 0.432015
vt 0.840411 0.436378
vt 0.842263 0.434593
vt 0.840411 0.434593
vt 0.842422 0.430229
vt 0.840570 0.432015
vt 0.842422 0.432015
vt 0.838084 0.438639
vt 0.838084 0.436854
vt 0.839936 0.436854
vt 0.840411 0.438639
vt 0.842263 0.436854
vt 0.840411 0.436854
vt 0.849404 0.434751
vt 0.847552 0.436537
vt 0.849404 0.436537
vt 0.854059 0.432490
vt 0.852207 0.434276
vt 0.854059 0.434276
vt 0.844749 0.432490
vt 0.842897 0.434276
vt 0.844749 0.434276
vt 0.849404 0.430229
vt 0.847552 0.432015
vt 0.849404 0.432015
vt 0.851731 0.437012
vt 0.851731 0.438798
vt 0.849879 0.438798
vt 0.842739 0.431857
vt 0.844591 0.430071
vt 0.842739 0.430071
vt 0.845066 0.431857
vt 0.846918 0.430071
vt 0.845066 0.430071
vt 0.854059 0.434751
vt 0.852207 0.436537
vt 0.854059 0.436537
vt 0.842739 0.434118
vt 0.844591 0.432332
vt 0.842739 0.432332
vt 0.854059 0.437012
vt 0.852207 0.438798
vt 0.854059 0.438798
vt 0.845066 0.434118
vt 0.845066 0.432332
vt 0.846918 0.432332
vt 0.840095 0.432490
vt 0.838242 0.434276
vt 0.840095 0.434276
vt 0.842422 0.432490
vt 0.840570 0.434276
vt 0.842422 0.434276
vt 0.838084 0.431857
vt 0.839936 0.430071
vt 0.838084 0.430071
vt 0.856386 0.434751
vt 0.854534 0.436537
vt 0.856386 0.436537
vt 0.840411 0.431857
vt 0.842263 0.430071
vt 0.840411 0.430071
vt 0.856386 0.437012
vt 0.856386 0.438798
vt 0.854534 0.438798
vt 0.838084 0.434118
vt 0.839936 0.432332
vt 0.838084 0.432332
vt 0.840411 0.434118
vt 0.842263 0.432332
vt 0.840411 0.432332
vt 0.852048 0.436378
vt 0.853900 0.434593
vt 0.852048 0.434593
vt 0.854376 0.436378
vt 0.856228 0.434593
vt 0.854376 0.434593
vt 0.852048 0.438639
vt 0.853900 0.436854
vt 0.852048 0.436854
vt 0.854376 0.438639
vt 0.854376 0.436854
vt 0.856228 0.436854
vt 0.854059 0.430229
vt 0.852207 0.432015
vt 0.854059 0.432015
vt 0.847393 0.436378
vt 0.849246 0.434593
vt 0.847393 0.434593
vt 0.849721 0.436378
vt 0.851573 0.434593
vt 0.849721 0.434593
vt 0.856386 0.432490
vt 0.854534 0.434276
vt 0.856386 0.434276
vt 0.847393 0.438639
vt 0.849246 0.436854
vt 0.847393 0.436854
vt 0.849721 0.438639
vt 0.849721 0.436854
vt 0.851573 0.436854
vt 0.852048 0.431857
vt 0.853900 0.430071
vt 0.852048 0.430071
vt 0.854376 0.431857
vt 0.856228 0.430071
vt 0.854376 0.430071
vt 0.852048 0.434118
vt 0.853900 0.432332
vt 0.852048 0.432332
vt 0.854376 0.434118
vt 0.856228 0.432332
vt 0.854376 0.432332
vt 0.847393 0.431857
vt 0.849246 0.430071
vt 0.847393 0.430071
vt 0.849721 0.431857
vt 0.849721 0.430071
vt 0.851573 0.430071
vt 0.847393 0.434118
vt 0.849246 0.432332
vt 0.847393 0.432332
vt 0.826130 0.443795
vt 0.824278 0.445580
vt 0.826130 0.445580
vt 0.828458 0.443795
vt 0.826605 0.445580
vt 0.828458 0.445580
vt 0.826130 0.446056
vt 0.824278 0.447841
vt 0.826130 0.447841
vt 0.828458 0.446056
vt 0.826605 0.447841
vt 0.828458 0.447841
vt 0.821476 0.443795
vt 0.821476 0.445580
vt 0.819623 0.445580
vt 0.849721 0.434118
vt 0.851573 0.432332
vt 0.849721 0.432332
vt 0.824120 0.445422
vt 0.825972 0.443636
vt 0.824120 0.443636
vt 0.826447 0.445422
vt 0.828299 0.443636
vt 0.826447 0.443636
vt 0.824120 0.447683
vt 0.825972 0.445897
vt 0.824120 0.445897
vt 0.826447 0.447683
vt 0.828299 0.445897
vt 0.826447 0.445897
vt 0.819465 0.445422
vt 0.819465 0.443636
vt 0.821317 0.443636
vt 0.849404 0.421186
vt 0.848716 0.422972
vt 0.849404 0.422972
vt 0.852895 0.421186
vt 0.852207 0.421841
vt 0.852895 0.421841
vt 0.855222 0.423447
vt 0.854534 0.425232
vt 0.855222 0.425232
vt 0.850568 0.421186
vt 0.849879 0.422972
vt 0.850568 0.422972
vt 0.823803 0.443795
vt 0.821951 0.445580
vt 0.823803 0.445580
vt 0.826130 0.439273
vt 0.826130 0.441059
vt 0.824278 0.441059
vt 0.851731 0.421186
vt 0.851043 0.422972
vt 0.851731 0.422972
vt 0.852048 0.421683
vt 0.852737 0.421027
vt 0.852048 0.421027
vt 0.848240 0.421186
vt 0.847552 0.422972
vt 0.848240 0.422972
vt 0.849721 0.422813
vt 0.850409 0.421027
vt 0.849721 0.421027
vt 0.821792 0.445422
vt 0.823644 0.443636
vt 0.821792 0.443636
vt 0.821476 0.446056
vt 0.821476 0.447841
vt 0.819623 0.447841
vt 0.850885 0.422813
vt 0.851573 0.421027
vt 0.850885 0.421027
vt 0.854059 0.421186
vt 0.853370 0.421841
vt 0.854059 0.421841
vt 0.847393 0.422813
vt 0.848082 0.421027
vt 0.847393 0.421027
vt 0.856386 0.423447
vt 0.855698 0.425232
vt 0.856386 0.425232
vt 0.823803 0.446056
vt 0.821951 0.447841
vt 0.823803 0.447841
vt 0.819465 0.447683
vt 0.819465 0.445897
vt 0.821317 0.445897
vt 0.848557 0.422813
vt 0.849246 0.421027
vt 0.848557 0.421027
vt 0.853212 0.421683
vt 0.853900 0.421027
vt 0.853212 0.421027
vt 0.854376 0.425074
vt 0.855064 0.423288
vt 0.854376 0.423288
vt 0.855539 0.425074
vt 0.856228 0.423288
vt 0.855539 0.423288
vt 0.821792 0.447683
vt 0.823644 0.445897
vt 0.821792 0.445897
vt 0.824120 0.440900
vt 0.824120 0.439115
vt 0.825972 0.439115
vt 0.852048 0.422813
vt 0.852737 0.422158
vt 0.852048 0.422158
vt 0.851731 0.429099
vt 0.851043 0.429754
vt 0.851731 0.429754
vt 0.853212 0.422813
vt 0.853900 0.422158
vt 0.853212 0.422158
vt 0.855222 0.429099
vt 0.854534 0.429754
vt 0.855222 0.429754
vt 0.854059 0.429099
vt 0.853370 0.429754
vt 0.854059 0.429754
vt 0.972755 0.572665
vt 0.972755 0.573320
vt 0.972067 0.573320
vt 0.847077 0.426838
vt 0.846388 0.427493
vt 0.847077 0.427493
vt 0.849721 0.428465
vt 0.850409 0.427810
vt 0.849721 0.427810
vt 0.856386 0.427969
vt 0.855698 0.428624
vt 0.856386 0.428624
vt 0.844749 0.424577
vt 0.844061 0.425232
vt 0.844749 0.425232
vt 0.850885 0.428465
vt 0.851573 0.427810
vt 0.850885 0.427810
vt 0.838931 0.422316
vt 0.838931 0.422972
vt 0.838242 0.422972
vt 0.821476 0.441534
vt 0.819623 0.443319
vt 0.821476 0.443319
vt 0.977410 0.511621
vt 0.976722 0.513407
vt 0.977410 0.513407
vt 0.828458 0.439273
vt 0.826605 0.441059
vt 0.828458 0.441059
vt 0.826130 0.441534
vt 0.824278 0.443319
vt 0.826130 0.443319
vt 0.821476 0.439273
vt 0.819623 0.441059
vt 0.821476 0.441059
vt 0.823803 0.439273
vt 0.823803 0.441059
vt 0.821951 0.441059
vt 0.826447 0.440900
vt 0.828299 0.439115
vt 0.826447 0.439115
vt 0.976563 0.513248
vt 0.977252 0.511463
vt 0.976563 0.511463
vt 0.828458 0.441534
vt 0.826605 0.443319
vt 0.828458 0.443319
vt 0.824120 0.443161
vt 0.825972 0.441375
vt 0.824120 0.441375
vt 0.826447 0.443161
vt 0.828299 0.441375
vt 0.826447 0.441375
vt 0.819465 0.440900
vt 0.819465 0.439115
vt 0.821317 0.439115
vt 0.821792 0.440900
vt 0.823644 0.439115
vt 0.821792 0.439115
vt 0.819465 0.443161
vt 0.821317 0.441375
vt 0.819465 0.441375
vt 0.823803 0.441534
vt 0.821951 0.443319
vt 0.823803 0.443319
vt 0.821792 0.443161
vt 0.823644 0.441375
vt 0.821792 0.441375
vt 0.835440 0.443795
vt 0.833588 0.445580
vt 0.835440 0.445580
vt 0.833429 0.445422
vt 0.833429 0.443636
vt 0.835281 0.443636
vt 0.837767 0.443795
vt 0.835915 0.445580
vt 0.837767 0.445580
vt 0.835757 0.445422
vt 0.837609 0.443636
vt 0.835757 0.443636
vt 0.837767 0.446056
vt 0.835915 0.447841
vt 0.837767 0.447841
vt 0.828458 0.455099
vt 0.826605 0.456885
vt 0.828458 0.456885
vt 0.821476 0.452838
vt 0.819623 0.454624
vt 0.821476 0.454624
vt 0.835440 0.446056
vt 0.835440 0.447841
vt 0.833588 0.447841
vt 0.837767 0.441534
vt 0.835915 0.443319
vt 0.837767 0.443319
vt 0.830785 0.439273
vt 0.828933 0.441059
vt 0.830785 0.441059
vt 0.833112 0.439273
vt 0.831260 0.441059
vt 0.833112 0.441059
vt 0.830785 0.441534
vt 0.828933 0.443319
vt 0.830785 0.443319
vt 0.833429 0.447683
vt 0.835281 0.445897
vt 0.833429 0.445897
vt 0.826130 0.452838
vt 0.826130 0.454624
vt 0.824278 0.454624
vt 0.830785 0.443795
vt 0.828933 0.445580
vt 0.830785 0.445580
vt 0.833112 0.446056
vt 0.831260 0.447841
vt 0.833112 0.447841
vt 0.835440 0.439273
vt 0.833588 0.441059
vt 0.835440 0.441059
vt 0.835757 0.447683
vt 0.837609 0.445897
vt 0.835757 0.445897
vt 0.833112 0.441534
vt 0.831260 0.443319
vt 0.833112 0.443319
vt 0.835440 0.441534
vt 0.835440 0.443319
vt 0.833588 0.443319
vt 0.821476 0.455099
vt 0.819623 0.456885
vt 0.821476 0.456885
vt 0.826130 0.455099
vt 0.824278 0.456885
vt 0.826130 0.456885
vt 0.833112 0.443795
vt 0.831260 0.445580
vt 0.833112 0.445580
vt 0.830785 0.446056
vt 0.828933 0.447841
vt 0.830785 0.447841
vt 0.826130 0.450577
vt 0.824278 0.452363
vt 0.826130 0.452363
vt 0.823803 0.452838
vt 0.823803 0.454624
vt 0.821951 0.454624
vt 0.828774 0.445422
vt 0.830627 0.443636
vt 0.828774 0.443636
vt 0.823803 0.455099
vt 0.821951 0.456885
vt 0.823803 0.456885
vt 0.831102 0.445422
vt 0.832954 0.443636
vt 0.831102 0.443636
vt 0.828774 0.447683
vt 0.830627 0.445897
vt 0.828774 0.445897
vt 0.837767 0.439273
vt 0.835915 0.441059
vt 0.837767 0.441059
vt 0.828458 0.450577
vt 0.828458 0.452363
vt 0.826605 0.452363
vt 0.828458 0.452838
vt 0.826605 0.454624
vt 0.828458 0.454624
vt 0.831102 0.447683
vt 0.832954 0.445897
vt 0.831102 0.445897
vt 0.833429 0.440900
vt 0.835281 0.439115
vt 0.833429 0.439115
vt 0.828458 0.448317
vt 0.826605 0.450102
vt 0.828458 0.450102
vt 0.835757 0.440900
vt 0.837609 0.439115
vt 0.835757 0.439115
vt 0.833429 0.443161
vt 0.833429 0.441375
vt 0.835281 0.441375
vt 0.835757 0.443161
vt 0.837609 0.441375
vt 0.835757 0.441375
vt 0.828774 0.440900
vt 0.830627 0.439115
vt 0.828774 0.439115
vt 0.831102 0.440900
vt 0.832954 0.439115
vt 0.831102 0.439115
vt 0.828774 0.443161
vt 0.830627 0.441375
vt 0.828774 0.441375
vt 0.831102 0.443161
vt 0.832954 0.441375
vt 0.831102 0.441375
vt 0.824120 0.454465
vt 0.824120 0.452680
vt 0.825972 0.452680
vt 0.826447 0.454465
vt 0.828299 0.452680
vt 0.826447 0.452680
vt 0.824120 0.456726
vt 0.825972 0.454941
vt 0.824120 0.454941
vt 0.826130 0.448317
vt 0.824278 0.450102
vt 0.826130 0.450102
vt 0.826447 0.456726
vt 0.828299 0.454941
vt 0.826447 0.454941
vt 0.819465 0.454465
vt 0.821317 0.452680
vt 0.819465 0.452680
vt 0.821792 0.454465
vt 0.821792 0.452680
vt 0.823644 0.452680
vt 0.819465 0.456726
vt 0.821317 0.454941
vt 0.819465 0.454941
vt 0.821792 0.456726
vt 0.823644 0.454941
vt 0.821792 0.454941
vt 0.824120 0.449944
vt 0.825972 0.448158
vt 0.824120 0.448158
vt 0.826447 0.449944
vt 0.828299 0.448158
vt 0.826447 0.448158
vt 0.824120 0.452205
vt 0.825972 0.450419
vt 0.824120 0.450419
vt 0.826447 0.452205
vt 0.826447 0.450419
vt 0.828299 0.450419
vt 0.842422 0.424577
vt 0.841733 0.425232
vt 0.842422 0.425232
vt 0.849404 0.425708
vt 0.848716 0.426363
vt 0.849404 0.426363
vt 0.848240 0.429099
vt 0.847552 0.429754
vt 0.848240 0.429754
vt 0.855222 0.426838
vt 0.854534 0.427493
vt 0.855222 0.427493
vt 0.848240 0.427969
vt 0.847552 0.428624
vt 0.848240 0.428624
vt 0.841258 0.421186
vt 0.841258 0.421841
vt 0.840570 0.421841
vt 0.849721 0.429596
vt 0.850409 0.428941
vt 0.849721 0.428941
vt 0.850885 0.429596
vt 0.851573 0.428941
vt 0.850885 0.428941
vt 0.845913 0.421186
vt 0.845224 0.421841
vt 0.845913 0.421841
vt 0.845913 0.423447
vt 0.845224 0.424102
vt 0.845913 0.424102
vt 0.847393 0.428465
vt 0.848082 0.427810
vt 0.847393 0.427810
vt 0.843586 0.424577
vt 0.843586 0.425232
vt 0.842897 0.425232
vt 0.848557 0.428465
vt 0.849246 0.427810
vt 0.848557 0.427810
vt 0.840095 0.422316
vt 0.839406 0.422972
vt 0.840095 0.422972
vt 0.976246 0.565882
vt 0.975558 0.566538
vt 0.976246 0.566538
vt 0.848240 0.426838
vt 0.847552 0.427493
vt 0.848240 0.427493
vt 0.850568 0.426838
vt 0.849879 0.427493
vt 0.850568 0.427493
vt 0.977410 0.567013
vt 0.977410 0.567668
vt 0.976722 0.567668
vt 0.848240 0.425708
vt 0.847552 0.426363
vt 0.848240 0.426363
vt 0.971592 0.573796
vt 0.970903 0.574451
vt 0.971592 0.574451
vt 0.840095 0.423447
vt 0.839406 0.424102
vt 0.840095 0.424102
vt 0.969264 0.572665
vt 0.968576 0.573320
vt 0.969264 0.573320
vt 0.849404 0.429099
vt 0.848716 0.429754
vt 0.849404 0.429754
vt 0.852895 0.425708
vt 0.852895 0.426363
vt 0.852207 0.426363
vt 0.850568 0.425708
vt 0.849879 0.426363
vt 0.850568 0.426363
vt 0.851731 0.425708
vt 0.851043 0.426363
vt 0.851731 0.426363
vt 0.847393 0.429596
vt 0.848082 0.428941
vt 0.847393 0.428941
vt 0.841258 0.425708
vt 0.840570 0.426363
vt 0.841258 0.426363
vt 0.848557 0.429596
vt 0.849246 0.428941
vt 0.848557 0.428941
vt 0.851731 0.426838
vt 0.851731 0.427493
vt 0.851043 0.427493
vt 0.849721 0.426204
vt 0.850409 0.425549
vt 0.849721 0.425549
vt 0.850885 0.426204
vt 0.851573 0.425549
vt 0.850885 0.425549
vt 0.856386 0.426838
vt 0.855698 0.427493
vt 0.856386 0.427493
vt 0.842422 0.423447
vt 0.841733 0.424102
vt 0.842422 0.424102
vt 0.849721 0.427335
vt 0.850409 0.426680
vt 0.849721 0.426680
vt 0.850885 0.427335
vt 0.850885 0.426680
vt 0.851573 0.426680
vt 0.847393 0.426204
vt 0.848082 0.425549
vt 0.847393 0.425549
vt 0.838931 0.423447
vt 0.838242 0.424102
vt 0.838931 0.424102
vt 0.856386 0.425708
vt 0.855698 0.426363
vt 0.856386 0.426363
vt 0.838931 0.424577
vt 0.838242 0.425232
vt 0.838931 0.425232
vt 0.856386 0.429099
vt 0.855698 0.429754
vt 0.856386 0.429754
vt 0.838931 0.425708
vt 0.838931 0.426363
vt 0.838242 0.426363
vt 0.844749 0.423447
vt 0.844061 0.424102
vt 0.844749 0.424102
vt 0.848557 0.426204
vt 0.849246 0.425549
vt 0.848557 0.425549
vt 0.841258 0.423447
vt 0.840570 0.424102
vt 0.841258 0.424102
vt 0.847393 0.427335
vt 0.848082 0.426680
vt 0.847393 0.426680
vt 0.840095 0.424577
vt 0.839406 0.425232
vt 0.840095 0.425232
vt 0.848557 0.427335
vt 0.848557 0.426680
vt 0.849246 0.426680
vt 0.854376 0.428465
vt 0.855064 0.427810
vt 0.854376 0.427810
vt 0.852895 0.427969
vt 0.852207 0.428624
vt 0.852895 0.428624
vt 0.855539 0.428465
vt 0.856228 0.427810
vt 0.855539 0.427810
vt 0.854376 0.429596
vt 0.855064 0.428941
vt 0.854376 0.428941
vt 0.855539 0.429596
vt 0.856228 0.428941
vt 0.855539 0.428941
vt 0.841258 0.424577
vt 0.841258 0.425232
vt 0.840570 0.425232
vt 0.847077 0.427969
vt 0.846388 0.428624
vt 0.847077 0.428624
vt 0.852048 0.428465
vt 0.852737 0.427810
vt 0.852048 0.427810
vt 0.853212 0.428465
vt 0.853900 0.427810
vt 0.853212 0.427810
vt 0.852048 0.429596
vt 0.852737 0.428941
vt 0.852048 0.428941
vt 0.853212 0.429596
vt 0.853900 0.428941
vt 0.853212 0.428941
vt 0.854376 0.426204
vt 0.854376 0.425549
vt 0.855064 0.425549
vt 0.854059 0.425708
vt 0.853370 0.426363
vt 0.854059 0.426363
vt 0.842422 0.421186
vt 0.841733 0.421841
vt 0.842422 0.421841
vt 0.855539 0.426204
vt 0.856228 0.425549
vt 0.855539 0.425549
vt 0.854376 0.427335
vt 0.855064 0.426680
vt 0.854376 0.426680
vt 0.852895 0.426838
vt 0.852207 0.427493
vt 0.852895 0.427493
vt 0.845913 0.422316
vt 0.845913 0.422972
vt 0.845224 0.422972
vt 0.847077 0.421186
vt 0.846388 0.421841
vt 0.847077 0.421841
vt 0.838931 0.421186
vt 0.838242 0.421841
vt 0.838931 0.421841
vt 0.855539 0.427335
vt 0.856228 0.426680
vt 0.855539 0.426680
vt 0.840095 0.421186
vt 0.839406 0.421841
vt 0.840095 0.421841
vt 0.976246 0.567013
vt 0.975558 0.567668
vt 0.976246 0.567668
vt 0.852048 0.426204
vt 0.852048 0.425549
vt 0.852737 0.425549
vt 0.853212 0.426204
vt 0.853900 0.425549
vt 0.853212 0.425549
vt 0.854059 0.426838
vt 0.853370 0.427493
vt 0.854059 0.427493
vt 0.844749 0.426838
vt 0.844061 0.427493
vt 0.844749 0.427493
vt 0.843586 0.421186
vt 0.842897 0.421841
vt 0.843586 0.421841
vt 0.852048 0.427335
vt 0.852737 0.426680
vt 0.852048 0.426680
vt 0.847077 0.423447
vt 0.847077 0.424102
vt 0.846388 0.424102
vt 0.845913 0.424577
vt 0.845224 0.425232
vt 0.845913 0.425232
vt 0.853212 0.427335
vt 0.853900 0.426680
vt 0.853212 0.426680
vt 0.840411 0.423944
vt 0.841100 0.423288
vt 0.840411 0.423288
vt 0.841575 0.423944
vt 0.842263 0.423288
vt 0.841575 0.423288
vt 0.841258 0.422316
vt 0.840570 0.422972
vt 0.841258 0.422972
vt 0.840411 0.425074
vt 0.840411 0.424419
vt 0.841100 0.424419
vt 0.841575 0.425074
vt 0.842263 0.424419
vt 0.841575 0.424419
vt 0.838084 0.423944
vt 0.838772 0.423288
vt 0.838084 0.423288
vt 0.839248 0.423944
vt 0.839936 0.423288
vt 0.839248 0.423288
vt 0.838084 0.425074
vt 0.838772 0.424419
vt 0.838084 0.424419
vt 0.839248 0.425074
vt 0.839936 0.424419
vt 0.839248 0.424419
vt 0.840411 0.421683
vt 0.840411 0.421027
vt 0.841100 0.421027
vt 0.971592 0.570404
vt 0.970903 0.571059
vt 0.971592 0.571059
vt 0.976246 0.569274
vt 0.975558 0.569929
vt 0.976246 0.569929
vt 0.977410 0.569274
vt 0.976722 0.569929
vt 0.977410 0.569929
vt 0.843586 0.423447
vt 0.842897 0.424102
vt 0.843586 0.424102
vt 0.975083 0.568143
vt 0.975083 0.568799
vt 0.974394 0.568799
vt 0.973919 0.569274
vt 0.973230 0.569929
vt 0.973919 0.569929
vt 0.841575 0.421683
vt 0.842263 0.421027
vt 0.841575 0.421027
vt 0.844749 0.421186
vt 0.844061 0.421841
vt 0.844749 0.421841
vt 0.843586 0.426838
vt 0.842897 0.427493
vt 0.843586 0.427493
vt 0.840411 0.422813
vt 0.841100 0.422158
vt 0.840411 0.422158
vt 0.969264 0.570404
vt 0.969264 0.571059
vt 0.968576 0.571059
vt 0.841575 0.422813
vt 0.842263 0.422158
vt 0.841575 0.422158
vt 0.838084 0.421683
vt 0.838772 0.421027
vt 0.838084 0.421027
vt 0.973919 0.567013
vt 0.973230 0.567668
vt 0.973919 0.567668
vt 0.839248 0.421683
vt 0.839936 0.421027
vt 0.839248 0.421027
vt 0.971592 0.572665
vt 0.970903 0.573320
vt 0.971592 0.573320
vt 0.838084 0.422813
vt 0.838084 0.422158
vt 0.838772 0.422158
vt 0.843586 0.422316
vt 0.842897 0.422972
vt 0.843586 0.422972
vt 0.839248 0.422813
vt 0.839936 0.422158
vt 0.839248 0.422158
vt 0.972755 0.573796
vt 0.972067 0.574451
vt 0.972755 0.574451
vt 0.845066 0.423944
vt 0.845755 0.423288
vt 0.845066 0.423288
vt 0.840095 0.425708
vt 0.839406 0.426363
vt 0.840095 0.426363
vt 0.846230 0.423944
vt 0.846230 0.423288
vt 0.846918 0.423288
vt 0.845066 0.425074
vt 0.845755 0.424419
vt 0.845066 0.424419
vt 0.846230 0.425074
vt 0.846918 0.424419
vt 0.846230 0.424419
vt 0.972755 0.570404
vt 0.972067 0.571059
vt 0.972755 0.571059
vt 0.841258 0.427969
vt 0.840570 0.428624
vt 0.841258 0.428624
vt 0.842739 0.423944
vt 0.843427 0.423288
vt 0.842739 0.423288
vt 0.845913 0.429099
vt 0.845913 0.429754
vt 0.845224 0.429754
vt 0.970428 0.570404
vt 0.969739 0.571059
vt 0.970428 0.571059
vt 0.969264 0.571535
vt 0.968576 0.572190
vt 0.969264 0.572190
vt 0.970428 0.571535
vt 0.969739 0.572190
vt 0.970428 0.572190
vt 0.977410 0.515013
vt 0.976722 0.515668
vt 0.977410 0.515668
vt 0.847077 0.422316
vt 0.846388 0.422972
vt 0.847077 0.422972
vt 0.977410 0.516143
vt 0.977410 0.516798
vt 0.976722 0.516798
vt 0.843902 0.423944
vt 0.844591 0.423288
vt 0.843902 0.423288
vt 0.842739 0.425074
vt 0.842739 0.424419
vt 0.843427 0.424419
vt 0.847077 0.429099
vt 0.846388 0.429754
vt 0.847077 0.429754
vt 0.843902 0.425074
vt 0.844591 0.424419
vt 0.843902 0.424419
vt 0.845066 0.421683
vt 0.845755 0.421027
vt 0.845066 0.421027
vt 0.845913 0.426838
vt 0.845224 0.427493
vt 0.845913 0.427493
vt 0.846230 0.421683
vt 0.846918 0.421027
vt 0.846230 0.421027
vt 0.845066 0.422813
vt 0.845066 0.422158
vt 0.845755 0.422158
vt 0.846230 0.422813
vt 0.846918 0.422158
vt 0.846230 0.422158
vt 0.842739 0.421683
vt 0.843427 0.421027
vt 0.842739 0.421027
vt 0.843902 0.421683
vt 0.844591 0.421027
vt 0.843902 0.421027
vt 0.975083 0.565882
vt 0.974394 0.566538
vt 0.975083 0.566538
vt 0.842739 0.422813
vt 0.843427 0.422158
vt 0.842739 0.422158
vt 0.843902 0.422813
vt 0.843902 0.422158
vt 0.844591 0.422158
vt 0.972755 0.571535
vt 0.972067 0.572190
vt 0.972755 0.572190
vt 0.840411 0.428465
vt 0.841100 0.427810
vt 0.840411 0.427810
vt 0.841575 0.428465
vt 0.842263 0.427810
vt 0.841575 0.427810
vt 0.840095 0.427969
vt 0.839406 0.428624
vt 0.840095 0.428624
vt 0.840411 0.429596
vt 0.841100 0.428941
vt 0.840411 0.428941
vt 0.841575 0.429596
vt 0.841575 0.428941
vt 0.842263 0.428941
vt 0.973919 0.568143
vt 0.973230 0.568799
vt 0.973919 0.568799
vt 0.971592 0.571535
vt 0.970903 0.572190
vt 0.971592 0.572190
vt 0.838084 0.428465
vt 0.838772 0.427810
vt 0.838084 0.427810
vt 0.839248 0.428465
vt 0.839936 0.427810
vt 0.839248 0.427810
vt 0.838084 0.429596
vt 0.838772 0.428941
vt 0.838084 0.428941
vt 0.969264 0.573796
vt 0.969264 0.574451
vt 0.968576 0.574451
vt 0.839248 0.429596
vt 0.839936 0.428941
vt 0.839248 0.428941
vt 0.840411 0.426204
vt 0.841100 0.425549
vt 0.840411 0.425549
vt 0.841575 0.426204
vt 0.842263 0.425549
vt 0.841575 0.425549
vt 0.840411 0.427335
vt 0.841100 0.426680
vt 0.840411 0.426680
vt 0.841575 0.427335
vt 0.842263 0.426680
vt 0.841575 0.426680
vt 0.838084 0.426204
vt 0.838084 0.425549
vt 0.838772 0.425549
vt 0.839248 0.426204
vt 0.839936 0.425549
vt 0.839248 0.425549
vt 0.838084 0.427335
vt 0.838772 0.426680
vt 0.838084 0.426680
vt 0.839248 0.427335
vt 0.839936 0.426680
vt 0.839248 0.426680
vt 0.845066 0.428465
vt 0.845755 0.427810
vt 0.845066 0.427810
vt 0.846230 0.428465
vt 0.846918 0.427810
vt 0.846230 0.427810
vt 0.845066 0.429596
vt 0.845066 0.428941
vt 0.845755 0.428941
vt 0.846230 0.429596
vt 0.846918 0.428941
vt 0.846230 0.428941
vt 0.975083 0.567013
vt 0.974394 0.567668
vt 0.975083 0.567668
vt 0.842739 0.428465
vt 0.843427 0.427810
vt 0.842739 0.427810
vt 0.977410 0.568143
vt 0.976722 0.568799
vt 0.977410 0.568799
vt 0.843902 0.428465
vt 0.844591 0.427810
vt 0.843902 0.427810
vt 0.842739 0.429596
vt 0.842739 0.428941
vt 0.843427 0.428941
vt 0.843902 0.429596
vt 0.844591 0.428941
vt 0.843902 0.428941
vt 0.845066 0.426204
vt 0.845755 0.425549
vt 0.845066 0.425549
vt 0.846230 0.426204
vt 0.846918 0.425549
vt 0.846230 0.425549
vt 0.845066 0.427335
vt 0.845755 0.426680
vt 0.845066 0.426680
vt 0.846230 0.427335
vt 0.846918 0.426680
vt 0.846230 0.426680
vt 0.842739 0.426204
vt 0.842739 0.425549
vt 0.843427 0.425549
vt 0.843902 0.426204
vt 0.844591 0.425549
vt 0.843902 0.425549
vt 0.842739 0.427335
vt 0.843427 0.426680
vt 0.842739 0.426680
vt 0.843902 0.427335
vt 0.844591 0.426680
vt 0.843902 0.426680
vt 0.975083 0.569274
vt 0.974394 0.569929
vt 0.975083 0.569929
vt 0.975399 0.568640
vt 0.976088 0.567985
vt 0.975399 0.567985
vt 0.851731 0.439115
vt 0.847393 0.439115
vt 0.847393 0.443319
vt 0.851731 0.443319
vt 0.847077 0.452680
vt 0.842739 0.452680
vt 0.842739 0.456885
vt 0.847077 0.456885
vt 0.842422 0.452680
vt 0.838084 0.452680
vt 0.838084 0.456885
vt 0.842422 0.456885
vt 0.847077 0.448158
vt 0.842739 0.448158
vt 0.842739 0.452363
vt 0.847077 0.452363
vt 0.842422 0.448158
vt 0.838084 0.448158
vt 0.838084 0.452363
vt 0.842422 0.452363
vt 0.856386 0.452680
vt 0.852048 0.452680
vt 0.852048 0.456885
vt 0.856386 0.456885
vt 0.893624 0.457202
vt 0.884632 0.457202
vt 0.884632 0.465928
vt 0.893624 0.465928
vt 0.884315 0.457202
vt 0.875322 0.457202
vt 0.875322 0.465928
vt 0.884315 0.465928
vt 0.893624 0.484332
vt 0.884632 0.484332
vt 0.884632 0.493059
vt 0.893624 0.493059
vt 0.884315 0.484332
vt 0.875322 0.484332
vt 0.875322 0.493059
vt 0.884315 0.493059
vt 0.893624 0.475289
vt 0.884632 0.475289
vt 0.884632 0.484015
vt 0.893624 0.484015
vt 0.884315 0.475289
vt 0.875322 0.475289
vt 0.875322 0.484015
vt 0.884315 0.484015
vt 0.821476 0.529233
vt 0.821476 0.520506
vt 0.820629 0.520506
vt 0.820629 0.529233
vt 0.820312 0.529233
vt 0.820312 0.520506
vt 0.819465 0.520506
vt 0.819465 0.529233
vt 0.823803 0.529233
vt 0.823803 0.520506
vt 0.822956 0.520506
vt 0.822956 0.529233
vt 0.822639 0.529233
vt 0.822639 0.520506
vt 0.821792 0.520506
vt 0.821792 0.529233
vt 0.931179 0.576712
vt 0.940172 0.576712
vt 0.940172 0.575898
vt 0.931179 0.575898
vt 0.931179 0.575581
vt 0.940172 0.575581
vt 0.940172 0.574768
vt 0.931179 0.574768
vt 0.871099 0.297024
vt 0.871099 0.288298
vt 0.866761 0.288298
vt 0.866761 0.297024
vt 0.866444 0.297024
vt 0.866444 0.288298
vt 0.862106 0.288298
vt 0.862106 0.297024
vt 0.861789 0.306068
vt 0.861789 0.297341
vt 0.857452 0.297341
vt 0.857452 0.306068
vt 0.857135 0.306068
vt 0.857135 0.297341
vt 0.852797 0.297341
vt 0.852797 0.306068
vt 0.871099 0.306068
vt 0.871099 0.297341
vt 0.866761 0.297341
vt 0.866761 0.306068
vt 0.866444 0.306068
vt 0.866444 0.297341
vt 0.862106 0.297341
vt 0.862106 0.306068
vt 0.833861 0.297341
vt 0.824868 0.297341
vt 0.824868 0.306068
vt 0.833861 0.306068
vt 0.824551 0.297341
vt 0.815559 0.297341
vt 0.815559 0.306068
vt 0.824551 0.306068
vt 0.833861 0.288298
vt 0.824868 0.288298
vt 0.824868 0.297024
vt 0.833861 0.297024
vt 0.824551 0.288298
vt 0.815559 0.288298
vt 0.815559 0.297024
vt 0.824551 0.297024
vt 0.908337 0.224993
vt 0.899344 0.224993
vt 0.899344 0.233720
vt 0.908337 0.233720
vt 0.899028 0.224993
vt 0.890035 0.224993
vt 0.890035 0.233720
vt 0.899028 0.233720
vt 0.847825 0.247602
vt 0.843487 0.247602
vt 0.843487 0.251807
vt 0.847825 0.251807
vt 0.852480 0.243080
vt 0.848142 0.243080
vt 0.848142 0.247285
vt 0.852480 0.247285
vt 0.847825 0.243080
vt 0.843487 0.243080
vt 0.843487 0.247285
vt 0.847825 0.247285
vt 0.833861 0.247602
vt 0.829523 0.247602
vt 0.829523 0.251807
vt 0.833861 0.251807
vt 0.829206 0.247602
vt 0.824868 0.247602
vt 0.824868 0.251807
vt 0.829206 0.251807
vt 0.833861 0.243080
vt 0.829523 0.243080
vt 0.829523 0.247285
vt 0.833861 0.247285
vt 0.815559 0.243080
vt 0.817411 0.243080
vt 0.815559 0.244866
vt 0.819738 0.243080
vt 0.817886 0.243080
vt 0.817886 0.244866
vt 0.817411 0.245341
vt 0.815559 0.245341
vt 0.815559 0.247126
vt 0.819738 0.245341
vt 0.817886 0.245341
vt 0.817886 0.247126
vt 0.971493 0.367429
vt 0.973345 0.367429
vt 0.971493 0.369214
vt 0.971018 0.367429
vt 0.969166 0.367429
vt 0.969166 0.369214
vt 0.972755 0.511146
vt 0.972755 0.493376
vt 0.968417 0.493376
vt 0.968417 0.511146
vt 0.949798 0.569929
vt 0.968100 0.569929
vt 0.968100 0.565724
vt 0.949798 0.565724
vt 0.972755 0.529233
vt 0.972755 0.511463
vt 0.968417 0.511463
vt 0.968417 0.529233
vt 0.838084 0.574451
vt 0.856386 0.574451
vt 0.856386 0.570246
vt 0.838084 0.570246
vt 0.972755 0.547320
vt 0.972755 0.529550
vt 0.968417 0.529550
vt 0.968417 0.547320
vt 0.856703 0.574451
vt 0.875005 0.574451
vt 0.875005 0.570246
vt 0.856703 0.570246
vt 0.847077 0.502102
vt 0.847077 0.493376
vt 0.842739 0.493376
vt 0.842739 0.502102
vt 0.842422 0.502102
vt 0.842422 0.493376
vt 0.838084 0.493376
vt 0.838084 0.502102
vt 0.856386 0.502102
vt 0.856386 0.493376
vt 0.852048 0.493376
vt 0.852048 0.502102
vt 0.851731 0.502102
vt 0.851731 0.493376
vt 0.847393 0.493376
vt 0.847393 0.502102
vt 0.847077 0.511146
vt 0.847077 0.502419
vt 0.842739 0.502419
vt 0.842739 0.511146
vt 0.842422 0.511146
vt 0.842422 0.502419
vt 0.838084 0.502419
vt 0.838084 0.511146
vt 0.903251 0.423209
vt 0.907747 0.421027
vt 0.912243 0.423209
vt 0.912243 0.427572
vt 0.907747 0.429754
vt 0.903251 0.427573
vt 0.976563 0.568640
vt 0.977252 0.567985
vt 0.976563 0.567985
vt 0.975399 0.569771
vt 0.976088 0.569115
vt 0.975399 0.569115
vt 0.976563 0.569771
vt 0.977252 0.569115
vt 0.976563 0.569115
vt 0.973072 0.568640
vt 0.973760 0.567985
vt 0.973072 0.567985
vt 0.974236 0.568640
vt 0.974236 0.567985
vt 0.974924 0.567985
vt 0.973072 0.569771
vt 0.973760 0.569115
vt 0.973072 0.569115
vt 0.974236 0.569771
vt 0.974924 0.569115
vt 0.974236 0.569115
vt 0.975399 0.566379
vt 0.976088 0.565724
vt 0.975399 0.565724
vt 0.976563 0.566379
vt 0.977252 0.565724
vt 0.976563 0.565724
vt 0.975399 0.567510
vt 0.976088 0.566854
vt 0.975399 0.566854
vt 0.976563 0.567510
vt 0.976563 0.566854
vt 0.977252 0.566854
vt 0.973072 0.566379
vt 0.973760 0.565724
vt 0.973072 0.565724
vt 0.974236 0.566379
vt 0.974924 0.565724
vt 0.974236 0.565724
vt 0.973072 0.567510
vt 0.973760 0.566854
vt 0.973072 0.566854
vt 0.974236 0.567510
vt 0.974924 0.566854
vt 0.974236 0.566854
vt 0.970745 0.573162
vt 0.971433 0.572507
vt 0.970745 0.572507
vt 0.971908 0.573162
vt 0.971908 0.572507
vt 0.972597 0.572507
vt 0.970428 0.573796
vt 0.969739 0.574451
vt 0.970428 0.574451
vt 0.970745 0.574292
vt 0.971433 0.573637
vt 0.970745 0.573637
vt 0.971908 0.574292
vt 0.972597 0.573637
vt 0.971908 0.573637
vt 0.968417 0.573162
vt 0.969106 0.572507
vt 0.968417 0.572507
vt 0.969581 0.573162
vt 0.970269 0.572507
vt 0.969581 0.572507
vt 0.968417 0.574292
vt 0.968417 0.573637
vt 0.969106 0.573637
vt 0.969581 0.574292
vt 0.970269 0.573637
vt 0.969581 0.573637
vt 0.970745 0.570901
vt 0.971433 0.570246
vt 0.970745 0.570246
vt 0.971908 0.570901
vt 0.972597 0.570246
vt 0.971908 0.570246
vt 0.970745 0.572031
vt 0.971433 0.571376
vt 0.970745 0.571376
vt 0.971908 0.572031
vt 0.972597 0.571376
vt 0.971908 0.571376
vt 0.968417 0.570901
vt 0.968417 0.570246
vt 0.969106 0.570246
vt 0.969581 0.570901
vt 0.970269 0.570246
vt 0.969581 0.570246
vt 0.968417 0.572031
vt 0.969106 0.571376
vt 0.968417 0.571376
vt 0.969581 0.572031
vt 0.970269 0.571376
vt 0.969581 0.571376
vt 0.976563 0.515509
vt 0.977252 0.514854
vt 0.976563 0.514854
vt 0.976563 0.514379
vt 0.977252 0.513724
vt 0.976563 0.513724
vt 0.976563 0.516640
vt 0.976563 0.515985
vt 0.977252 0.515985
vn 0.0000 -1.0000 0.0000
vn 0.5052 0.0343 -0.8623
vn -0.4941 0.0605 -0.8673
vn -0.9979 0.0642 -0.0043
vn -0.5041 0.0398 0.8627
vn 0.4959 0.0113 0.8683
vn 0.9999 0.0095 0.0043
vn 0.5060 -0.0267 -0.8621
vn -0.4922 0.0654 -0.8680
vn -0.9899 0.1416 -0.0027
vn -0.4965 0.1256 0.8589
vn 0.4988 0.0337 0.8661
vn 0.9991 -0.0422 0.0027
vn 0.5180 0.1589 -0.8405
vn -0.4577 0.2590 -0.8506
vn -0.9589 0.2837 -0.0012
vn -0.4802 0.2095 0.8518
vn 0.5053 0.1103 0.8559
vn 0.9964 0.0852 0.0011
vn -0.0007 -0.9801 -0.1987
vn -0.2288 -0.9532 -0.1976
vn -0.3410 -0.9401 -0.0004
vn -0.2299 -0.9538 0.1934
vn -0.0063 -0.9807 0.1952
vn 0.1106 -0.9939 0.0004
vn 0.0467 -0.9581 0.2826
vn -0.2736 -0.9194 -0.2826
vn 0.2124 -0.9772 -0.0001
vn -0.2791 -0.9178 0.2824
vn -0.4391 -0.8985 0.0001
vn 0.0524 -0.9578 -0.2824
vn -0.6343 -0.7731 0.0001
vn 0.1701 -0.8703 -0.4623
vn 0.1611 -0.8714 0.4633
vn -0.3640 -0.8080 -0.4633
vn 0.4319 -0.9019 -0.0002
vn -0.3725 -0.8047 0.4623
vn -0.4394 -0.6407 -0.6297
vn 0.6407 -0.7678 -0.0002
vn -0.4501 -0.6360 0.6268
vn -0.8051 -0.5931 0.0002
vn 0.2856 -0.7249 -0.6268
vn 0.2742 -0.7269 0.6296
vn -0.4253 -0.7014 0.5720
vn -0.4153 -0.7056 -0.5741
vn 0.2353 -0.7843 0.5741
vn -0.7493 -0.6622 0.0002
vn 0.2460 -0.7825 -0.5720
vn 0.5700 -0.8217 -0.0002
vn -0.8756 0.4830 0.0003
vn 0.5133 0.3152 -0.7982
vn 0.9655 0.2605 -0.0003
vn -0.4235 0.4284 0.7982
vn -0.4105 0.4298 -0.8043
vn 0.5010 0.3196 0.8043
vn -0.2773 0.7219 -0.6340
vn 0.4412 0.6351 0.6340
vn -0.6462 0.7631 0.0002
vn 0.4519 0.6305 -0.6311
vn 0.8094 0.5873 -0.0002
vn -0.2888 0.7200 0.6311
vn 0.3129 0.8845 -0.3460
vn 0.5089 0.8608 -0.0001
vn -0.0932 0.9336 0.3460
vn -0.0863 0.9341 -0.3464
vn 0.3063 0.8867 0.3464
vn -0.2892 0.9573 0.0001
vn 0.2220 0.9573 0.1849
vn -0.0961 0.9954 0.0001
vn 0.2257 0.9565 -0.1849
vn 0.3304 0.9438 -0.0001
vn 0.0086 0.9827 0.1849
vn 0.0124 0.9827 -0.1849
vn -0.0555 0.0061 -0.9984
vn -0.8927 0.0087 -0.4506
vn -0.8369 0.0405 0.5458
vn 0.0525 0.0669 0.9964
vn 0.8905 0.0635 0.4505
vn 0.8360 0.0344 -0.5477
vn -0.0602 0.0150 -0.9981
vn -0.8868 -0.1222 -0.4456
vn -0.8298 -0.0814 0.5521
vn 0.0443 0.0892 0.9950
vn 0.8686 0.2194 0.4442
vn 0.8137 0.1843 -0.5513
vn -0.1285 0.2940 -0.9471
vn -0.9048 0.0841 -0.4174
vn -0.8366 0.0291 0.5471
vn 0.0127 0.1872 0.9822
vn 0.8012 0.4034 0.4420
vn 0.7177 0.4533 -0.5286
vn 0.2033 -0.9450 -0.2561
vn 0.0189 -0.9917 -0.1273
vn 0.0360 -0.9944 0.0993
vn 0.2324 -0.9523 0.1978
vn 0.4149 -0.9068 0.0739
vn 0.4028 -0.9023 -0.1533
vn 0.5388 -0.8377 0.0890
vn -0.0262 -0.9791 -0.2015
vn 0.5157 -0.8230 -0.2381
vn 0.2786 -0.9214 0.2708
vn -0.0036 -0.9921 0.1257
vn 0.2334 -0.8937 -0.3832
vn -0.1963 -0.9488 0.2476
vn 0.1917 -0.7878 -0.5854
vn 0.6924 -0.6967 0.1877
vn -0.2339 -0.9285 -0.2884
vn 0.6536 -0.6721 -0.3480
vn 0.2656 -0.8332 0.4850
vn -0.4427 -0.8192 -0.3645
vn 0.7620 -0.4709 -0.4446
vn 0.2359 -0.6893 0.6850
vn -0.3904 -0.8461 0.3630
vn 0.1356 -0.6277 -0.7665
vn 0.8161 -0.5042 0.2825
vn 0.2483 -0.7461 0.6178
vn -0.3705 -0.8645 -0.3396
vn 0.7772 -0.5773 0.2504
vn -0.3232 -0.8891 0.3240
vn 0.1568 -0.6899 -0.7067
vn 0.7283 -0.5469 -0.4129
vn -0.8352 0.1209 0.5365
vn -0.1654 0.3990 -0.9019
vn 0.6322 0.5986 -0.4919
vn -0.0376 0.3205 0.9465
vn -0.9062 0.1614 -0.3908
vn 0.7016 0.5638 0.4357
vn -0.8190 0.4980 -0.2851
vn 0.4485 0.8152 0.3664
vn -0.7644 0.4646 0.4470
vn -0.2348 0.6844 -0.6902
vn 0.3958 0.8422 -0.3661
vn -0.1338 0.6224 0.7712
vn -0.2759 0.8967 -0.3462
vn 0.0699 0.9832 -0.1684
vn -0.2205 0.8627 0.4551
vn -0.5948 0.7943 -0.1234
vn 0.0977 0.9677 0.2326
vn -0.5662 0.7762 0.2774
vn -0.0799 0.9850 0.1532
vn -0.4347 0.8830 0.1772
vn -0.2795 0.9474 -0.1560
vn -0.0947 0.9936 -0.0610
vn -0.2499 0.9292 0.2722
vn -0.4497 0.8924 -0.0369
vn -0.6805 0.1238 0.7223
vn -0.6979 0.6904 -0.1905
vn -0.4540 0.5633 -0.6904
vn -0.8427 0.1990 -0.5002
vn -0.4748 0.7470 -0.4653
vn -0.6750 0.2664 -0.6881
vn -0.8660 0.4496 -0.2189
vn -0.8553 0.4549 -0.2479
vn -0.6507 0.2212 -0.7264
vn -0.9198 -0.1273 -0.3712
vn -0.6859 0.4603 -0.5637
vn -0.7958 -0.0942 -0.5982
vn -0.9659 0.1915 -0.1744
vn 0.6986 0.0689 -0.7122
vn 0.9596 -0.1342 -0.2473
vn 0.6623 -0.5067 -0.5519
vn 0.9031 0.0944 -0.4188
vn 0.8169 -0.4607 -0.3470
vn 0.6041 -0.2044 -0.7703
vn 0.8443 0.5208 0.1266
vn 0.7131 0.2973 0.6349
vn 0.9631 -0.0495 0.2645
vn 0.7124 0.5301 0.4598
vn 0.8642 -0.0138 0.5030
vn 0.9638 0.2618 0.0511
vn -0.6219 0.7751 0.1118
vn -0.8058 0.3666 0.4650
vn -0.3651 0.6734 0.6429
vn -0.8366 0.5057 0.2109
vn -0.5372 0.4835 0.6911
vn -0.4213 0.8507 0.3144
vn 0.9117 -0.1217 -0.3924
vn 0.6002 0.1499 -0.7856
vn 0.8058 0.4668 -0.3645
vn 0.7153 -0.1006 -0.6915
vn 0.6703 0.4542 -0.5869
vn 0.9562 0.1373 -0.2584
vn 0.8744 0.2201 -0.4325
vn 0.4778 0.5314 -0.6995
vn 0.6569 0.7270 -0.1998
vn 0.6491 0.2958 -0.7008
vn 0.5053 0.7596 -0.4094
vn 0.8796 0.4228 -0.2182
vn 0.5132 0.6377 0.5744
vn 0.1123 0.9446 0.3085
vn -0.0560 0.6478 0.7597
vn 0.3913 0.8619 0.3226
vn -0.1166 0.8144 0.5685
vn 0.3098 0.5554 0.7717
vn -0.1556 0.9253 -0.3460
vn -0.4590 0.5742 -0.6780
vn -0.6862 0.7056 -0.1769
vn -0.2181 0.7343 -0.6428
vn -0.7078 0.5795 -0.4040
vn -0.3739 0.9156 -0.1478
vn -0.2155 -0.7962 -0.5654
vn 0.4351 -0.7958 0.4211
vn -0.1097 -0.6156 0.7804
vn -0.7603 -0.6160 -0.2061
vn 0.3833 -0.8885 -0.2524
vn -0.7093 -0.5270 0.4681
vn 0.7140 -0.5091 0.4806
vn -0.1605 -0.5096 -0.8453
vn -0.8257 -0.1466 0.5447
vn 0.6460 -0.6335 -0.4258
vn -0.8929 -0.2673 -0.3624
vn -0.0183 -0.2668 0.9636
vn 0.5348 -0.7680 -0.3524
vn -0.0621 -0.4379 0.8969
vn -0.8487 -0.4384 -0.2958
vn -0.1900 -0.6563 -0.7302
vn 0.5967 -0.6558 0.4625
vn -0.7878 -0.3305 0.5197
vn -0.0604 -0.0584 -0.9965
vn -0.8582 0.2055 -0.4704
vn 0.0944 0.2061 0.9740
vn 0.8194 -0.1911 -0.5404
vn -0.7852 0.3397 0.5177
vn 0.8922 -0.0578 0.4479
vn -0.6371 0.6464 0.4199
vn 0.8236 0.1632 -0.5432
vn 0.1633 0.5234 0.8363
vn -0.7046 0.5229 -0.4797
vn 0.0223 0.2824 -0.9590
vn 0.8902 0.2829 0.3570
vn 0.7688 0.6027 0.2137
vn 0.1061 0.6023 -0.7912
vn -0.4489 0.7859 -0.4252
vn 0.2138 0.7863 0.5796
vn 0.7169 0.5121 -0.4730
vn -0.3961 0.8803 0.2609
vn 0.4154 0.9088 -0.0385
vn 0.0347 0.9991 -0.0233
vn 0.3979 0.8790 -0.2628
vn 0.2339 0.9689 0.0812
vn 0.0171 0.9687 -0.2475
vn 0.1986 0.9087 -0.3672
vn -0.0631 -0.0942 -0.9936
vn 0.8267 -0.1620 -0.5388
vn 0.8926 -0.0288 0.4498
vn 0.0767 0.1697 0.9825
vn -0.8136 0.2382 0.5304
vn -0.8814 0.1061 -0.4603
vn -0.0402 0.0563 -0.9976
vn 0.8411 0.0497 -0.5385
vn 0.8896 0.0437 0.4546
vn 0.0473 0.0490 0.9977
vn -0.8406 0.0598 0.5384
vn -0.8856 0.0613 -0.4603
vn -0.8285 0.0613 0.5566
vn 0.0696 0.0598 0.9958
vn 0.8982 0.0490 0.4368
vn 0.8254 0.0437 -0.5628
vn -0.0694 0.0497 -0.9963
vn -0.8948 0.0563 -0.4430
vn -0.8265 0.1061 0.5529
vn 0.0755 0.2382 0.9683
vn 0.8990 0.1697 0.4037
vn 0.8227 -0.0288 -0.5678
vn -0.0766 -0.1620 -0.9838
vn -0.9022 -0.0942 -0.4209
vn -0.2271 0.9087 -0.3504
vn -0.2090 0.9687 -0.1336
vn 0.1834 0.9689 -0.1663
vn -0.0399 0.8790 -0.4752
vn -0.0038 0.9991 -0.0416
vn 0.1653 0.9088 -0.3830
vn 0.0391 0.8803 0.4727
vn -0.0715 0.5121 -0.8559
vn 0.6112 0.7863 0.0902
vn -0.5884 0.7859 0.1902
vn -0.6435 0.6023 -0.4724
vn 0.5561 0.6027 -0.5723
vn 0.7400 0.2829 -0.6101
vn -0.8310 0.2824 -0.4793
vn -0.7588 0.5229 0.3884
vn 0.8122 0.5234 0.2575
vn -0.0820 0.1632 -0.9832
vn 0.0631 0.6464 0.7604
vn 0.8208 -0.0578 -0.5683
vn 0.0780 0.3397 0.9373
vn -0.0814 -0.1911 -0.9782
vn 0.9000 0.2061 0.3840
vn -0.8242 0.2055 0.5276
vn -0.9035 -0.0584 -0.4247
vn 0.0785 -0.3305 0.9405
vn 0.6919 -0.6558 -0.3019
vn -0.7319 -0.6563 -0.1833
vn -0.6664 -0.4384 0.6030
vn 0.7573 -0.4379 0.4844
vn -0.0529 -0.7680 -0.6383
vn 0.8368 -0.2668 0.4780
vn -0.7460 -0.2673 0.6099
vn -0.0640 -0.6335 -0.7711
vn 0.0822 -0.1466 0.9858
vn -0.8188 -0.5096 -0.2644
vn 0.7641 -0.5091 -0.3962
vn 0.0707 -0.5270 0.8469
vn -0.0378 -0.8885 -0.4574
vn -0.5453 -0.6160 0.5685
vn 0.6323 -0.6156 0.4704
vn 0.5782 -0.7958 -0.1800
vn -0.5995 -0.7962 -0.0819
vn 0.7279 0.1470 0.6697
vn 0.2703 0.1337 0.9535
vn 0.4220 0.6037 0.6763
vn 0.4672 -0.0223 0.8839
vn 0.2184 0.4844 0.8472
vn 0.7098 0.4218 0.5641
vn 0.2262 0.9251 -0.3051
vn -0.2522 0.9658 -0.0609
vn -0.2175 0.7752 -0.5931
vn 0.0015 0.9999 -0.0112
vn -0.4001 0.8365 -0.3745
vn 0.1376 0.8144 -0.5638
vn -0.3766 0.9263 -0.0091
vn -0.7094 0.6375 0.3007
vn -0.7472 0.6100 -0.2637
vn -0.5065 0.7999 0.3220
vn -0.8591 0.5116 -0.0134
vn -0.4710 0.8384 -0.2743
vn -0.6818 0.7315 -0.0090
vn -0.8899 0.3430 0.3007
vn -0.9155 0.3040 -0.2637
vn -0.7581 0.5670 0.3220
vn -0.9850 0.1721 -0.0134
vn -0.7387 0.6157 -0.2743
vn -0.0172 0.8463 0.5325
vn -0.2436 0.4722 0.8471
vn -0.5429 0.7188 0.4343
vn -0.0136 0.5886 0.8083
vn -0.5524 0.5226 0.6494
vn -0.2455 0.9023 0.3543
vn 0.6612 0.6295 0.4082
vn 0.4427 0.3610 0.8208
vn 0.1670 0.7949 0.5833
vn 0.6538 0.3557 0.6679
vn 0.1546 0.5914 0.7914
vn 0.4437 0.8221 0.3569
vn 0.9469 0.1383 -0.2903
vn 0.9712 0.0281 0.2364
vn 0.8344 0.5480 0.0585
vn 0.9959 -0.0908 0.0057
vn 0.8766 0.3813 0.2936
vn 0.8642 0.4210 -0.2754
vn 0.8356 0.4664 -0.2902
vn 0.8976 0.3721 0.2364
vn 0.5845 0.8092 0.0585
vn 0.9629 0.2698 0.0057
vn 0.6834 0.6684 0.2936
vn 0.6576 0.7012 -0.2754
vn 0.3586 0.0744 -0.9305
vn 0.7652 0.2155 -0.6066
vn 0.3544 0.5858 -0.7289
vn 0.6758 0.0082 -0.7370
vn 0.6025 0.5470 -0.5812
vn 0.2036 0.3252 -0.9235
vn 0.3460 0.4189 -0.8395
vn 0.7164 0.5225 -0.4624
vn 0.2447 0.8343 -0.4941
vn 0.6685 0.3530 -0.6546
vn 0.4944 0.7961 -0.3490
vn 0.1468 0.6241 -0.7674
vn -0.4774 0.1286 -0.8692
vn -0.0918 0.5046 -0.8585
vn -0.5756 0.5820 -0.5744
vn -0.1363 0.2662 -0.9542
vn -0.3174 0.7001 -0.6397
vn -0.6743 0.2581 -0.6919
vn 0.7464 0.6627 0.0612
vn 0.3139 0.9122 0.2633
vn 0.3864 0.8732 -0.2970
vn 0.5239 0.7797 0.3428
vn 0.2113 0.9735 -0.0869
vn 0.6868 0.6907 -0.2263
vn 0.2095 0.8836 0.4187
vn -0.3016 0.7776 0.5517
vn -0.1757 0.9837 0.0395
vn -0.0609 0.7575 0.6499
vn -0.3924 0.8949 0.2127
vn 0.1679 0.9756 0.1416
vn 0.5132 0.8366 0.1914
vn 0.0483 0.8872 0.4588
vn 0.0721 0.9927 -0.0971
vn 0.2955 0.8147 0.4990
vn -0.1029 0.9854 0.1356
vn 0.4191 0.9044 -0.0798
vn 0.2175 0.9757 0.0255
vn -0.2522 0.9250 0.2842
vn -0.2359 0.9300 -0.2818
vn 0.0031 0.9424 0.3344
vn -0.4109 0.9103 -0.0497
vn 0.1200 0.9601 -0.2525
vn 0.5171 0.8442 -0.1413
vn 0.0589 0.9933 0.0995
vn 0.0688 0.8870 -0.4567
vn 0.3071 0.9385 0.1578
vn -0.1004 0.9672 -0.2335
vn 0.4162 0.8084 -0.4162
vn 0.0610 0.9446 0.3226
vn -0.4093 0.7582 0.5076
vn -0.3613 0.9320 -0.0292
vn -0.1632 0.7936 0.5861
vn -0.5442 0.8218 0.1689
vn -0.0166 0.9989 0.0432
vn -0.1584 0.9866 0.0387
vn -0.6120 0.7596 0.2202
vn -0.5102 0.7917 -0.3360
vn -0.3917 0.8663 0.3100
vn -0.7002 0.7012 -0.1345
vn -0.1988 0.9474 -0.2508
vn 0.2092 0.9776 0.0213
vn -0.2994 0.9344 0.1933
vn -0.1815 0.9150 -0.3603
vn -0.0573 0.9560 0.2877
vn -0.3954 0.9040 -0.1628
vn 0.1634 0.9493 -0.2687
vn 0.3920 0.8720 0.2932
vn -0.1176 0.8760 0.4678
vn 0.0012 0.9974 -0.0725
vn 0.1230 0.8237 0.5536
vn -0.2133 0.9693 0.1226
vn 0.3451 0.9385 0.0097
vn -0.2886 0.8746 0.3897
vn -0.7030 0.5387 0.4644
vn -0.6199 0.7837 -0.0394
vn -0.4969 0.6339 0.5926
vn -0.7910 0.6017 0.1105
vn -0.3302 0.9381 0.1047
vn -0.0077 0.9793 -0.2024
vn -0.5237 0.8415 -0.1326
vn -0.2629 0.7358 -0.6241
vn -0.3247 0.9458 -0.0003
vn -0.5143 0.7114 -0.4790
vn 0.0312 0.8784 -0.4769
vn -0.6358 0.7431 -0.2089
vn -0.9398 0.3411 -0.0189
vn -0.7604 0.3355 -0.5561
vn -0.8255 0.5610 0.0619
vn -0.9148 0.1905 -0.3561
vn -0.5930 0.6440 -0.4835
vn 0.1715 0.6776 0.7151
vn -0.1854 0.3328 0.9246
vn -0.3550 0.7408 0.5703
vn 0.0712 0.3787 0.9228
vn -0.4437 0.5158 0.7329
vn -0.0106 0.8373 0.5467
vn 0.6313 0.6435 -0.4328
vn 0.3834 0.9225 -0.0444
vn 0.1262 0.8317 -0.5407
vn 0.6049 0.7916 -0.0866
vn 0.0986 0.9554 -0.2784
vn 0.4184 0.6476 -0.6369
vn 0.1021 0.2442 -0.9643
vn -0.1148 0.6765 -0.7274
vn -0.4389 0.2338 -0.8676
vn 0.1174 0.5849 -0.8026
vn -0.4390 0.4991 -0.7472
vn -0.1397 0.0768 -0.9872
vn -0.7488 0.0952 -0.6559
vn -0.8409 0.4657 -0.2758
vn -0.9793 -0.0763 -0.1872
vn -0.7346 0.4443 -0.5129
vn -0.9791 0.1906 -0.0704
vn -0.8462 -0.1438 -0.5131
vn -0.9631 0.1024 0.2489
vn -0.6903 0.4139 0.5934
vn -0.7222 -0.1455 0.6763
vn -0.8229 0.4314 0.3697
vn -0.6151 0.1042 0.7816
vn -0.9136 -0.1602 0.3736
vn -0.3405 0.3606 0.8684
vn 0.1597 0.5538 0.8172
vn 0.0744 0.0236 0.9970
vn -0.0876 0.6250 0.7757
vn 0.2773 0.2230 0.9345
vn -0.2762 0.0867 0.9572
vn 0.4450 0.7022 0.5557
vn 0.7545 0.6455 0.1186
vn 0.7914 0.2755 0.5457
vn 0.5644 0.7982 0.2107
vn 0.8951 0.3449 0.2825
vn 0.5331 0.4648 0.7069
vn 0.4729 0.8171 -0.3297
vn 0.4595 0.4784 -0.7484
vn 0.8454 0.4129 -0.3390
vn 0.3295 0.6828 -0.6521
vn 0.7465 0.3055 -0.5911
vn 0.6954 0.6961 -0.1785
vn -0.3089 0.9156 0.2573
vn -0.6939 0.5795 0.4275
vn -0.6687 0.7343 -0.1167
vn -0.4841 0.7056 0.5174
vn -0.8150 0.5742 0.0778
vn -0.3782 0.9253 -0.0293
vn 0.8258 0.5554 0.0980
vn 0.4431 0.8144 0.3749
vn 0.4707 0.8619 -0.1888
vn 0.6399 0.6478 0.4133
vn 0.3246 0.9446 0.0493
vn 0.7501 0.6377 -0.1750
vn 0.2302 0.4228 -0.8765
vn -0.1171 0.7596 -0.6397
vn -0.3039 0.2958 -0.9056
vn 0.1395 0.7270 -0.6723
vn -0.3848 0.5314 -0.7546
vn 0.0396 0.2201 -0.9747
vn 0.2316 0.1373 -0.9631
vn -0.1938 0.4542 -0.8696
vn -0.2640 -0.1006 -0.9593
vn 0.0664 0.4668 -0.8819
vn -0.4018 0.1499 -0.9034
vn 0.0927 -0.1217 -0.9882
vn 0.0740 0.8507 0.5205
vn 0.3490 0.4835 0.8027
vn -0.2159 0.5057 0.8353
vn 0.3892 0.6734 0.6286
vn 0.0218 0.3666 0.9301
vn -0.2000 0.7751 0.5994
vn 0.5068 0.2618 -0.8213
vn 0.8557 -0.0138 -0.5173
vn 0.7451 0.5301 -0.4048
vn 0.6938 -0.0495 -0.7185
vn 0.8990 0.2973 -0.3215
vn 0.5158 0.5207 -0.6802
vn -0.3864 -0.2044 -0.8994
vn 0.0870 -0.4607 -0.8833
vn 0.0654 0.0944 -0.9934
vn -0.1668 -0.5067 -0.8458
vn 0.2430 -0.1341 -0.9607
vn -0.2901 0.0689 -0.9545
vn -0.6161 0.1915 0.7641
vn -0.9065 -0.0942 0.4117
vn -0.8235 0.4603 0.3317
vn -0.7667 -0.1273 0.6293
vn -0.9494 0.2212 0.2229
vn -0.6276 0.4549 0.6318
vn -0.6073 0.4496 0.6550
vn -0.9274 0.2664 0.2625
vn -0.6360 0.7470 0.1936
vn -0.8430 0.1990 0.4998
vn -0.8235 0.5633 0.0675
vn -0.5018 0.6904 0.5212
vn 0.3077 0.1238 0.9434
vn -0.2248 0.2048 0.9526
vn 0.1246 0.6152 0.7785
vn -0.0501 0.0168 0.9986
vn -0.1544 0.5448 0.8243
vn 0.3931 0.3846 0.8352
vn 0.9654 -0.0721 0.2508
vn 0.7260 0.1757 0.6648
vn 0.8627 0.4654 0.1978
vn 0.8037 -0.0622 0.5917
vn 0.7423 0.4850 0.4623
vn 0.9856 0.1560 0.0648
vn 0.9528 0.2596 0.1571
vn 0.6725 0.4881 0.5564
vn 0.6859 0.7264 0.0428
vn 0.8158 0.2756 0.5085
vn 0.5806 0.7515 0.3132
vn 0.8908 0.4505 -0.0591
vn 0.7286 -0.3589 -0.5834
vn 0.9606 0.0187 -0.2773
vn 0.6590 0.1653 -0.7337
vn 0.9278 -0.2398 -0.2858
vn 0.8170 0.2671 -0.5111
vn 0.5964 -0.1845 -0.7812
vn -0.6232 0.3204 -0.7134
vn -0.8136 0.5239 -0.2524
vn -0.9193 -0.0144 -0.3933
vn -0.6647 0.5925 -0.4551
vn -0.9628 0.1908 -0.1911
vn -0.7242 0.0443 -0.6882
vn -0.7314 0.0016 -0.6820
vn -0.9488 0.2104 -0.2356
vn -0.8904 -0.3502 -0.2906
vn -0.8403 0.2868 -0.4600
vn -0.9838 -0.1376 -0.1147
vn -0.7402 -0.2842 -0.6093
vn -0.9438 0.2049 0.2594
vn -0.6235 0.6152 0.4825
vn -0.9004 0.0168 0.4347
vn -0.7974 0.5448 0.2596
vn -0.5446 0.3846 0.7453
vn 0.2427 -0.0721 0.9674
vn -0.2354 0.1757 0.9559
vn 0.2400 0.4654 0.8520
vn -0.1340 -0.0622 0.9890
vn -0.0499 0.4851 0.8731
vn 0.4156 0.1560 0.8961
vn 0.3189 0.2596 0.9115
vn -0.1659 0.4881 0.8569
vn 0.2913 0.7264 0.6225
vn -0.0552 0.2756 0.9597
vn 0.0034 0.7515 0.6597
vn 0.4789 0.4505 0.7535
vn 0.8613 -0.3589 0.3597
vn 0.7039 0.0187 0.7101
vn 0.9599 0.1653 0.2266
vn 0.6956 -0.2398 0.6772
vn 0.8402 0.2671 0.4720
vn 0.9715 -0.1845 0.1489
vn 0.3273 0.3204 -0.8889
vn -0.1685 0.5238 -0.8350
vn -0.0955 -0.0144 -0.9953
vn 0.0808 0.5925 -0.8015
vn -0.2938 0.1908 -0.9366
vn 0.2568 0.0443 -0.9654
vn 0.2479 0.0016 -0.9688
vn -0.2481 0.2104 -0.9456
vn -0.1718 -0.3502 -0.9208
vn 0.0009 0.2868 -0.9580
vn -0.3710 -0.1376 -0.9184
vn 0.1799 -0.2842 -0.9417
vn -0.5778 0.1238 -0.8067
vn 0.3213 0.6904 -0.6482
vn 0.7649 0.5633 -0.3126
vn 0.6531 0.1990 -0.7307
vn 0.5480 0.7470 -0.3763
vn 0.8051 0.2664 -0.5299
vn 0.3815 0.4496 -0.8076
vn 0.4079 0.4549 -0.7916
vn 0.8381 0.2212 -0.4987
vn 0.5413 -0.1273 -0.8311
vn 0.6852 0.4603 -0.5645
vn 0.7402 -0.0942 -0.6658
vn 0.3570 0.1915 -0.9142
vn 0.5644 0.0689 0.8226
vn 0.0579 -0.1341 0.9893
vn 0.4141 -0.5067 0.7562
vn 0.2372 0.0944 0.9669
vn 0.1833 -0.4607 0.8684
vn 0.6396 -0.2044 0.7410
vn -0.2867 0.5207 0.8041
vn -0.7603 0.2973 0.5776
vn -0.4449 -0.0495 0.8942
vn -0.5883 0.5301 0.6106
vn -0.6600 -0.0138 0.7512
vn -0.2356 0.2618 0.9359
vn 0.0100 0.7751 -0.6318
vn -0.3012 0.3666 -0.8803
vn -0.5606 0.6734 -0.4820
vn -0.0459 0.5056 -0.8615
vn -0.5748 0.4835 -0.6602
vn -0.2274 0.8507 -0.4739
vn 0.2095 -0.1217 0.9702
vn 0.6554 0.1499 0.7402
vn 0.2026 0.4668 0.8609
vn 0.5409 -0.1006 0.8351
vn 0.4469 0.4542 0.7707
vn 0.0695 0.1373 0.9881
vn 0.2561 0.2201 0.9413
vn 0.5944 0.5314 0.6035
vn 0.0697 0.7270 0.6831
vn 0.5628 0.2958 0.7719
vn 0.3045 0.7596 0.5747
vn 0.0448 0.4228 0.9051
vn -0.6625 0.6377 0.3930
vn -0.3244 0.9446 0.0509
vn -0.7348 0.6478 -0.2012
vn -0.3919 0.8619 0.3219
vn -0.5355 0.8144 -0.2238
vn -0.8169 0.5554 0.1555
vn 0.3694 0.9253 -0.0861
vn 0.7536 0.5742 -0.3199
vn 0.3056 0.7056 -0.6393
vn 0.6728 0.7343 -0.0903
vn 0.5327 0.5795 -0.6168
vn 0.2170 0.9156 -0.3384
vn 0.5963 -0.7962 -0.1026
vn -0.4970 -0.7958 0.3459
vn -0.7447 -0.6156 -0.2579
vn 0.3486 -0.6160 -0.7065
vn 0.1739 -0.8885 0.4247
vn -0.3228 -0.5270 -0.7862
vn -0.6091 -0.5091 0.6082
vn 0.8604 -0.5096 0.0052
vn -0.3755 -0.1466 -0.9151
vn 0.2935 -0.6335 0.7159
vn 0.5275 -0.2673 -0.8064
vn -0.9420 -0.2668 -0.2035
vn 0.2429 -0.7680 0.5926
vn -0.8681 -0.4379 -0.2336
vn 0.4536 -0.4384 -0.7759
vn 0.7531 -0.6563 -0.0459
vn -0.5687 -0.6558 0.4965
vn -0.3584 -0.3305 -0.8731
vn 0.9895 -0.0584 0.1325
vn 0.6268 0.2055 -0.7516
vn -0.9739 0.2061 -0.0948
vn 0.3725 -0.1911 0.9081
vn -0.3569 0.3397 -0.8702
vn -0.6113 -0.0578 0.7893
vn -0.2894 0.6464 -0.7060
vn 0.3746 0.1632 0.9127
vn -0.8521 0.5234 -0.0007
vn 0.6064 0.5229 -0.5991
vn 0.9368 0.2824 0.2064
vn -0.5216 0.2829 0.8049
vn -0.3576 0.6027 0.7133
vn 0.7560 0.6023 0.2564
vn 0.5036 0.7859 -0.3587
vn -0.6099 0.7863 0.0982
vn 0.3262 0.5121 0.7945
vn -0.1798 0.8803 -0.4390
vn -0.0422 0.9088 0.4151
vn 0.0162 0.9991 0.0385
vn 0.1813 0.8790 0.4411
vn -0.1247 0.9689 0.2139
vn 0.2396 0.9687 0.0644
vn 0.3221 0.9087 0.2656
vn 0.9871 -0.0942 0.1294
vn 0.3696 -0.1620 0.9150
vn -0.6132 -0.0288 0.7894
vn -0.9789 0.1697 -0.1138
vn -0.3639 0.2382 -0.9005
vn 0.6213 0.1061 -0.7763
vn 0.9867 0.0563 0.1526
vn 0.3666 0.0497 0.9291
vn -0.6173 0.0437 0.7855
vn -0.9881 0.0490 -0.1456
vn -0.3665 0.0598 -0.9285
vn 0.6222 0.0613 -0.7805
vn -0.0729 0.2049 -0.9761
vn -0.3535 0.6152 -0.7047
vn -0.2533 0.0168 -0.9672
vn -0.1013 0.5448 -0.8325
vn -0.6266 0.3846 -0.6778
vn -0.9960 -0.0721 0.0520
vn -0.8927 0.1757 -0.4150
vn -0.8822 0.4654 0.0715
vn -0.9447 -0.0622 -0.3219
vn -0.8471 0.4851 -0.2170
vn -0.9593 0.1560 0.2354
vn -0.9559 0.2596 0.1374
vn -0.8089 0.4881 -0.3277
vn -0.6669 0.7264 0.1660
vn -0.9311 0.2756 -0.2389
vn -0.6480 0.7515 -0.1236
vn -0.8316 0.4505 0.3249
vn -0.5188 -0.3589 0.7759
vn -0.8323 0.0187 0.5540
vn -0.4071 0.1653 0.8983
vn -0.7985 -0.2398 0.5522
vn -0.6249 0.2671 0.7336
vn -0.3331 -0.1845 0.9247
vn 0.8093 0.3204 0.4923
vn 0.8518 0.5238 -0.0046
vn 0.9951 -0.0144 0.0978
vn 0.7710 0.5925 0.2336
vn 0.9757 0.1908 -0.1081
vn 0.8980 0.0443 0.4378
vn 0.9030 0.0016 0.4297
vn 0.9757 0.2104 -0.0614
vn 0.9366 -0.3502 0.0087
vn 0.9399 0.2868 0.1853
vn 0.9726 -0.1376 -0.1873
vn 0.8895 -0.2842 0.3578
usemtl low_poly_mushrooms_texture_atlas
s off
f 1/1/1 2/2/1 3/3/1 4/4/1 5/5/1 6/6/1
f 6/7/2 12/8/2 7/9/2 1/10/2
f 5/11/3 11/12/3 12/13/3 6/14/3
f 4/15/4 10/16/4 11/17/4 5/18/4
f 3/19/5 9/20/5 10/21/5 4/22/5
f 2/23/6 8/24/6 9/25/6 3/26/6
f 1/27/7 7/28/7 8/29/7 2/30/7
f 12/31/8 18/32/8 13/33/8 7/34/8
f 11/35/9 17/36/9 18/37/9 12/38/9
f 10/39/10 16/40/10 17/41/10 11/42/10
f 9/43/11 15/44/11 16/45/11 10/46/11
f 8/47/12 14/48/12 15/49/12 9/50/12
f 7/51/13 13/52/13 14/53/13 8/54/13
f 30/55/14 19/56/14 20/57/14 28/58/14
f 29/59/15 21/60/15 19/61/15 30/62/15
f 27/63/16 22/64/16 21/65/16 29/66/16
f 26/67/17 23/68/17 22/69/17 27/70/17
f 25/71/18 24/72/18 23/73/18 26/74/18
f 28/75/19 20/76/19 24/77/19 25/78/19
f 18/79/20 30/80/20 28/81/20 13/82/20
f 17/83/21 29/84/21 30/85/21 18/86/21
f 16/87/22 27/88/22 29/89/22 17/90/22
f 15/91/23 26/92/23 27/93/23 16/94/23
f 14/95/24 25/96/24 26/97/24 15/98/24
f 13/99/25 28/100/25 25/101/25 14/102/25
f 19/103/26 21/104/26 33/105/26 31/106/26
f 23/107/27 24/108/27 36/109/27 35/110/27
f 21/111/28 22/112/28 34/113/28 33/114/28
f 20/115/29 19/116/29 31/117/29 32/118/29
f 24/119/30 20/120/30 32/121/30 36/122/30
f 22/123/31 23/124/31 35/125/31 34/126/31
f 36/127/32 32/128/32 38/129/32 42/130/32
f 34/131/33 35/132/33 41/133/33 40/134/33
f 31/135/34 33/136/34 39/137/34 37/138/34
f 35/139/35 36/140/35 42/141/35 41/142/35
f 33/143/36 34/144/36 40/145/36 39/146/36
f 32/147/37 31/148/37 37/149/37 38/150/37
f 41/151/38 42/152/38 48/153/38 47/154/38
f 39/155/39 40/156/39 46/157/39 45/158/39
f 38/159/40 37/160/40 43/161/40 44/162/40
f 42/163/41 38/164/41 44/165/41 48/166/41
f 40/167/42 41/168/42 47/169/42 46/170/42
f 37/171/43 39/172/43 45/173/43 43/174/43
f 46/175/44 47/176/44 53/177/44 52/178/44
f 43/179/45 45/180/45 51/181/45 49/182/45
f 47/183/46 48/184/46 54/185/46 53/186/46
f 45/187/47 46/188/47 52/189/47 51/190/47
f 44/191/48 43/192/48 49/193/48 50/194/48
f 48/195/49 44/196/49 50/197/49 54/198/49
f 51/199/50 52/200/50 58/201/50 57/202/50
f 50/203/51 49/204/51 55/205/51 56/206/51
f 54/207/52 50/208/52 56/209/52 60/210/52
f 52/211/53 53/212/53 59/213/53 58/214/53
f 49/215/54 51/216/54 57/217/54 55/218/54
f 53/219/55 54/220/55 60/221/55 59/222/55
f 55/223/56 57/224/56 63/225/56 61/226/56
f 59/227/57 60/228/57 66/229/57 65/230/57
f 57/231/58 58/232/58 64/233/58 63/234/58
f 56/235/59 55/236/59 61/237/59 62/238/59
f 60/239/60 56/240/60 62/241/60 66/242/60
f 58/243/61 59/244/61 65/245/61 64/246/61
f 62/247/62 61/248/62 67/249/62 68/250/62
f 66/251/63 62/252/63 68/253/63 72/254/63
f 64/255/64 65/256/64 71/257/64 70/258/64
f 61/259/65 63/260/65 69/261/65 67/262/65
f 65/263/66 66/264/66 72/265/66 71/266/66
f 63/267/67 64/268/67 70/269/67 69/270/67
f 71/271/68 72/272/68 73/273/68
f 69/274/69 70/275/69 73/276/69
f 68/277/70 67/278/70 73/279/70
f 72/280/71 68/281/71 73/282/71
f 70/283/72 71/284/72 73/285/72
f 67/286/73 69/287/73 73/288/73
f 74/289/1 75/290/1 76/291/1 77/292/1 78/293/1 79/294/1
f 79/295/74 85/296/74 80/297/74 74/298/74
f 78/299/75 84/300/75 85/301/75 79/302/75
f 77/303/76 83/304/76 84/305/76 78/306/76
f 76/307/77 82/308/77 83/309/77 77/310/77
f 75/311/78 81/312/78 82/313/78 76/314/78
f 74/315/79 80/316/79 81/317/79 75/318/79
f 85/319/80 91/320/80 86/321/80 80/322/80
f 84/323/81 90/324/81 91/325/81 85/326/81
f 83/327/82 89/328/82 90/329/82 84/330/82
f 82/331/83 88/332/83 89/333/83 83/334/83
f 81/335/84 87/336/84 88/337/84 82/338/84
f 80/339/85 86/340/85 87/341/85 81/342/85
f 103/343/86 92/344/86 93/345/86 101/346/86
f 102/347/87 94/348/87 92/349/87 103/350/87
f 100/351/88 95/352/88 94/353/88 102/354/88
f 99/355/89 96/356/89 95/357/89 100/358/89
f 98/359/90 97/360/90 96/361/90 99/362/90
f 101/363/91 93/364/91 97/365/91 98/366/91
f 91/367/92 103/368/92 101/369/92 86/370/92
f 90/371/93 102/372/93 103/373/93 91/374/93
f 89/375/94 100/376/94 102/377/94 90/378/94
f 88/379/95 99/380/95 100/381/95 89/382/95
f 87/383/96 98/384/96 99/385/96 88/386/96
f 86/387/97 101/388/97 98/389/97 87/390/97
f 92/391/98 94/392/98 106/393/98 104/394/98
f 96/395/99 97/396/99 109/397/99 108/398/99
f 94/399/100 95/400/100 107/401/100 106/402/100
f 93/403/101 92/404/101 104/405/101 105/406/101
f 97/407/102 93/408/102 105/409/102 109/410/102
f 95/411/103 96/412/103 108/413/103 107/414/103
f 109/415/104 105/416/104 111/417/104 115/418/104
f 107/419/105 108/420/105 114/421/105 113/422/105
f 104/423/106 106/424/106 112/425/106 110/426/106
f 108/427/107 109/428/107 115/429/107 114/430/107
f 106/431/108 107/432/108 113/433/108 112/434/108
f 105/435/109 104/436/109 110/437/109 111/438/109
f 114/439/110 115/440/110 121/441/110 120/442/110
f 112/443/111 113/444/111 119/445/111 118/446/111
f 111/447/112 110/448/112 116/449/112 117/450/112
f 115/451/113 111/452/113 117/453/113 121/454/113
f 113/455/114 114/456/114 120/457/114 119/458/114
f 110/459/115 112/460/115 118/461/115 116/462/115
f 119/463/116 120/464/116 126/465/116 125/466/116
f 116/467/117 118/468/117 124/469/117 122/470/117
f 120/471/118 121/472/118 127/473/118 126/474/118
f 118/475/119 119/476/119 125/477/119 124/478/119
f 117/479/120 116/480/120 122/481/120 123/482/120
f 121/483/121 117/484/121 123/485/121 127/486/121
f 124/487/122 125/488/122 131/489/122 130/490/122
f 123/491/123 122/492/123 128/493/123 129/494/123
f 127/495/124 123/496/124 129/497/124 133/498/124
f 125/499/125 126/500/125 132/501/125 131/502/125
f 122/503/126 124/504/126 130/505/126 128/506/126
f 126/507/127 127/508/127 133/509/127 132/510/127
f 128/511/128 130/512/128 136/513/128 134/514/128
f 132/515/129 133/516/129 139/517/129 138/518/129
f 130/519/130 131/520/130 137/521/130 136/522/130
f 129/523/131 128/524/131 134/525/131 135/526/131
f 133/527/132 129/528/132 135/529/132 139/530/132
f 131/531/133 132/532/133 138/533/133 137/534/133
f 135/535/134 134/536/134 140/537/134 141/538/134
f 139/539/135 135/540/135 141/541/135 145/542/135
f 137/543/136 138/544/136 144/545/136 143/546/136
f 134/547/137 136/548/137 142/549/137 140/550/137
f 138/551/138 139/552/138 145/553/138 144/554/138
f 136/555/139 137/556/139 143/557/139 142/558/139
f 144/559/140 145/560/140 146/561/140
f 142/562/141 143/563/141 146/564/141
f 141/565/142 140/566/142 146/567/142
f 145/568/143 141/569/143 146/570/143
f 143/571/144 144/572/144 146/573/144
f 140/574/145 142/575/145 146/576/145
f 645/577/146 643/578/146 646/579/146
f 635/580/147 638/581/147 639/582/147
f 637/583/148 638/584/148 641/585/148
f 636/586/149 638/587/149 640/588/149
f 638/589/150 635/590/150 641/591/150
f 638/592/151 637/593/151 640/594/151
f 638/595/152 636/596/152 639/597/152
f 152/598/153 149/599/153 148/600/153
f 150/601/154 149/602/154 634/603/154
f 151/604/155 149/605/155 147/606/155
f 149/607/156 152/608/156 634/609/156
f 149/610/157 150/611/157 147/612/157
f 149/613/158 151/614/158 148/615/158
f 159/616/159 156/617/159 155/618/159
f 157/619/160 156/620/160 153/621/160
f 158/622/161 156/623/161 154/624/161
f 156/625/162 159/626/162 153/627/162
f 156/628/163 157/629/163 154/630/163
f 156/631/164 158/632/164 155/633/164
f 166/634/165 163/635/165 162/636/165
f 164/637/166 163/638/166 160/639/166
f 165/640/167 163/641/167 161/642/167
f 163/643/168 166/644/168 160/645/168
f 163/646/169 164/647/169 161/648/169
f 163/649/170 165/650/170 162/651/170
f 173/652/171 170/653/171 169/654/171
f 171/655/172 170/656/172 167/657/172
f 172/658/173 170/659/173 168/660/173
f 170/661/174 173/662/174 167/663/174
f 170/664/175 171/665/175 168/666/175
f 170/667/176 172/668/176 169/669/176
f 180/670/177 177/671/177 176/672/177
f 178/673/178 177/674/178 174/675/178
f 179/676/179 177/677/179 175/678/179
f 177/679/180 180/680/180 174/681/180
f 177/682/181 178/683/181 175/684/181
f 177/685/182 179/686/182 176/687/182
f 187/688/183 184/689/183 183/690/183
f 185/691/184 184/692/184 181/693/184
f 186/694/185 184/695/185 182/696/185
f 184/697/186 187/698/186 181/699/186
f 184/700/187 185/701/187 182/702/187
f 184/703/188 186/704/188 183/705/188
f 194/706/189 191/707/189 190/708/189
f 192/709/190 191/710/190 188/711/190
f 193/712/191 191/713/191 189/714/191
f 191/715/192 194/716/192 188/717/192
f 191/718/193 192/719/193 189/720/193
f 191/721/194 193/722/194 190/723/194
f 201/724/195 198/725/195 197/726/195
f 199/727/196 198/728/196 195/729/196
f 200/730/197 198/731/197 196/732/197
f 198/733/198 201/734/198 195/735/198
f 198/736/199 199/737/199 196/738/199
f 198/739/200 200/740/200 197/741/200
f 240/742/201 241/743/201 205/744/201 206/745/201
f 244/746/202 239/747/202 207/748/202 202/749/202
f 243/750/203 244/751/203 202/752/203 203/753/203
f 241/754/204 242/755/204 204/756/204 205/757/204
f 239/758/205 240/759/205 206/760/205 207/761/205
f 242/762/206 243/763/206 203/764/206 204/765/206
f 202/766/207 207/767/207 208/768/207 213/769/207
f 206/770/208 205/771/208 210/772/208 209/773/208
f 204/774/209 203/775/209 212/776/209 211/777/209
f 207/778/210 206/779/210 209/780/210 208/781/210
f 205/782/211 204/783/211 211/784/211 210/785/211
f 203/786/212 202/787/212 213/788/212 212/789/212
f 211/790/213 212/791/213 215/792/213 216/793/213
f 209/794/214 210/795/214 217/796/214 218/797/214
f 213/798/215 208/799/215 219/800/215 214/801/215
f 212/802/216 213/803/216 214/804/216 215/805/216
f 210/806/217 211/807/217 216/808/217 217/809/217
f 208/810/218 209/811/218 218/812/218 219/813/218
f 215/814/219 214/815/219 225/816/219 224/817/219
f 214/818/220 219/819/220 220/820/220 225/821/220
f 218/822/221 217/823/221 222/824/221 221/825/221
f 216/826/222 215/827/222 224/828/222 223/829/222
f 219/830/223 218/831/223 221/832/223 220/833/223
f 217/834/224 216/835/224 223/836/224 222/837/224
f 220/838/225 221/839/225 230/840/225 231/841/225
f 223/842/226 224/843/226 227/844/226 228/845/226
f 221/846/227 222/847/227 229/848/227 230/849/227
f 225/850/228 220/851/228 231/852/228 226/853/228
f 224/854/229 225/855/229 226/856/229 227/857/229
f 222/858/230 223/859/230 228/860/230 229/861/230
f 229/862/231 228/863/231 235/864/231 234/865/231
f 227/866/232 226/867/232 237/868/232 236/869/232
f 226/870/233 231/871/233 232/872/233 237/873/233
f 230/874/234 229/875/234 234/876/234 233/877/234
f 228/878/235 227/879/235 236/880/235 235/881/235
f 231/882/236 230/883/236 233/884/236 232/885/236
f 234/886/237 235/887/237 238/888/237
f 232/889/238 233/890/238 238/891/238
f 235/892/239 236/893/239 238/894/239
f 233/895/240 234/896/240 238/897/240
f 237/898/241 232/899/241 238/900/241
f 236/901/242 237/902/242 238/903/242
f 250/904/243 244/905/243 243/906/243 249/907/243
f 249/908/244 243/909/244 242/910/244 248/911/244
f 248/912/245 242/913/245 241/914/245 247/915/245
f 247/916/246 241/917/246 240/918/246 246/919/246
f 246/920/247 240/921/247 239/922/247 245/923/247
f 245/924/248 239/925/248 244/926/248 250/927/248
f 256/928/249 250/929/249 249/930/249 255/931/249
f 255/932/250 249/933/250 248/934/250 254/935/250
f 254/936/251 248/937/251 247/938/251 253/939/251
f 253/940/252 247/941/252 246/942/252 252/943/252
f 252/944/253 246/945/253 245/946/253 251/947/253
f 251/948/254 245/949/254 250/950/254 256/951/254
f 256/952/1 255/953/1 254/954/1 253/955/1 252/956/1 251/957/1
f 257/958/1 258/959/1 259/960/1 260/961/1 261/962/1 262/963/1
f 262/964/255 268/965/255 263/966/255 257/967/255
f 261/968/256 267/969/256 268/970/256 262/971/256
f 260/972/257 266/973/257 267/974/257 261/975/257
f 259/976/258 265/977/258 266/978/258 260/979/258
f 258/980/259 264/981/259 265/982/259 259/983/259
f 257/984/260 263/985/260 264/986/260 258/987/260
f 268/988/261 274/989/261 269/990/261 263/991/261
f 267/992/262 273/993/262 274/994/262 268/995/262
f 266/996/263 272/997/263 273/998/263 267/999/263
f 265/1000/264 271/1001/264 272/1002/264 266/1003/264
f 264/1004/265 270/1005/265 271/1006/265 265/1007/265
f 263/1008/266 269/1009/266 270/1010/266 264/1011/266
f 277/1012/267 276/1013/267 275/1014/267
f 276/1015/268 281/1016/268 275/1017/268
f 280/1018/269 279/1019/269 275/1020/269
f 278/1021/270 277/1022/270 275/1023/270
f 281/1024/271 280/1025/271 275/1026/271
f 279/1027/272 278/1028/272 275/1029/272
f 282/1030/273 283/1031/273 280/1032/273 281/1033/273
f 285/1034/274 286/1035/274 277/1036/274 278/1037/274
f 283/1038/275 284/1039/275 279/1040/275 280/1041/275
f 287/1042/276 282/1043/276 281/1044/276 276/1045/276
f 286/1046/277 287/1047/277 276/1048/277 277/1049/277
f 284/1050/278 285/1051/278 278/1052/278 279/1053/278
f 291/1054/279 290/1055/279 285/1056/279 284/1057/279
f 289/1058/280 288/1059/280 287/1060/280 286/1061/280
f 288/1062/281 293/1063/281 282/1064/281 287/1065/281
f 292/1066/282 291/1067/282 284/1068/282 283/1069/282
f 290/1070/283 289/1071/283 286/1072/283 285/1073/283
f 293/1074/284 292/1075/284 283/1076/284 282/1077/284
f 296/1078/285 297/1079/285 290/1080/285 291/1081/285
f 294/1082/286 295/1083/286 292/1084/286 293/1085/286
f 297/1086/287 298/1087/287 289/1088/287 290/1089/287
f 295/1090/288 296/1091/288 291/1092/288 292/1093/288
f 299/1094/289 294/1095/289 293/1096/289 288/1097/289
f 298/1098/290 299/1099/290 288/1100/290 289/1101/290
f 305/1102/291 304/1103/291 295/1104/291 294/1105/291
f 303/1106/292 302/1107/292 297/1108/292 296/1109/292
f 301/1110/293 300/1111/293 299/1112/293 298/1113/293
f 300/1114/294 305/1115/294 294/1116/294 299/1117/294
f 304/1118/295 303/1119/295 296/1120/295 295/1121/295
f 302/1122/296 301/1123/296 298/1124/296 297/1125/296
f 310/1126/297 311/1127/297 300/1128/297 301/1129/297
f 308/1130/298 309/1131/298 302/1132/298 303/1133/298
f 306/1134/299 307/1135/299 304/1136/299 305/1137/299
f 309/1138/300 310/1139/300 301/1140/300 302/1141/300
f 307/1142/301 308/1143/301 303/1144/301 304/1145/301
f 311/1146/302 306/1147/302 305/1148/302 300/1149/302
f 271/1150/303 270/1151/303 310/1152/303 309/1153/303
f 274/1154/304 273/1155/304 307/1156/304 306/1157/304
f 272/1158/305 271/1159/305 309/1160/305 308/1161/305
f 270/1162/306 269/1163/306 311/1164/306 310/1165/306
f 269/1166/307 274/1167/307 306/1168/307 311/1169/307
f 273/1170/308 272/1171/308 308/1172/308 307/1173/308
f 315/1174/309 313/1175/309 316/1176/309
f 315/1177/310 314/1178/310 317/1179/310
f 315/1180/311 312/1181/311 318/1182/311
f 313/1183/312 315/1184/312 317/1185/312
f 314/1186/313 315/1187/313 318/1188/313
f 312/1189/314 315/1190/314 316/1191/314
f 322/1192/315 320/1193/315 323/1194/315
f 322/1195/316 321/1196/316 324/1197/316
f 322/1198/317 319/1199/317 325/1200/317
f 320/1201/318 322/1202/318 324/1203/318
f 321/1204/319 322/1205/319 325/1206/319
f 319/1207/320 322/1208/320 323/1209/320
f 329/1210/321 327/1211/321 330/1212/321
f 329/1213/322 328/1214/322 331/1215/322
f 329/1216/323 326/1217/323 332/1218/323
f 327/1219/324 329/1220/324 331/1221/324
f 328/1222/325 329/1223/325 332/1224/325
f 326/1225/326 329/1226/326 330/1227/326
f 336/1228/327 334/1229/327 337/1230/327
f 336/1231/328 335/1232/328 338/1233/328
f 336/1234/329 333/1235/329 339/1236/329
f 334/1237/330 336/1238/330 338/1239/330
f 335/1240/331 336/1241/331 339/1242/331
f 333/1243/332 336/1244/332 337/1245/332
f 343/1246/333 341/1247/333 344/1248/333
f 343/1249/334 342/1250/334 345/1251/334
f 343/1252/335 340/1253/335 346/1254/335
f 341/1255/336 343/1256/336 345/1257/336
f 342/1258/337 343/1259/337 346/1260/337
f 340/1261/338 343/1262/338 344/1263/338
f 350/1264/339 348/1265/339 351/1266/339
f 350/1267/340 349/1268/340 352/1269/340
f 350/1270/341 347/1271/341 353/1272/341
f 348/1273/342 350/1274/342 352/1275/342
f 349/1276/343 350/1277/343 353/1278/343
f 347/1279/344 350/1280/344 351/1281/344
f 357/1282/345 355/1283/345 358/1284/345
f 357/1285/346 356/1286/346 359/1287/346
f 357/1288/347 354/1289/347 360/1290/347
f 355/1291/348 357/1292/348 359/1293/348
f 356/1294/349 357/1295/349 360/1296/349
f 354/1297/350 357/1298/350 358/1299/350
f 364/1300/351 362/1301/351 365/1302/351
f 364/1303/352 363/1304/352 366/1305/352
f 364/1306/353 361/1307/353 367/1308/353
f 362/1309/354 364/1310/354 366/1311/354
f 363/1312/355 364/1313/355 367/1314/355
f 361/1315/356 364/1316/356 365/1317/356
f 371/1318/357 369/1319/357 372/1320/357
f 371/1321/358 370/1322/358 373/1323/358
f 371/1324/359 368/1325/359 374/1326/359
f 369/1327/360 371/1328/360 373/1329/360
f 370/1330/361 371/1331/361 374/1332/361
f 368/1333/362 371/1334/362 372/1335/362
f 378/1336/363 376/1337/363 379/1338/363
f 378/1339/364 377/1340/364 380/1341/364
f 378/1342/365 375/1343/365 381/1344/365
f 376/1345/366 378/1346/366 380/1347/366
f 377/1348/367 378/1349/367 381/1350/367
f 375/1351/368 378/1352/368 379/1353/368
f 385/1354/369 383/1355/369 386/1356/369
f 385/1357/370 384/1358/370 387/1359/370
f 385/1360/371 382/1361/371 388/1362/371
f 383/1363/372 385/1364/372 387/1365/372
f 384/1366/373 385/1367/373 388/1368/373
f 382/1369/374 385/1370/374 386/1371/374
f 392/1372/375 390/1373/375 393/1374/375
f 392/1375/376 391/1376/376 394/1377/376
f 392/1378/377 389/1379/377 395/1380/377
f 390/1381/378 392/1382/378 394/1383/378
f 391/1384/379 392/1385/379 395/1386/379
f 389/1387/380 392/1388/380 393/1389/380
f 399/1390/381 397/1391/381 400/1392/381
f 399/1393/382 398/1394/382 401/1395/382
f 399/1396/383 396/1397/383 402/1398/383
f 397/1399/384 399/1400/384 401/1401/384
f 398/1402/385 399/1403/385 402/1404/385
f 396/1405/386 399/1406/386 400/1407/386
f 406/1408/387 404/1409/387 407/1410/387
f 406/1411/388 405/1412/388 408/1413/388
f 406/1414/389 403/1415/389 409/1416/389
f 404/1417/390 406/1418/390 408/1419/390
f 405/1420/391 406/1421/391 409/1422/391
f 403/1423/392 406/1424/392 407/1425/392
f 413/1426/393 411/1427/393 414/1428/393
f 413/1429/394 412/1430/394 415/1431/394
f 413/1432/395 410/1433/395 416/1434/395
f 411/1435/396 413/1436/396 415/1437/396
f 412/1438/397 413/1439/397 416/1440/397
f 410/1441/398 413/1442/398 414/1443/398
f 420/1444/399 418/1445/399 421/1446/399
f 420/1447/400 419/1448/400 422/1449/400
f 420/1450/401 417/1451/401 423/1452/401
f 418/1453/402 420/1454/402 422/1455/402
f 419/1456/403 420/1457/403 423/1458/403
f 417/1459/404 420/1460/404 421/1461/404
f 427/1462/405 425/1463/405 428/1464/405
f 427/1465/406 426/1466/406 429/1467/406
f 427/1468/407 424/1469/407 430/1470/407
f 425/1471/408 427/1472/408 429/1473/408
f 426/1474/409 427/1475/409 430/1476/409
f 424/1477/410 427/1478/410 428/1479/410
f 434/1480/411 432/1481/411 435/1482/411
f 434/1483/412 433/1484/412 436/1485/412
f 434/1486/413 431/1487/413 437/1488/413
f 432/1489/414 434/1490/414 436/1491/414
f 433/1492/415 434/1493/415 437/1494/415
f 431/1495/416 434/1496/416 435/1497/416
f 441/1498/417 439/1499/417 442/1500/417
f 441/1501/418 440/1502/418 443/1503/418
f 441/1504/419 438/1505/419 444/1506/419
f 439/1507/420 441/1508/420 443/1509/420
f 440/1510/421 441/1511/421 444/1512/421
f 438/1513/422 441/1514/422 442/1515/422
f 448/1516/423 446/1517/423 449/1518/423
f 448/1519/424 447/1520/424 450/1521/424
f 448/1522/425 445/1523/425 451/1524/425
f 446/1525/426 448/1526/426 450/1527/426
f 447/1528/427 448/1529/427 451/1530/427
f 445/1531/428 448/1532/428 449/1533/428
f 455/1534/429 453/1535/429 456/1536/429
f 455/1537/430 454/1538/430 457/1539/430
f 455/1540/431 452/1541/431 458/1542/431
f 453/1543/432 455/1544/432 457/1545/432
f 454/1546/433 455/1547/433 458/1548/433
f 452/1549/434 455/1550/434 456/1551/434
f 462/1552/435 460/1553/435 463/1554/435
f 462/1555/436 461/1556/436 464/1557/436
f 462/1558/437 459/1559/437 465/1560/437
f 460/1561/438 462/1562/438 464/1563/438
f 461/1564/439 462/1565/439 465/1566/439
f 459/1567/440 462/1568/440 463/1569/440
f 469/1570/441 467/1571/441 470/1572/441
f 469/1573/442 468/1574/442 471/1575/442
f 469/1576/443 466/1577/443 472/1578/443
f 467/1579/444 469/1580/444 471/1581/444
f 468/1582/445 469/1583/445 472/1584/445
f 466/1585/446 469/1586/446 470/1587/446
f 476/1588/447 474/1589/447 477/1590/447
f 476/1591/448 475/1592/448 478/1593/448
f 476/1594/449 473/1595/449 479/1596/449
f 474/1597/450 476/1598/450 478/1599/450
f 475/1600/451 476/1601/451 479/1602/451
f 473/1603/452 476/1604/452 477/1605/452
f 483/1606/453 481/1607/453 484/1608/453
f 483/1609/454 482/1610/454 485/1611/454
f 483/1612/455 480/1613/455 486/1614/455
f 481/1615/456 483/1616/456 485/1617/456
f 482/1618/457 483/1619/457 486/1620/457
f 480/1621/458 483/1622/458 484/1623/458
f 490/1624/459 488/1625/459 491/1626/459
f 490/1627/460 489/1628/460 492/1629/460
f 490/1630/461 487/1631/461 493/1632/461
f 488/1633/462 490/1634/462 492/1635/462
f 489/1636/463 490/1637/463 493/1638/463
f 487/1639/464 490/1640/464 491/1641/464
f 497/1642/465 495/1643/465 498/1644/465
f 497/1645/466 496/1646/466 499/1647/466
f 497/1648/467 494/1649/467 500/1650/467
f 495/1651/468 497/1652/468 499/1653/468
f 496/1654/469 497/1655/469 500/1656/469
f 494/1657/470 497/1658/470 498/1659/470
f 504/1660/471 502/1661/471 505/1662/471
f 504/1663/472 503/1664/472 506/1665/472
f 504/1666/473 501/1667/473 507/1668/473
f 502/1669/474 504/1670/474 506/1671/474
f 503/1672/475 504/1673/475 507/1674/475
f 501/1675/476 504/1676/476 505/1677/476
f 511/1678/477 509/1679/477 512/1680/477
f 511/1681/478 510/1682/478 513/1683/478
f 511/1684/479 508/1685/479 514/1686/479
f 509/1687/480 511/1688/480 513/1689/480
f 510/1690/481 511/1691/481 514/1692/481
f 508/1693/482 511/1694/482 512/1695/482
f 518/1696/483 516/1697/483 519/1698/483
f 518/1699/484 517/1700/484 520/1701/484
f 518/1702/485 515/1703/485 521/1704/485
f 516/1705/486 518/1706/486 520/1707/486
f 517/1708/487 518/1709/487 521/1710/487
f 515/1711/488 518/1712/488 519/1713/488
f 525/1714/489 523/1715/489 526/1716/489
f 525/1717/490 524/1718/490 527/1719/490
f 525/1720/491 522/1721/491 528/1722/491
f 523/1723/492 525/1724/492 527/1725/492
f 524/1726/493 525/1727/493 528/1728/493
f 522/1729/494 525/1730/494 526/1731/494
f 532/1732/495 530/1733/495 533/1734/495
f 532/1735/496 531/1736/496 534/1737/496
f 532/1738/497 529/1739/497 535/1740/497
f 530/1741/498 532/1742/498 534/1743/498
f 531/1744/499 532/1745/499 535/1746/499
f 529/1747/500 532/1748/500 533/1749/500
f 539/1750/501 537/1751/501 540/1752/501
f 539/1753/502 538/1754/502 541/1755/502
f 539/1756/503 536/1757/503 542/1758/503
f 537/1759/504 539/1760/504 541/1761/504
f 538/1762/505 539/1763/505 542/1764/505
f 536/1765/506 539/1766/506 540/1767/506
f 546/1768/507 544/1769/507 547/1770/507
f 546/1771/508 545/1772/508 548/1773/508
f 546/1774/509 543/1775/509 549/1776/509
f 544/1777/510 546/1778/510 548/1779/510
f 545/1780/511 546/1781/511 549/1782/511
f 543/1783/512 546/1784/512 547/1785/512
f 553/1786/513 551/1787/513 554/1788/513
f 553/1789/514 552/1790/514 555/1791/514
f 553/1792/515 550/1793/515 556/1794/515
f 551/1795/516 553/1796/516 555/1797/516
f 552/1798/517 553/1799/517 556/1800/517
f 550/1801/518 553/1802/518 554/1803/518
f 560/1804/519 558/1805/519 561/1806/519
f 560/1807/520 559/1808/520 562/1809/520
f 560/1810/521 557/1811/521 563/1812/521
f 558/1813/522 560/1814/522 562/1815/522
f 559/1816/523 560/1817/523 563/1818/523
f 557/1819/524 560/1820/524 561/1821/524
f 567/1822/525 565/1823/525 568/1824/525
f 567/1825/526 566/1826/526 569/1827/526
f 567/1828/527 564/1829/527 570/1830/527
f 565/1831/528 567/1832/528 569/1833/528
f 566/1834/529 567/1835/529 570/1836/529
f 564/1837/530 567/1838/530 568/1839/530
f 574/1840/531 572/1841/531 575/1842/531
f 574/1843/532 573/1844/532 576/1845/532
f 574/1846/533 571/1847/533 577/1848/533
f 572/1849/534 574/1850/534 576/1851/534
f 573/1852/535 574/1853/535 577/1854/535
f 571/1855/536 574/1856/536 575/1857/536
f 581/1858/537 579/1859/537 582/1860/537
f 581/1861/538 580/1862/538 583/1863/538
f 581/1864/539 578/1865/539 584/1866/539
f 579/1867/540 581/1868/540 583/1869/540
f 580/1870/541 581/1871/541 584/1872/541
f 578/1873/542 581/1874/542 582/1875/542
f 588/1876/543 586/1877/543 589/1878/543
f 588/1879/544 587/1880/544 590/1881/544
f 588/1882/545 585/1883/545 591/1884/545
f 586/1885/546 588/1886/546 590/1887/546
f 587/1888/547 588/1889/547 591/1890/547
f 585/1891/548 588/1892/548 589/1893/548
f 595/1894/549 593/1895/549 596/1896/549
f 595/1897/550 594/1898/550 597/1899/550
f 595/1900/551 592/1901/551 598/1902/551
f 593/1903/552 595/1904/552 597/1905/552
f 594/1906/553 595/1907/553 598/1908/553
f 592/1909/554 595/1910/554 596/1911/554
f 602/1912/555 600/1913/555 603/1914/555
f 602/1915/556 601/1916/556 604/1917/556
f 602/1918/557 599/1919/557 605/1920/557
f 600/1921/558 602/1922/558 604/1923/558
f 601/1924/559 602/1925/559 605/1926/559
f 599/1927/560 602/1928/560 603/1929/560
f 609/1930/561 607/1931/561 610/1932/561
f 609/1933/562 608/1934/562 611/1935/562
f 609/1936/563 606/1937/563 612/1938/563
f 607/1939/564 609/1940/564 611/1941/564
f 608/1942/565 609/1943/565 612/1944/565
f 606/1945/566 609/1946/566 610/1947/566
f 616/1948/567 614/1949/567 617/1950/567
f 616/1951/568 615/1952/568 618/1953/568
f 616/1954/569 613/1955/569 619/1956/569
f 614/1957/570 616/1958/570 618/1959/570
f 615/1960/571 616/1961/571 619/1962/571
f 613/1963/572 616/1964/572 617/1965/572
f 623/1966/573 621/1967/573 624/1968/573
f 623/1969/574 622/1970/574 625/1971/574
f 623/1972/575 620/1973/575 626/1974/575
f 621/1975/576 623/1976/576 625/1977/576
f 622/1978/577 623/1979/577 626/1980/577
f 620/1981/578 623/1982/578 624/1983/578
f 630/1984/579 628/1985/579 631/1986/579
f 630/1987/580 629/1988/580 632/1989/580
f 630/1990/581 627/1991/581 633/1992/581
f 628/1993/582 630/1994/582 632/1995/582
f 629/1996/583 630/1997/583 633/1998/583
f 627/1999/584 630/2000/584 631/2001/584
f 645/2002/585 644/2003/585 647/2004/585
f 645/2005/586 642/2006/586 648/2007/586
f 643/2008/587 645/2009/587 647/2010/587
f 644/2011/588 645/2012/588 648/2013/588
f 642/2014/589 645/2015/589 646/2016/589
f 652/2017/590 650/2018/590 653/2019/590
f 652/2020/591 651/2021/591 654/2022/591
f 652/2023/592 649/2024/592 655/2025/592
f 650/2026/593 652/2027/593 654/2028/593
f 651/2029/594 652/2030/594 655/2031/594
f 649/2032/595 652/2033/595 653/2034/595
f 659/2035/596 657/2036/596 660/2037/596
f 659/2038/597 658/2039/597 661/2040/597
f 659/2041/598 656/2042/598 662/2043/598
f 657/2044/599 659/2045/599 661/2046/599
f 658/2047/600 659/2048/600 662/2049/600
f 656/2050/601 659/2051/601 660/2052/601
f 666/2053/602 664/2054/602 667/2055/602
f 666/2056/603 665/2057/603 668/2058/603
f 666/2059/604 663/2060/604 669/2061/604
f 664/2062/605 666/2063/605 668/2064/605
f 665/2065/606 666/2066/606 669/2067/606
f 663/2068/607 666/2069/607 667/2070/607
f 673/2071/608 671/2072/608 674/2073/608
f 673/2074/609 672/2075/609 675/2076/609
f 673/2077/610 670/2078/610 676/2079/610
f 671/2080/611 673/2081/611 675/2082/611
f 672/2083/612 673/2084/612 676/2085/612
f 670/2086/613 673/2087/613 674/2088/613
f 680/2089/614 678/2090/614 681/2091/614
f 680/2092/615 679/2093/615 682/2094/615
f 680/2095/616 677/2096/616 683/2097/616
f 678/2098/617 680/2099/617 682/2100/617
f 679/2101/618 680/2102/618 683/2103/618
f 677/2104/619 680/2105/619 681/2106/619
f 805/2107/620 803/2108/620 806/2109/620
f 795/2110/621 798/2111/621 799/2112/621
f 797/2113/622 798/2114/622 801/2115/622
f 796/2116/623 798/2117/623 800/2118/623
f 798/2119/624 795/2120/624 801/2121/624
f 798/2122/625 797/2123/625 800/2124/625
f 798/2125/626 796/2126/626 799/2127/626
f 689/2128/627 686/2129/627 685/2130/627
f 687/2131/628 686/2132/628 794/2133/628
f 688/2134/629 686/2135/629 684/2136/629
f 686/2137/630 689/2138/630 794/2139/630
f 686/2140/631 687/2141/631 684/2142/631
f 686/2143/632 688/2144/632 685/2145/632
f 696/2146/633 693/2147/633 692/2148/633
f 694/2149/634 693/2150/634 690/2151/634
f 695/2152/635 693/2153/635 691/2154/635
f 693/2155/636 696/2156/636 690/2157/636
f 693/2158/637 694/2159/637 691/2160/637
f 693/2161/638 695/2162/638 692/2163/638
f 703/2164/639 700/2165/639 699/2166/639
f 701/2167/640 700/2168/640 697/2169/640
f 702/2170/641 700/2171/641 698/2172/641
f 700/2173/642 703/2174/642 697/2175/642
f 700/2176/643 701/2177/643 698/2178/643
f 700/2179/644 702/2180/644 699/2181/644
f 710/2182/645 707/2183/645 706/2184/645
f 708/2185/646 707/2186/646 704/2187/646
f 709/2188/647 707/2189/647 705/2190/647
f 707/2191/648 710/2192/648 704/2193/648
f 707/2194/649 708/2195/649 705/2196/649
f 707/2197/650 709/2198/650 706/2199/650
f 717/2200/651 714/2201/651 713/2202/651
f 715/2203/652 714/2204/652 711/2205/652
f 716/2206/653 714/2207/653 712/2208/653
f 714/2209/654 717/2210/654 711/2211/654
f 714/2212/655 715/2213/655 712/2214/655
f 714/2215/656 716/2216/656 713/2217/656
f 724/2218/657 721/2219/657 720/2220/657
f 722/2221/658 721/2222/658 718/2223/658
f 723/2224/659 721/2225/659 719/2226/659
f 721/2227/660 724/2228/660 718/2229/660
f 721/2230/661 722/2231/661 719/2232/661
f 721/2233/662 723/2234/662 720/2235/662
f 731/2236/663 728/2237/663 727/2238/663
f 729/2239/664 728/2240/664 725/2241/664
f 730/2242/665 728/2243/665 726/2244/665
f 728/2245/666 731/2246/666 725/2247/666
f 728/2248/667 729/2249/667 726/2250/667
f 728/2251/668 730/2252/668 727/2253/668
f 738/2254/669 735/2255/669 734/2256/669
f 736/2257/670 735/2258/670 732/2259/670
f 737/2260/671 735/2261/671 733/2262/671
f 735/2263/672 738/2264/672 732/2265/672
f 735/2266/673 736/2267/673 733/2268/673
f 735/2269/674 737/2270/674 734/2271/674
f 777/2272/675 778/2273/675 742/2274/675 743/2275/675
f 781/2276/676 776/2277/676 744/2278/676 739/2279/676
f 780/2280/677 781/2281/677 739/2282/677 740/2283/677
f 778/2284/678 779/2285/678 741/2286/678 742/2287/678
f 776/2288/679 777/2289/679 743/2290/679 744/2291/679
f 779/2292/680 780/2293/680 740/2294/680 741/2295/680
f 739/2296/681 744/2297/681 745/2298/681 750/2299/681
f 743/2300/682 742/2301/682 747/2302/682 746/2303/682
f 741/2304/683 740/2305/683 749/2306/683 748/2307/683
f 744/2308/684 743/2309/684 746/2310/684 745/2311/684
f 742/2312/685 741/2313/685 748/2314/685 747/2315/685
f 740/2316/686 739/2317/686 750/2318/686 749/2319/686
f 748/2320/687 749/2321/687 752/2322/687 753/2323/687
f 746/2324/688 747/2325/688 754/2326/688 755/2327/688
f 750/2328/689 745/2329/689 756/2330/689 751/2331/689
f 749/2332/690 750/2333/690 751/2334/690 752/2335/690
f 747/2336/691 748/2337/691 753/2338/691 754/2339/691
f 745/2340/692 746/2341/692 755/2342/692 756/2343/692
f 752/2344/693 751/2345/693 762/2346/693 761/2347/693
f 751/2348/694 756/2349/694 757/2350/694 762/2351/694
f 755/2352/695 754/2353/695 759/2354/695 758/2355/695
f 753/2356/696 752/2357/696 761/2358/696 760/2359/696
f 756/2360/697 755/2361/697 758/2362/697 757/2363/697
f 754/2364/698 753/2365/698 760/2366/698 759/2367/698
f 757/2368/699 758/2369/699 767/2370/699 768/2371/699
f 760/2372/700 761/2373/700 764/2374/700 765/2375/700
f 758/2376/701 759/2377/701 766/2378/701 767/2379/701
f 762/2380/702 757/2381/702 768/2382/702 763/2383/702
f 761/2384/703 762/2385/703 763/2386/703 764/2387/703
f 759/2388/704 760/2389/704 765/2390/704 766/2391/704
f 766/2392/705 765/2393/705 772/2394/705 771/2395/705
f 764/2396/706 763/2397/706 774/2398/706 773/2399/706
f 763/2400/707 768/2401/707 769/2402/707 774/2403/707
f 767/2404/708 766/2405/708 771/2406/708 770/2407/708
f 765/2408/709 764/2409/709 773/2410/709 772/2411/709
f 768/2412/710 767/2413/710 770/2414/710 769/2415/710
f 771/2416/711 772/2417/711 775/2418/711
f 769/2419/712 770/2420/712 775/2421/712
f 772/2422/713 773/2423/713 775/2424/713
f 770/2425/714 771/2426/714 775/2427/714
f 774/2428/715 769/2429/715 775/2430/715
f 773/2431/716 774/2432/716 775/2433/716
f 787/2434/717 781/2435/717 780/2436/717 786/2437/717
f 786/2438/718 780/2439/718 779/2440/718 785/2441/718
f 785/2442/719 779/2443/719 778/2444/719 784/2445/719
f 784/2446/720 778/2447/720 777/2448/720 783/2449/720
f 783/2450/721 777/2451/721 776/2452/721 782/2453/721
f 782/2454/722 776/2455/722 781/2456/722 787/2457/722
f 793/2458/723 787/2459/723 786/2460/723 792/2461/723
f 792/2462/724 786/2463/724 785/2464/724 791/2465/724
f 791/2466/725 785/2467/725 784/2468/725 790/2469/725
f 790/2470/726 784/2471/726 783/2472/726 789/2473/726
f 789/2474/727 783/2475/727 782/2476/727 788/2477/727
f 788/2478/728 782/2479/728 787/2480/728 793/2481/728
f 793/2482/1 792/2483/1 791/2484/1 790/2485/1 789/2486/1 788/2487/1
f 805/2488/729 804/2489/729 807/2490/729
f 805/2491/730 802/2492/730 808/2493/730
f 803/2494/731 805/2495/731 807/2496/731
f 804/2497/732 805/2498/732 808/2499/732
f 802/2500/733 805/2501/733 806/2502/733
f 812/2503/734 810/2504/734 813/2505/734
f 812/2506/735 811/2507/735 814/2508/735
f 812/2509/736 809/2510/736 815/2511/736
f 810/2512/737 812/2513/737 814/2514/737
f 811/2515/738 812/2516/738 815/2517/738
f 809/2518/739 812/2519/739 813/2520/739
f 819/2521/740 817/2522/740 820/2523/740
f 819/2524/741 818/2525/741 821/2526/741
f 819/2527/742 816/2528/742 822/2529/742
f 817/2530/743 819/2531/743 821/2532/743
f 818/2533/744 819/2534/744 822/2535/744
f 816/2536/745 819/2537/745 820/2538/745
f 826/2539/746 824/2540/746 827/2541/746
f 826/2542/747 825/2543/747 828/2544/747
f 826/2545/748 823/2546/748 829/2547/748
f 824/2548/749 826/2549/749 828/2550/749
f 825/2551/750 826/2552/750 829/2553/750
f 823/2554/751 826/2555/751 827/2556/751
f 833/2557/752 831/2558/752 834/2559/752
f 833/2560/753 832/2561/753 835/2562/753
f 833/2563/754 830/2564/754 836/2565/754
f 831/2566/755 833/2567/755 835/2568/755
f 832/2569/756 833/2570/756 836/2571/756
f 830/2572/757 833/2573/757 834/2574/757
f 840/2575/758 838/2576/758 841/2577/758
f 840/2578/759 839/2579/759 842/2580/759
f 840/2581/760 837/2582/760 843/2583/760
f 838/2584/761 840/2585/761 842/2586/761
f 839/2587/762 840/2588/762 843/2589/762
f 837/2590/763 840/2591/763 841/2592/763
